City,State,State Code,Is Capital,id,Weather,Temperature,Humidity,Wind Speed
Holtsville,New York,NY,False,36,Clouds,0.29,44,10.8
Agawam,Massachusetts,MA,False,25,Clouds,-0.73,48,9.77
Belchertown,Massachusetts,MA,False,25,Clouds,-2.49,46,1.79
Blandford,Massachusetts,MA,False,25,Clouds,-4.03,52,8.75
Bondsville,Massachusetts,MA,False,25,Clouds,-2.26,41,1.79
Chicopee,Massachusetts,MA,False,25,Clouds,-0.71,48,9.77
Cummington,Massachusetts,MA,False,25,Clouds,-4.91,63,3.13
Easthampton,Massachusetts,MA,False,25,Clouds,-1.65,53,8.75
East Longmeadow,Massachusetts,MA,False,25,Clouds,-0.91,47,9.77
East Otis,Massachusetts,MA,False,25,Clouds,-4.78,62,5.84
Feeding Hills,Massachusetts,MA,False,25,Clouds,-1.09,49,9.77
Leverett,Massachusetts,MA,False,25,Clouds,-2.77,55,3.13
North Amherst,Massachusetts,MA,False,25,Clouds,-2.16,54,3.13
North Hatfield,Massachusetts,MA,False,25,Clouds,-2.1,55,3.13
Oakham,Massachusetts,MA,False,25,Clear,-3.68,53,10.29
Shutesbury,Massachusetts,MA,False,25,Clouds,-4.56,57,5.66
South Barre,Massachusetts,MA,False,25,Clouds,-3.34,55,6.75
South Hadley,Massachusetts,MA,False,25,Clouds,-1.72,50,8.75
Southwick,Massachusetts,MA,False,25,Clouds,-1.48,51,8.75
Ware,Massachusetts,MA,False,25,Clouds,-2.33,40,6.24
West Hatfield,Massachusetts,MA,False,25,Clouds,-1.92,55,3.13
West Warren,Massachusetts,MA,False,25,Clouds,-2.52,42,6.36
Whately,Massachusetts,MA,False,25,Clouds,-2.21,56,3.13
Wilbraham,Massachusetts,MA,False,25,Clouds,-1.01,45,9.77
Woronoco,Massachusetts,MA,False,25,Clouds,-1.5,52,8.75
Longmeadow,Massachusetts,MA,False,25,Clouds,-0.82,47,9.77
Indian Orchard,Massachusetts,MA,False,25,Clouds,-0.8,44,9.77
Ashley Falls,Massachusetts,MA,False,25,Clouds,-2.97,69,6.18
Becket,Massachusetts,MA,False,25,Clouds,-5.03,69,1.34
Great Barrington,Massachusetts,MA,False,25,Clouds,-3.09,70,2.24
Housatonic,Massachusetts,MA,False,25,Clouds,-3.34,70,2.24
Lenox Dale,Massachusetts,MA,False,25,Clouds,-4.21,66,7.72
Mill River,Massachusetts,MA,False,25,Clouds,-2.88,57,1.34
North Egremont,Massachusetts,MA,False,25,Clouds,-3.31,68,2.24
Sandisfield,Massachusetts,MA,False,25,Clouds,-5.41,70,0.89
South Egremont,Massachusetts,MA,False,25,Clouds,-3.11,70,2.24
South Lee,Massachusetts,MA,False,25,Clouds,-3.65,67,7.72
Tyringham,Massachusetts,MA,False,25,Clouds,-4.0,69,1.34
West Stockbridge,Massachusetts,MA,False,25,Clouds,-3.95,66,7.72
Bernardston,Massachusetts,MA,False,25,Clouds,-3.25,59,2.24
Charlemont,Massachusetts,MA,False,25,Clouds,-4.58,52,4.47
Colrain,Massachusetts,MA,False,25,Clouds,-4.84,63,6.11
Erving,Massachusetts,MA,False,25,Clouds,-3.35,55,5.66
Millers Falls,Massachusetts,MA,False,25,Clouds,-2.97,57,5.66
Monroe Bridge,Massachusetts,MA,False,25,Clouds,-5.88,56,6.17
Petersham,Massachusetts,MA,False,25,Clouds,-4.18,46,5.66
Royalston,Massachusetts,MA,False,25,Clouds,-4.45,55,5.66
Shelburne Falls,Massachusetts,MA,False,25,Clouds,-3.91,63,4.47
South Deerfield,Massachusetts,MA,False,25,Clouds,-2.56,57,1.34
Turners Falls,Massachusetts,MA,False,25,Clouds,-2.79,57,2.24
Wendell Depot,Massachusetts,MA,False,25,Clouds,-3.43,54,5.66
Fitchburg,Massachusetts,MA,False,25,Clouds,-2.92,50,11.32
Ashburnham,Massachusetts,MA,False,25,Clouds,-4.43,53,11.32
Ayer,Massachusetts,MA,False,25,Clouds,-2.6,51,11.32
Devens,Massachusetts,MA,False,25,Clouds,-2.6,50,11.32
Baldwinville,Massachusetts,MA,False,25,Clouds,-4.05,56,5.66
East Templeton,Massachusetts,MA,False,25,Clouds,-4.21,56,6.66
Leominster,Massachusetts,MA,False,25,Clouds,-2.7,49,11.32
Pepperell,Massachusetts,MA,False,25,Clouds,-2.9,51,9.26
Still River,Massachusetts,MA,False,25,Clouds,-2.85,50,11.32
West Groton,Massachusetts,MA,False,25,Clouds,-2.66,51,11.32
West Townsend,Massachusetts,MA,False,25,Clouds,-2.92,52,1.34
Winchendon,Massachusetts,MA,False,25,Clear,-4.67,57,4.63
Winchendon Springs,Massachusetts,MA,False,25,Clear,-4.81,57,4.63
Boylston,Massachusetts,MA,False,25,Clear,-3.09,51,10.29
Charlton,Massachusetts,MA,False,25,Clear,-3.16,51,10.29
Charlton City,Massachusetts,MA,False,25,Clear,-3.07,51,10.29
Charlton Depot,Massachusetts,MA,False,25,Clear,-3.32,50,10.29
East Brookfield,Massachusetts,MA,False,25,Clear,-2.77,49,10.29
East Princeton,Massachusetts,MA,False,25,Clouds,-3.29,51,11.32
Fiskdale,Massachusetts,MA,False,25,Clouds,-2.75,49,9.39
Manchaug,Massachusetts,MA,False,25,Clouds,-2.37,53,5.81
New Braintree,Massachusetts,MA,False,25,Clouds,-3.57,46,6.66
Northborough,Massachusetts,MA,False,25,Clouds,-2.44,50,4.47
Northbridge,Massachusetts,MA,False,25,Clouds,-2.29,52,4.02
North Grafton,Massachusetts,MA,False,25,Clear,-2.39,51,10.29
North Oxford,Massachusetts,MA,False,25,Clear,-2.61,51,10.29
North Uxbridge,Massachusetts,MA,False,25,Clouds,-1.94,55,2.24
Rochdale,Massachusetts,MA,False,25,Clear,-3.01,51,10.29
Southbridge,Massachusetts,MA,False,25,Clouds,-2.34,50,9.39
South Grafton,Massachusetts,MA,False,25,Clouds,-5.98,66,4.63
South Lancaster,Massachusetts,MA,False,25,Clouds,-2.55,50,11.32
Sturbridge,Massachusetts,MA,False,25,Clouds,-2.62,49,9.39
Uxbridge,Massachusetts,MA,False,25,Clouds,-1.93,55,5.81
Westborough,Massachusetts,MA,False,25,Clouds,-2.39,50,4.47
West Boylston,Massachusetts,MA,False,25,Clear,-2.77,52,10.29
West Brookfield,Massachusetts,MA,False,25,Clouds,-2.72,45,6.65
West Millbury,Massachusetts,MA,False,25,Clear,-2.84,52,10.29
Whitinsville,Massachusetts,MA,False,25,Clouds,-2.19,55,4.02
Framingham,Massachusetts,MA,False,25,Clouds,-2.06,51,5.36
Village Of Nagog Woods,Massachusetts,MA,False,25,Clouds,-2.67,51,5.66
Boxborough,Massachusetts,MA,False,25,Clouds,-2.92,51,5.66
Fayville,Massachusetts,MA,False,25,Clouds,-2.4,51,4.02
Holliston,Massachusetts,MA,False,25,Clouds,-2.06,53,4.02
Natick,Massachusetts,MA,False,25,Clouds,-2.04,50,5.36
Sherborn,Massachusetts,MA,False,25,Clouds,-2.01,51,5.36
Southborough,Massachusetts,MA,False,25,Clouds,-2.47,51,4.47
Sudbury,Massachusetts,MA,False,25,Clouds,-2.36,51,5.66
Woburn,Massachusetts,MA,False,25,Clouds,-2.18,48,9.26
Billerica,Massachusetts,MA,False,25,Clouds,-2.67,50,5.66
Chelmsford,Massachusetts,MA,False,25,Clouds,-2.44,51,5.66
Dracut,Massachusetts,MA,False,25,Clouds,-2.76,50,7.72
Dunstable,Massachusetts,MA,False,25,Clouds,-2.78,51,9.26
Methuen,Massachusetts,MA,False,25,Clouds,-2.94,49,7.72
North Andover,Massachusetts,MA,False,25,Clouds,-3.08,48,7.72
North Billerica,Massachusetts,MA,False,25,Clouds,-2.45,50,7.72
North Chelmsford,Massachusetts,MA,False,25,Clouds,-2.6,51,9.26
North Reading,Massachusetts,MA,False,25,Clear,-2.27,49,7.72
Nutting Lake,Massachusetts,MA,False,25,Clouds,-2.5,49,5.66
Tewksbury,Massachusetts,MA,False,25,Clouds,-2.49,49,7.72
West Boxford,Massachusetts,MA,False,25,Clouds,-3.02,48,7.72
Saugus,Massachusetts,MA,False,25,Clouds,-1.92,48,9.26
Swampscott,Massachusetts,MA,False,25,Clear,-1.92,47,9.26
Nahant,Massachusetts,MA,False,25,Clouds,-1.89,47,9.26
Amesbury,Massachusetts,MA,False,25,Clouds,-3.03,49,3.13
Boxford,Massachusetts,MA,False,25,Clear,-2.67,48,7.72
Byfield,Massachusetts,MA,False,25,Clouds,-2.87,49,7.72
Hathorne,Massachusetts,MA,False,25,Clear,-2.45,48,7.72
Lynnfield,Massachusetts,MA,False,25,Clear,-2.17,48,9.26
Marblehead,Massachusetts,MA,False,25,Clear,-1.82,47,9.26
Newburyport,Massachusetts,MA,False,25,Clouds,-2.75,49,3.13
Prides Crossing,Massachusetts,MA,False,25,Clear,-1.96,48,7.72
South Hamilton,Massachusetts,MA,False,25,Clear,-2.3,49,7.72
Wenham,Massachusetts,MA,False,25,Clear,-2.33,49,7.72
Brant Rock,Massachusetts,MA,False,25,Clear,-0.81,51,6.17
East Walpole,Massachusetts,MA,False,25,Clouds,-1.74,48,9.83
Green Harbor,Massachusetts,MA,False,25,Clear,-0.78,50,8.75
Humarock,Massachusetts,MA,False,25,Clear,-0.87,49,6.17
Marshfield Hills,Massachusetts,MA,False,25,Clear,-1.07,49,6.17
Medfield,Massachusetts,MA,False,25,Clouds,-1.92,51,3.13
Millis,Massachusetts,MA,False,25,Clouds,-1.87,52,4.47
North Marshfield,Massachusetts,MA,False,25,Clear,-0.98,49,6.17
Norwell,Massachusetts,MA,False,25,Clear,-0.96,49,6.17
Ocean Bluff,Massachusetts,MA,False,25,Clear,-0.84,51,6.17
Scituate,Massachusetts,MA,False,25,Clear,-0.93,46,6.17
Sheldonville,Massachusetts,MA,False,25,Snow,-1.97,52,7.15
South Walpole,Massachusetts,MA,False,25,Clouds,-1.95,50,5.36
Wrentham,Massachusetts,MA,False,25,Clear,-1.98,51,7.15
Roxbury Crossing,Massachusetts,MA,False,25,Clouds,-1.77,47,9.26
Dorchester Center,Massachusetts,MA,False,25,Clouds,-1.75,47,9.83
Mattapan,Massachusetts,MA,False,25,Clouds,-1.68,47,9.83
Jamaica Plain,Massachusetts,MA,False,25,Clouds,-1.77,48,9.26
Roslindale,Massachusetts,MA,False,25,Clouds,-1.71,48,9.83
West Roxbury,Massachusetts,MA,False,25,Clouds,-2.01,48,9.83
Allston,Massachusetts,MA,False,25,Clouds,-1.77,48,9.26
Readville,Massachusetts,MA,False,25,Clouds,-1.67,48,9.83
West Medford,Massachusetts,MA,False,25,Clouds,-1.87,48,9.26
Braintree,Massachusetts,MA,False,25,Clouds,-1.57,48,9.83
Milton Village,Massachusetts,MA,False,25,Clouds,-1.77,47,9.83
Weymouth,Massachusetts,MA,False,25,Clouds,-1.42,48,9.26
East Weymouth,Massachusetts,MA,False,25,Clouds,-1.29,48,9.26
South Weymouth,Massachusetts,MA,False,25,Clouds,-1.4,48,2.24
East Boston,Massachusetts,MA,False,25,Clouds,-1.81,48,9.26
Bryantville,Massachusetts,MA,False,25,Clear,-0.91,50,8.75
Duxbury,Massachusetts,MA,False,25,Clear,-0.68,51,8.75
East Bridgewater,Massachusetts,MA,False,25,Clouds,-0.91,50,3.6
Middleboro,Massachusetts,MA,False,25,Clouds,-0.86,49,8.75
Manomet,Massachusetts,MA,False,25,Clear,-1.04,53,8.75
Monponsett,Massachusetts,MA,False,25,Clear,-0.8,51,8.75
North Carver,Massachusetts,MA,False,25,Clear,-0.89,51,8.75
North Easton,Massachusetts,MA,False,25,Clouds,-1.55,49,1.34
North Pembroke,Massachusetts,MA,False,25,Clear,-0.85,51,6.17
South Carver,Massachusetts,MA,False,25,Clear,-1.04,50,8.75
Plympton,Massachusetts,MA,False,25,Clear,-0.84,51,8.75
South Easton,Massachusetts,MA,False,25,Clouds,-1.4,49,1.79
West Bridgewater,Massachusetts,MA,False,25,Clouds,-1.05,48,3.6
White Horse Beach,Massachusetts,MA,False,25,Clear,-0.89,52,8.75
Brookline Village,Massachusetts,MA,False,25,Clouds,-1.73,48,9.26
Newton Center,Massachusetts,MA,False,25,Clouds,-3.51,49,6.69
Newton Highlands,Massachusetts,MA,False,25,Clouds,-1.94,49,9.26
Newton Lower Falls,Massachusetts,MA,False,25,Clouds,-1.85,50,5.66
Newton Upper Falls,Massachusetts,MA,False,25,Clouds,-1.93,49,9.26
Chestnut Hill,Massachusetts,MA,False,25,Clouds,-2.08,48,9.26
Waban,Massachusetts,MA,False,25,Clouds,-1.93,49,9.26
Waverley,Massachusetts,MA,False,25,Clouds,-1.92,49,9.26
Wellesley Hills,Massachusetts,MA,False,25,Clouds,-2.13,50,5.66
Wellesley,Massachusetts,MA,False,25,Clouds,-1.92,50,5.66
Needham Heights,Massachusetts,MA,False,25,Clouds,-2.04,49,3.58
Nonantum,Massachusetts,MA,False,25,Clouds,-1.76,49,9.26
Buzzards Bay,Massachusetts,MA,False,25,Clouds,-1.23,48,10.28
Cataumet,Massachusetts,MA,False,25,Clouds,-1.12,48,10.28
Chilmark,Massachusetts,MA,False,25,Clouds,-0.46,42,8.23
East Falmouth,Massachusetts,MA,False,25,Clouds,-0.87,47,9.77
East Sandwich,Massachusetts,MA,False,25,Clouds,-1.14,48,9.77
East Wareham,Massachusetts,MA,False,25,Clouds,-1.15,47,10.28
Edgartown,Massachusetts,MA,False,25,Clouds,-0.25,41,8.23
Woods Hole,Massachusetts,MA,False,25,Clouds,-0.73,49,9.77
Menemsha,Massachusetts,MA,False,25,Clouds,-0.49,42,8.23
Monument Beach,Massachusetts,MA,False,25,Clouds,-1.23,48,10.28
Nantucket,Massachusetts,MA,False,25,Clouds,-1.07,51,11.32
North Falmouth,Massachusetts,MA,False,25,Clouds,-1.06,49,10.28
Oak Bluffs,Massachusetts,MA,False,25,Clouds,-0.41,46,8.23
Onset,Massachusetts,MA,False,25,Clouds,-1.13,47,10.28
Sagamore Beach,Massachusetts,MA,False,25,Clouds,-1.27,48,9.77
Siasconset,Massachusetts,MA,False,25,Clouds,-1.01,51,11.32
Silver Beach,Massachusetts,MA,False,25,Clouds,-0.97,49,10.28
Vineyard Haven,Massachusetts,MA,False,25,Clouds,-0.52,45,8.23
Wareham,Massachusetts,MA,False,25,Clear,-0.9,46,8.75
West Chop,Massachusetts,MA,False,25,Clouds,-0.66,46,8.23
West Falmouth,Massachusetts,MA,False,25,Clouds,-1.02,49,9.77
West Tisbury,Massachusetts,MA,False,25,Clouds,-0.39,44,8.23
West Wareham,Massachusetts,MA,False,25,Clear,-1.04,47,8.75
Barnstable,Massachusetts,MA,False,25,Clear,-0.8,47,10.73
Cotuit,Massachusetts,MA,False,25,Clouds,-0.88,46,9.77
Cummaquid,Massachusetts,MA,False,25,Clear,-0.77,49,10.73
Dennis Port,Massachusetts,MA,False,25,Clouds,-0.56,48,6.17
East Dennis,Massachusetts,MA,False,25,Clear,-0.69,49,10.73
Eastham,Massachusetts,MA,False,25,Clouds,-0.57,51,3.58
East Orleans,Massachusetts,MA,False,25,Clouds,-0.53,49,3.58
Harwich,Massachusetts,MA,False,25,Clouds,-0.58,48,6.17
Harwich Port,Massachusetts,MA,False,25,Clouds,-0.46,47,6.17
Marstons Mills,Massachusetts,MA,False,25,Clouds,-0.98,47,9.77
Mashpee,Massachusetts,MA,False,25,Clouds,-1.06,46,9.77
North Eastham,Massachusetts,MA,False,25,Clouds,-0.7,51,7.6
North Truro,Massachusetts,MA,False,25,Clouds,-1.11,55,9.77
Osterville,Massachusetts,MA,False,25,Clear,-0.89,46,9.77
Provincetown,Massachusetts,MA,False,25,Clouds,-1.01,55,9.77
South Chatham,Massachusetts,MA,False,25,Clouds,-0.48,48,3.58
South Harwich,Massachusetts,MA,False,25,Clouds,-0.46,48,6.17
South Orleans,Massachusetts,MA,False,25,Clouds,-0.6,49,3.58
South Wellfleet,Massachusetts,MA,False,25,Clouds,-0.87,55,7.6
South Yarmouth,Massachusetts,MA,False,25,Clear,-0.61,48,10.73
West Barnstable,Massachusetts,MA,False,25,Clear,-0.94,47,9.77
West Chatham,Massachusetts,MA,False,25,Clouds,-0.46,47,3.58
West Dennis,Massachusetts,MA,False,25,Clear,-0.6,48,6.17
West Harwich,Massachusetts,MA,False,25,Clouds,-0.47,47,6.17
West Hyannisport,Massachusetts,MA,False,25,Clear,-0.82,46,9.77
West Yarmouth,Massachusetts,MA,False,25,Clear,-0.73,48,6.17
Yarmouth Port,Massachusetts,MA,False,25,Clear,-0.75,49,10.73
Assonet,Massachusetts,MA,False,25,Clouds,-1.12,47,3.6
Attleboro,Massachusetts,MA,False,25,Clouds,-1.81,49,6.17
Chartley,Massachusetts,MA,False,25,Clouds,-1.7,49,2.24
Cuttyhunk,Massachusetts,MA,False,25,Clear,-0.74,59,13.04
Dartmouth,Massachusetts,MA,False,25,Clear,-0.51,50,6.69
East Freetown,Massachusetts,MA,False,25,Clear,-0.86,46,6.69
East Taunton,Massachusetts,MA,False,25,Clouds,-0.99,47,3.6
Fairhaven,Massachusetts,MA,False,25,Clear,-0.42,49,9.83
Mattapoisett,Massachusetts,MA,False,25,Clear,-0.56,49,9.83
Acushnet,Massachusetts,MA,False,25,Clear,-0.54,48,6.69
North Dartmouth,Massachusetts,MA,False,25,Clear,-0.71,49,6.69
South Dartmouth,Massachusetts,MA,False,25,Clear,-0.57,50,9.83
North Attleboro,Massachusetts,MA,False,25,Clouds,-1.9,51,9.39
Attleboro Falls,Massachusetts,MA,False,25,Clouds,-1.84,51,6.17
North Dighton,Massachusetts,MA,False,25,Clouds,-1.24,48,7.6
Raynham,Massachusetts,MA,False,25,Clouds,-1.33,48,3.6
Raynham Center,Massachusetts,MA,False,25,Clouds,-1.18,48,3.6
Seekonk,Massachusetts,MA,False,25,Clouds,-1.25,48,7.72
Westport Point,Massachusetts,MA,False,25,Clear,-0.73,51,6.69
Ashaway,Rhode Island,RI,False,44,Clear,-0.09,45,5.36
Block Island,Rhode Island,RI,False,44,Clouds,0.0,54,4.92
Chepachet,Rhode Island,RI,False,44,Snow,-2.05,53,7.15
West Greenwich,Rhode Island,RI,False,44,Clear,-1.59,47,4.02
East Greenwich,Rhode Island,RI,False,44,Clouds,-0.83,46,10.8
Fiskeville,Rhode Island,RI,False,44,Clouds,-1.1,46,10.8
Forestdale,Massachusetts,MA,False,25,Clouds,-1.32,47,9.77
Hope Valley,Rhode Island,RI,False,44,Clear,-0.41,48,5.36
Little Compton,Rhode Island,RI,False,44,Clear,-0.6,52,9.54
Mapleville,Rhode Island,RI,False,44,Clouds,-1.97,52,7.15
North Kingstown,Rhode Island,RI,False,44,Clouds,-0.69,46,10.8
North Scituate,Massachusetts,MA,False,25,Clear,-1.05,47,6.17
Pascoag,Rhode Island,RI,False,44,Clouds,-2.27,53,6.71
Pawtucket,Rhode Island,RI,False,44,Clouds,-1.47,48,7.72
Central Falls,Rhode Island,RI,False,44,Clouds,-1.52,48,7.72
Prudence Island,Rhode Island,RI,False,44,Clouds,-0.69,46,10.8
Saunderstown,Rhode Island,RI,False,44,Clouds,-0.58,47,10.8
Shannock,Rhode Island,RI,False,44,Clear,-0.5,47,3.6
Slatersville,Rhode Island,RI,False,44,Clouds,-1.85,54,6.71
Slocum,Rhode Island,RI,False,44,Clouds,-0.8,47,10.8
Tiverton,Rhode Island,RI,False,44,Clear,-1.13,49,6.69
Narragansett,Rhode Island,RI,False,44,Clouds,-0.52,47,10.8
Westerly,Rhode Island,RI,False,44,Clear,0.07,44,5.81
West Kingston,Rhode Island,RI,False,44,Clouds,-0.66,47,10.8
West Warwick,Rhode Island,RI,False,44,Clouds,-0.98,45,10.8
Wood River Junction,Rhode Island,RI,False,44,Clear,-0.26,46,5.36
North Smithfield,Rhode Island,RI,False,44,Snow,-1.9,54,6.17
Cranston,Rhode Island,RI,False,44,Clouds,-1.05,46,7.72
North Providence,Rhode Island,RI,False,44,Clouds,-1.55,48,7.72
East Providence,Rhode Island,RI,False,44,Clouds,-1.22,47,7.72
Candia,New Hampshire,NH,False,33,Clouds,-4.21,52,0.45
East Candia,New Hampshire,NH,False,33,Clouds,-4.12,52,0.45
East Derry,New Hampshire,NH,False,33,Clouds,-3.91,52,6.26
Epping,New Hampshire,NH,False,33,Clouds,-3.47,49,1.34
Francestown,New Hampshire,NH,False,33,Clouds,-5.29,56,0.89
Goffstown,New Hampshire,NH,False,33,Clouds,-4.19,53,5.81
Dunbarton,New Hampshire,NH,False,33,Clouds,-5.12,53,8.23
Merrimack,New Hampshire,NH,False,33,Clouds,-3.21,52,9.26
Mont Vernon,New Hampshire,NH,False,33,Clouds,-4.95,53,9.26
New Ipswich,New Hampshire,NH,False,33,Clear,-5.03,56,5.36
Lyndeborough,New Hampshire,NH,False,33,Clouds,-5.05,54,3.13
Hooksett,New Hampshire,NH,False,33,Clouds,-3.85,52,8.23
Waterville Valley,New Hampshire,NH,False,33,Clouds,-9.55,64,3.82
Barnstead,New Hampshire,NH,False,33,Clouds,-4.94,58,0.89
Center Barnstead,New Hampshire,NH,False,33,Clouds,-5.08,59,0.89
Center Harbor,New Hampshire,NH,False,33,Clouds,-7.11,64,6.26
Center Sandwich,New Hampshire,NH,False,33,Clouds,-7.16,67,1.34
Contoocook,New Hampshire,NH,False,33,Clouds,-4.54,52,8.23
Epsom,New Hampshire,NH,False,33,Clouds,-4.65,55,8.23
Glencliff,New Hampshire,NH,False,33,Clouds,-8.5,56,4.77
Henniker,New Hampshire,NH,False,33,Clouds,-4.7,54,0.89
Hill,New Hampshire,NH,False,33,Clouds,-5.35,58,2.24
Holderness,New Hampshire,NH,False,33,Clouds,-6.54,63,2.68
Gilford,New Hampshire,NH,False,33,Clouds,-6.39,58,6.17
Lochmere,New Hampshire,NH,False,33,Clouds,-5.78,58,6.17
Moultonborough,New Hampshire,NH,False,33,Clouds,-6.75,67,6.26
North Sandwich,New Hampshire,NH,False,33,Clouds,-7.33,68,1.34
North Sutton,New Hampshire,NH,False,33,Clouds,-6.5,59,3.13
North Woodstock,New Hampshire,NH,False,33,Clouds,-7.77,63,4.34
Rumney,New Hampshire,NH,False,33,Clouds,-6.94,66,2.57
Sanbornton,New Hampshire,NH,False,33,Clouds,-6.15,59,6.17
South Newbury,New Hampshire,NH,False,33,Clouds,-6.04,60,5.82
South Sutton,New Hampshire,NH,False,33,Clouds,-5.89,59,5.65
Stinson Lake,New Hampshire,NH,False,33,Clouds,-8.78,67,2.57
Suncook,New Hampshire,NH,False,33,Clouds,-4.13,52,8.23
Weare,New Hampshire,NH,False,33,Clouds,-4.94,55,1.79
Winnisquam,New Hampshire,NH,False,33,Clouds,-5.72,58,6.17
West Nottingham,New Hampshire,NH,False,33,Clouds,-4.38,54,1.79
Antrim,New Hampshire,NH,False,33,Clouds,-5.38,60,3.13
Ashuelot,New Hampshire,NH,False,33,Clouds,-3.83,54,6.17
Swanzey,New Hampshire,NH,False,33,Clouds,-4.1,55,6.17
Fitzwilliam,New Hampshire,NH,False,33,Clear,-5.83,58,6.17
Gilsum,New Hampshire,NH,False,33,Clouds,-5.22,56,6.17
Jaffrey,New Hampshire,NH,False,33,Clear,-5.51,58,4.63
Peterborough,New Hampshire,NH,False,33,Clear,-5.25,58,4.63
Rindge,New Hampshire,NH,False,33,Clear,-5.69,58,4.63
Spofford,New Hampshire,NH,False,33,Clouds,-4.25,53,6.17
West Chesterfield,Massachusetts,MA,False,25,Clouds,-4.61,61,2.68
West Peterborough,New Hampshire,NH,False,33,Clear,-5.32,58,4.63
West Swanzey,New Hampshire,NH,False,33,Clouds,-4.21,55,6.17
Bretton Woods,New Hampshire,NH,False,33,Snow,-10.76,61,5.66
Errol,New Hampshire,NH,False,33,Clouds,-11.19,78,5.25
Sugar Hill,New Hampshire,NH,False,33,Clouds,-10.64,75,0.89
North Stratford,New Hampshire,NH,False,33,Clouds,-9.79,77,4.95
Twin Mountain,New Hampshire,NH,False,33,Snow,-10.31,63,5.66
West Stewartstown,New Hampshire,NH,False,33,Clouds,-11.84,83,5.04
Alstead,New Hampshire,NH,False,33,Clouds,-4.87,63,1.34
Drewsville,New Hampshire,NH,False,33,Clouds,-4.68,63,5.34
Lempster,New Hampshire,NH,False,33,Clouds,-7.16,63,5.85
South Acworth,New Hampshire,NH,False,33,Clouds,-5.85,63,1.34
North Walpole,New Hampshire,NH,False,33,Clouds,-4.38,63,2.24
Cornish Flat,New Hampshire,NH,False,33,Clouds,-6.73,58,0.45
Enfield Center,New Hampshire,NH,False,33,Clouds,-7.1,61,2.24
Georges Mills,New Hampshire,NH,False,33,Clouds,-6.98,58,3.13
Lyme,New Hampshire,NH,False,33,Clouds,-6.9,58,4.07
Lyme Center,New Hampshire,NH,False,33,Clouds,-7.39,58,4.13
North Haverhill,New Hampshire,NH,False,33,Clouds,-7.66,52,4.37
Orford,New Hampshire,NH,False,33,Clouds,-6.36,51,4.07
Sunapee,New Hampshire,NH,False,33,Clouds,-7.03,58,3.13
Woodsville,New Hampshire,NH,False,33,Clouds,-8.14,59,4.31
Alton Bay,New Hampshire,NH,False,33,Clouds,-5.77,56,6.17
Center Conway,New Hampshire,NH,False,33,Clouds,-6.58,57,5.14
Center Ossipee,New Hampshire,NH,False,33,Clouds,-6.29,72,5.55
Center Strafford,New Hampshire,NH,False,33,Clouds,-5.2,58,2.68
Center Tuftonboro,New Hampshire,NH,False,33,Clouds,-6.78,64,6.17
Chocorua,New Hampshire,NH,False,33,Clouds,-7.0,62,4.46
Madbury,New Hampshire,NH,False,33,Clouds,-3.65,50,2.24
East Hampstead,New Hampshire,NH,False,33,Clouds,-3.5,51,7.72
East Kingston,New Hampshire,NH,False,33,Clouds,-3.25,50,4.92
East Wakefield,New Hampshire,NH,False,33,Clouds,-5.83,45,1.79
Eaton Center,New Hampshire,NH,False,33,Clouds,-6.71,57,5.14
Hampton Falls,New Hampshire,NH,False,33,Clouds,-2.95,49,3.13
Intervale,New Hampshire,NH,False,33,Clouds,-6.94,60,5.14
Melvin Village,New Hampshire,NH,False,33,Clouds,-6.34,64,6.17
Milton Mills,New Hampshire,NH,False,33,Clouds,-5.06,49,3.13
Mirror Lake,New Hampshire,NH,False,33,Clouds,-6.35,63,6.26
New Durham,New Hampshire,NH,False,33,Clouds,-5.28,60,5.11
Newfields,New Hampshire,NH,False,33,Clouds,-3.14,49,3.13
Newmarket,New Hampshire,NH,False,33,Clouds,-3.32,50,2.24
Newton Junction,New Hampshire,NH,False,33,Clouds,-3.2,50,7.72
North Conway,New Hampshire,NH,False,33,Clouds,-6.97,59,5.14
Ossipee,New Hampshire,NH,False,33,Clouds,-6.22,56,5.64
Plaistow,New Hampshire,NH,False,33,Clouds,-3.14,50,7.72
Rollinsford,New Hampshire,NH,False,33,Clouds,-3.68,51,7.2
Rye Beach,New Hampshire,NH,False,33,Clouds,-2.9,49,2.24
Sanbornville,New Hampshire,NH,False,33,Clouds,-5.45,47,1.79
Sandown,New Hampshire,NH,False,33,Clouds,-3.53,52,4.47
Somersworth,New Hampshire,NH,False,33,Clouds,-4.05,52,7.2
South Tamworth,New Hampshire,NH,False,33,Clouds,-7.05,68,1.34
Stratham,New Hampshire,NH,False,33,Clouds,-3.18,50,3.13
Tamworth,New Hampshire,NH,False,33,Clouds,-6.96,64,4.56
West Ossipee,New Hampshire,NH,False,33,Clouds,-6.57,64,5.0
Wolfeboro,New Hampshire,NH,False,33,Clouds,-6.17,62,6.17
Wolfeboro Falls,New Hampshire,NH,False,33,Clouds,-6.18,62,6.17
Wonalancet,New Hampshire,NH,False,33,Clouds,-8.3,64,1.34
Cape Neddick,Maine,ME,False,23,Clouds,-3.79,52,6.18
Eliot,Maine,ME,False,23,Clouds,-3.39,50,2.24
Kittery,Maine,ME,False,23,Clouds,-3.23,50,1.34
Kittery Point,Maine,ME,False,23,Clouds,-3.19,50,1.34
North Berwick,Maine,ME,False,23,Clouds,-4.17,52,7.2
Ogunquit,Maine,ME,False,23,Clouds,-3.89,51,7.2
South Berwick,Maine,ME,False,23,Clouds,-3.93,51,7.2
York Beach,Maine,ME,False,23,Clouds,-3.58,52,6.69
York Harbor,Maine,ME,False,23,Clouds,-3.42,51,1.34
Bailey Island,Maine,ME,False,23,Clouds,-4.12,52,6.99
Bar Mills,Maine,ME,False,23,Clouds,-4.77,51,9.77
Biddeford,Maine,ME,False,23,Clouds,-4.16,51,0.45
Biddeford Pool,Maine,ME,False,23,Clouds,-4.08,50,8.35
Bowdoinham,Maine,ME,False,23,Clouds,-4.64,52,0.89
Bridgton,Maine,ME,False,23,Clouds,-6.78,57,3.64
Bustins Island,Maine,ME,False,23,Clouds,-4.41,52,1.79
Cape Porpoise,Maine,ME,False,23,Clear,-4.12,51,4.02
Center Lovell,Maine,ME,False,23,Clouds,-6.63,58,0.45
Chebeague Island,Maine,ME,False,23,Clouds,-4.29,50,9.77
Cliff Island,Maine,ME,False,23,Clouds,-4.09,49,9.77
Cumberland Center,Maine,ME,False,23,Clouds,-4.82,50,9.77
East Baldwin,Maine,ME,False,23,Clouds,-5.78,49,0.45
East Parsonsfield,Maine,ME,False,23,Clouds,-5.84,49,0.45
Sebago,Maine,ME,False,23,Clouds,-6.32,51,2.24
East Waterboro,Maine,ME,False,23,Clouds,-5.23,50,6.71
Fryeburg,Maine,ME,False,23,Clouds,-6.58,56,5.14
Hollis Center,Maine,ME,False,23,Clouds,-4.91,54,4.02
Kennebunk,Maine,ME,False,23,Clouds,-4.13,51,7.2
Kennebunkport,Maine,ME,False,23,Clouds,-4.1,51,7.2
Parsonsfield,Maine,ME,False,23,Clouds,-6.5,47,0.45
Limington,Maine,ME,False,23,Clouds,-5.67,50,4.81
North Bridgton,Maine,ME,False,23,Clouds,-6.82,58,1.34
North Waterboro,Maine,ME,False,23,Clouds,-5.38,50,2.68
Old Orchard Beach,Maine,ME,False,23,Clouds,-4.18,50,9.77
Scarborough,Maine,ME,False,23,Clouds,-4.39,49,9.77
Shapleigh,Maine,ME,False,23,Clouds,-5.74,50,7.2
South Casco,Maine,ME,False,23,Clouds,-5.81,52,2.24
South Freeport,Maine,ME,False,23,Clouds,-4.58,51,2.68
Harpswell,Maine,ME,False,23,Clouds,-4.53,55,2.24
Springvale,Maine,ME,False,23,Clouds,-5.13,52,7.2
Steep Falls,Maine,ME,False,23,Clouds,-5.37,48,0.45
Waterboro,Maine,ME,False,23,Clouds,-5.05,51,7.2
West Baldwin,Maine,ME,False,23,Clouds,-6.58,51,4.78
West Kennebunk,Maine,ME,False,23,Clouds,-4.37,52,7.2
West Newfield,Maine,ME,False,23,Clouds,-5.48,47,1.34
North Yarmouth,Maine,ME,False,23,Clouds,-5.1,51,4.47
South Portland,Maine,ME,False,23,Clouds,-3.97,48,9.77
Cape Elizabeth,Maine,ME,False,23,Clouds,-4.22,49,9.77
Peaks Island,Maine,ME,False,23,Clouds,-4.2,49,9.77
Cumberland Foreside,Maine,ME,False,23,Clouds,-4.42,50,9.77
Bryant Pond,Maine,ME,False,23,Clouds,-8.6,62,1.34
Buckfield,Maine,ME,False,23,Clouds,-7.77,58,3.13
Dixfield,Maine,ME,False,23,Clouds,-8.9,60,3.13
East Andover,New Hampshire,NH,False,33,Clouds,-6.24,58,1.34
East Dixfield,Maine,ME,False,23,Clouds,-8.9,58,4.84
East Livermore,Maine,ME,False,23,Clouds,-7.97,58,0.89
East Poland,Maine,ME,False,23,Clouds,-6.53,54,5.66
East Wilton,Maine,ME,False,23,Clouds,-9.12,50,4.76
Lisbon Falls,Maine,ME,False,23,Clouds,-5.2,52,5.66
Livermore Falls,Maine,ME,False,23,Clouds,-8.76,58,0.45
Mechanic Falls,Maine,ME,False,23,Clouds,-6.72,55,5.66
New Gloucester,Maine,ME,False,23,Clouds,-5.7,52,5.66
North Jay,Maine,ME,False,23,Clouds,-9.15,58,4.6
North Monmouth,Maine,ME,False,23,Clear,-7.79,54,5.66
North Turner,Maine,ME,False,23,Clouds,-7.94,58,3.13
North Waterford,Maine,ME,False,23,Clouds,-7.86,61,1.34
Rumford,Rhode Island,RI,False,44,Clouds,-1.35,47,7.72
Sabattus,Maine,ME,False,23,Clouds,-6.47,55,5.66
South Paris,Maine,ME,False,23,Clouds,-7.55,60,2.24
Weld,Maine,ME,False,23,Clouds,-10.54,64,4.47
West Bethel,Maine,ME,False,23,Clouds,-8.69,62,4.41
Bowdoin,Maine,ME,False,23,Clouds,-5.39,53,4.65
West Minot,Maine,ME,False,23,Clouds,-7.4,56,5.66
West Paris,Maine,ME,False,23,Clouds,-8.07,62,2.24
West Poland,Maine,ME,False,23,Clouds,-6.57,54,5.66
Coopers Mills,Maine,ME,False,23,Clouds,-7.32,51,1.79
East Winthrop,Maine,ME,False,23,Clear,-7.38,53,5.66
Hallowell,Maine,ME,False,23,Clear,-7.19,54,5.66
Kents Hill,Maine,ME,False,23,Clear,-8.31,55,5.66
South China,Maine,ME,False,23,Clouds,-7.87,51,5.66
South Gardiner,Maine,ME,False,23,Clear,-6.9,53,5.66
Abbot,Maine,ME,False,23,Clouds,-10.22,63,4.73
Brewer,Maine,ME,False,23,Clouds,-7.47,53,6.17
Brookton,Maine,ME,False,23,Clouds,-10.82,77,4.15
Brownville Junction,Maine,ME,False,23,Clouds,-9.71,59,4.52
Bucksport,Maine,ME,False,23,Clouds,-7.1,53,4.29
Castine,Maine,ME,False,23,Clouds,-6.75,55,5.81
Dover Foxcroft,Maine,ME,False,23,Clouds,-9.46,57,4.87
Eddington,Maine,ME,False,23,Clouds,-7.67,54,6.17
East Millinocket,Maine,ME,False,23,Clouds,-11.29,56,5.66
East Orland,Maine,ME,False,23,Clouds,-6.7,54,4.09
Greenville Junction,Maine,ME,False,23,Clouds,-12.46,61,4.63
Howland,Maine,ME,False,23,Clouds,-8.28,50,4.45
Kenduskeag,Maine,ME,False,23,Clouds,-8.19,55,6.17
Lambert Lake,Maine,ME,False,23,Clouds,-10.79,73,3.97
Mattawamkeag,Maine,ME,False,23,Clouds,-10.73,56,5.22
Millinocket,Maine,ME,False,23,Clouds,-11.39,58,5.66
Monson,Massachusetts,MA,False,25,Clouds,-11.9,68,5.02
Orono,Maine,ME,False,23,Clouds,-7.77,56,0.45
Orrington,Maine,ME,False,23,Clouds,-7.5,52,6.17
Passadumkeag,Maine,ME,False,23,Clouds,-9.25,64,4.4
Penobscot,Maine,ME,False,23,Clouds,-6.34,54,5.15
Sangerville,Maine,ME,False,23,Clouds,-10.0,59,4.73
Sebec,Maine,ME,False,23,Clouds,-9.6,57,4.77
Shirley Mills,Maine,ME,False,23,Clouds,-12.49,61,4.63
Stetson,Maine,ME,False,23,Clouds,-8.99,56,4.5
Topsfield,Massachusetts,MA,False,25,Clear,-2.59,49,7.72
Waite,Maine,ME,False,23,Clouds,-10.58,77,5.02
West Enfield,Maine,ME,False,23,Clouds,-8.34,50,4.46
Winterport,Maine,ME,False,23,Clouds,-7.08,45,6.17
Wytopitlock,Maine,ME,False,23,Clouds,-9.02,62,3.39
Alna,Maine,ME,False,23,Clouds,-6.0,60,5.06
Boothbay,Maine,ME,False,23,Clouds,-5.16,62,5.36
Boothbay Harbor,Maine,ME,False,23,Clouds,-4.97,62,6.26
Damariscotta,Maine,ME,False,23,Clouds,-5.31,64,5.24
East Boothbay,Maine,ME,False,23,Clouds,-4.96,63,6.26
Isle Of Springs,Maine,ME,False,23,Clouds,-4.89,60,5.36
New Harbor,Maine,ME,False,23,Clouds,-5.03,67,6.26
Nobleboro,Maine,ME,False,23,Clouds,-6.0,65,1.34
Edgecomb,Maine,ME,False,23,Clouds,-5.29,61,3.13
Pemaquid,Maine,ME,False,23,Clouds,-5.24,65,6.26
Round Pond,Maine,ME,False,23,Clouds,-5.16,69,1.79
Sebasco Estates,Maine,ME,False,23,Clouds,-4.65,56,6.92
South Bristol,Maine,ME,False,23,Clouds,-4.98,63,6.26
Squirrel Island,Maine,ME,False,23,Clouds,-8.37,57,6.17
Trevett,Maine,ME,False,23,Clouds,-4.88,61,5.36
Waldoboro,Maine,ME,False,23,Clouds,-6.3,55,1.34
Walpole,Massachusetts,MA,False,25,Clouds,-2.04,50,2.24
West Boothbay Harbor,Maine,ME,False,23,Clouds,-4.88,62,5.36
Wiscasset,Maine,ME,False,23,Clouds,-5.01,60,1.79
Woolwich,Maine,ME,False,23,Clouds,-4.67,56,2.68
Bar Harbor,Maine,ME,False,23,Clouds,-5.7,56,5.36
Beals,Maine,ME,False,23,Clouds,-5.75,53,8.06
Birch Harbor,Maine,ME,False,23,Clouds,-5.3,58,6.26
Brooklin,Maine,ME,False,23,Clouds,-6.04,56,5.36
Cherryfield,Maine,ME,False,23,Clouds,-5.81,44,5.49
Corea,Maine,ME,False,23,Clouds,-5.13,59,7.58
Cranberry Isles,Maine,ME,False,23,Clouds,-5.81,55,3.58
Deer Isle,Maine,ME,False,23,Clouds,-5.95,57,5.36
Dennysville,Maine,ME,False,23,Clouds,-6.69,63,0.45
East Blue Hill,Maine,ME,False,23,Clouds,-6.03,55,6.71
East Machias,Maine,ME,False,23,Clouds,-5.82,58,2.24
Frenchboro,Maine,ME,False,23,Clouds,-5.93,55,10.83
Grand Lake Stream,Maine,ME,False,23,Clouds,-8.58,65,5.19
Harborside,Maine,ME,False,23,Clouds,-6.86,55,5.81
Hulls Cove,Maine,ME,False,23,Clouds,-5.83,56,5.81
Isle Au Haut,Maine,ME,False,23,Clouds,-5.39,56,3.58
Islesford,Maine,ME,False,23,Clouds,-5.87,55,3.58
Jonesport,Maine,ME,False,23,Clouds,-5.74,54,8.34
Little Deer Isle,Maine,ME,False,23,Clouds,-6.42,56,4.47
Lubec,Maine,ME,False,23,Clouds,-6.33,54,7.25
Bass Harbor,Maine,ME,False,23,Clouds,-5.85,55,3.58
Machiasport,Maine,ME,False,23,Clouds,-5.76,58,2.24
Meddybemps,Maine,ME,False,23,Clouds,-7.47,65,4.02
Milbridge,Maine,ME,False,23,Clouds,-4.94,46,6.3
Mount Desert,Maine,ME,False,23,Clouds,-5.7,55,6.71
Northeast Harbor,Maine,ME,False,23,Clouds,-5.85,54,4.12
Prospect Harbor,Maine,ME,False,23,Clouds,-5.36,58,6.26
Robbinston,Maine,ME,False,23,Clouds,-7.13,63,3.6
Salsbury Cove,Maine,ME,False,23,Clouds,-5.88,56,5.81
Sargentville,Maine,ME,False,23,Clouds,-6.33,56,5.36
Seal Cove,Maine,ME,False,23,Clouds,-5.82,55,4.12
Seal Harbor,Maine,ME,False,23,Clouds,-6.09,55,5.36
Southwest Harbor,Maine,ME,False,23,Clouds,-5.89,54,4.12
Swans Island,Maine,ME,False,23,Clouds,-5.97,56,9.95
Winter Harbor,Maine,ME,False,23,Clouds,-5.47,59,6.26
Benedicta,Maine,ME,False,23,Clouds,-11.79,65,3.1
Caribou,Maine,ME,False,23,Clouds,-12.45,70,5.14
Clayton Lake,Maine,ME,False,23,Clouds,-14.03,72,3.09
Crouseville,Maine,ME,False,23,Clouds,-12.06,70,5.14
Estcourt Station,Maine,ME,False,23,Clouds,-12.81,86,3.77
Fort Fairfield,Maine,ME,False,23,Clouds,-12.09,71,5.14
Fort Kent,Maine,ME,False,23,Snow,-12.37,82,1.79
Fort Kent Mills,Maine,ME,False,23,Snow,-12.3,82,1.79
Island Falls,Maine,ME,False,23,Clouds,-13.64,70,5.31
Madawaska,Maine,ME,False,23,Clouds,-12.28,70,5.66
New Limerick,Maine,ME,False,23,Clouds,-13.07,63,5.66
New Sweden,Maine,ME,False,23,Clouds,-13.77,72,3.6
Patten,Maine,ME,False,23,Clouds,-11.91,73,5.12
Saint Agatha,Maine,ME,False,23,Clouds,-12.62,73,5.66
Smyrna Mills,Maine,ME,False,23,Clouds,-14.03,67,5.53
Wallagrass,Maine,ME,False,23,Clouds,-12.71,82,3.51
Islesboro,Maine,ME,False,23,Clouds,-6.7,54,7.69
Lincolnville Center,Maine,ME,False,23,Clouds,-7.12,54,5.36
Matinicus,Maine,ME,False,23,Clouds,-5.9,56,11.41
Monhegan,Maine,ME,False,23,Clouds,-5.15,51,11.41
Port Clyde,Maine,ME,False,23,Clear,-5.51,49,7.72
South Thomaston,Maine,ME,False,23,Clear,-5.91,49,7.72
Spruce Head,Maine,ME,False,23,Clear,-5.92,49,7.72
Tenants Harbor,Maine,ME,False,23,Clear,-5.9,49,7.72
Vinalhaven,Maine,ME,False,23,Clouds,-5.22,56,10.77
West Rockport,Maine,ME,False,23,Clear,-6.59,51,7.72
Belgrade Lakes,Maine,ME,False,23,Clouds,-8.48,58,4.12
Caratunk,Maine,ME,False,23,Clouds,-11.25,69,5.06
Corinna,Maine,ME,False,23,Clouds,-9.24,55,4.47
Dixmont,Maine,ME,False,23,Clouds,-9.64,55,4.48
East Newport,Maine,ME,False,23,Clouds,-9.58,55,2.68
East Vassalboro,Maine,ME,False,23,Clouds,-7.84,54,4.12
Farmington Falls,Maine,ME,False,23,Clouds,-9.05,62,4.57
Jackman,Maine,ME,False,23,Clouds,-15.07,86,5.99
Kingfield,Maine,ME,False,23,Clouds,-11.83,70,4.92
New Portland,Maine,ME,False,23,Clouds,-9.11,53,4.46
New Vineyard,Maine,ME,False,23,Clouds,-9.61,53,4.83
Norridgewock,Maine,ME,False,23,Clouds,-8.75,62,4.34
North Anson,Maine,ME,False,23,Clouds,-8.61,53,4.13
North Vassalboro,Maine,ME,False,23,Clouds,-8.07,54,4.12
Oquossoc,Maine,ME,False,23,Clouds,-14.36,74,5.66
Rangeley,Maine,ME,False,23,Clouds,-14.57,75,5.66
Searsmont,Maine,ME,False,23,Clouds,-8.05,57,0.89
Searsport,Maine,ME,False,23,Clouds,-7.12,54,2.68
Skowhegan,Maine,ME,False,23,Clouds,-8.7,62,4.22
Stockton Springs,Maine,ME,False,23,Clouds,-7.12,54,2.68
West Forks,Maine,ME,False,23,Clouds,-12.72,76,5.55
Thorndike,Massachusetts,MA,False,25,Clouds,-8.12,59,5.17
Vassalboro,Maine,ME,False,23,Clouds,-8.3,55,4.12
White River Junction,Vermont,VT,False,50,Clouds,-5.88,61,0.45
Ascutney,Vermont,VT,False,50,Clouds,-4.69,53,5.14
Bridgewater Corners,Vermont,VT,False,50,Clouds,-6.58,66,5.99
East Corinth,Vermont,VT,False,50,Clouds,-9.11,69,3.72
East Ryegate,Vermont,VT,False,50,Clouds,-8.39,76,3.59
East Thetford,Vermont,VT,False,50,Clouds,-6.28,59,3.44
Fairlee,Vermont,VT,False,50,Clouds,-7.33,53,3.47
Hartland Four Corners,Vermont,VT,False,50,Clouds,-6.38,61,4.96
North Pomfret,Vermont,VT,False,50,Clouds,-7.05,63,1.34
North Thetford,Vermont,VT,False,50,Clouds,-6.51,56,3.35
Post Mills,Vermont,VT,False,50,Clouds,-7.13,60,3.27
Quechee,Vermont,VT,False,50,Clouds,-6.18,62,0.45
Randolph Center,Vermont,VT,False,50,Clouds,-8.79,80,3.38
South Pomfret,Vermont,VT,False,50,Clouds,-7.13,66,2.24
South Royalton,Vermont,VT,False,50,Clouds,-6.1,64,4.01
South Ryegate,Vermont,VT,False,50,Clouds,-8.89,76,3.88
South Strafford,Vermont,VT,False,50,Clouds,-7.18,61,3.4
Taftsville,Vermont,VT,False,50,Clouds,-6.38,63,0.45
Thetford,Vermont,VT,False,50,Clouds,-6.77,60,3.31
Thetford Center,Vermont,VT,False,50,Clouds,-7.23,60,3.31
Topsham,Maine,ME,False,23,Clouds,-5.26,54,5.37
Tunbridge,Vermont,VT,False,50,Clouds,-7.48,66,3.6
Vershire,Vermont,VT,False,50,Clouds,-9.74,62,3.43
Wells River,Vermont,VT,False,50,Clouds,-8.16,67,3.65
West Fairlee,Vermont,VT,False,50,Clouds,-7.42,59,3.28
West Newbury,Massachusetts,MA,False,25,Clouds,-3.22,50,7.72
West Topsham,Vermont,VT,False,50,Clouds,-9.91,76,3.91
Bellows Falls,Vermont,VT,False,50,Clouds,-4.12,62,3.13
Cambridgeport,Vermont,VT,False,50,Clouds,-4.93,63,3.13
Cavendish,Vermont,VT,False,50,Clouds,-5.78,50,5.14
Proctorsville,Vermont,VT,False,50,Clouds,-6.39,57,5.14
Saxtons River,Vermont,VT,False,50,Clouds,-4.61,62,3.13
South Londonderry,Vermont,VT,False,50,Clouds,-7.27,75,0.89
East Arlington,Vermont,VT,False,50,Clouds,-5.0,63,0.45
East Dorset,Vermont,VT,False,50,Clouds,-5.51,68,6.69
Manchester Center,Vermont,VT,False,50,Clouds,-4.75,64,6.71
North Bennington,Vermont,VT,False,50,Clouds,-4.77,61,5.66
North Pownal,Vermont,VT,False,50,Clouds,-4.61,67,6.17
Pownal,Maine,ME,False,23,Clouds,-5.34,52,5.66
Shaftsbury,Vermont,VT,False,50,Clouds,-5.19,58,5.66
Brattleboro,Vermont,VT,False,50,Clouds,-3.31,55,1.79
East Dover,Vermont,VT,False,50,Clouds,-6.84,74,4.92
Readsboro,Vermont,VT,False,50,Clouds,-6.66,74,1.79
South Newfane,Vermont,VT,False,50,Clouds,-5.57,69,1.34
Townshend,Vermont,VT,False,50,Clouds,-5.32,65,5.48
Wardsboro,Vermont,VT,False,50,Clouds,-6.82,74,4.92
West Dover,Vermont,VT,False,50,Clouds,-8.13,76,4.92
West Dummerston,Vermont,VT,False,50,Clouds,-3.81,56,2.24
West Halifax,Vermont,VT,False,50,Clouds,-6.36,74,4.92
West Townshend,Vermont,VT,False,50,Clouds,-5.75,72,5.78
West Wardsboro,Vermont,VT,False,50,Clouds,-8.1,75,4.92
Whitingham,Vermont,VT,False,50,Clouds,-7.54,75,7.06
South Burlington,Vermont,VT,False,50,Clouds,-7.72,74,1.79
Winooski,Vermont,VT,False,50,Clouds,-7.73,74,1.79
Alburgh,Vermont,VT,False,50,Clouds,-8.55,66,4.63
Belvidere Center,Vermont,VT,False,50,Snow,-10.75,79,4.54
East Berkshire,Vermont,VT,False,50,Snow,-9.87,77,2.06
East Fairfield,Vermont,VT,False,50,Snow,-9.67,77,4.53
Enosburg Falls,Vermont,VT,False,50,Snow,-9.78,77,1.34
Essex Junction,Vermont,VT,False,50,Clouds,-8.29,76,0.89
Ferrisburgh,Vermont,VT,False,50,Clouds,-6.57,68,3.05
Highgate Center,Vermont,VT,False,50,Clouds,-8.45,61,4.63
Highgate Springs,Vermont,VT,False,50,Clouds,-8.14,62,4.63
Hinesburg,Vermont,VT,False,50,Clouds,-7.48,73,0.89
Isle La Motte,Vermont,VT,False,50,Clouds,-8.36,65,6.54
Montgomery Center,Vermont,VT,False,50,Snow,-10.3,77,4.92
North Ferrisburgh,Vermont,VT,False,50,Clouds,-6.92,72,0.89
North Hero,Vermont,VT,False,50,Clouds,-8.19,66,0.89
Richford,Vermont,VT,False,50,Snow,-12.06,79,2.06
Saint Albans Bay,Vermont,VT,False,50,Clouds,-8.4,70,4.63
Shelburne,Vermont,VT,False,50,Clouds,-6.81,72,2.68
Sheldon Springs,Vermont,VT,False,50,Clouds,-8.83,65,4.63
South Hero,Vermont,VT,False,50,Clouds,-7.73,69,3.6
Starksboro,Vermont,VT,False,50,Clouds,-8.53,76,0.89
Underhill,Vermont,VT,False,50,Snow,-9.56,79,0.89
Underhill Center,Vermont,VT,False,50,Snow,-9.68,79,0.45
Adamant,Vermont,VT,False,50,Clouds,-10.7,80,2.57
Barre,Massachusetts,MA,False,25,Clouds,-3.95,50,6.62
Calais,Maine,ME,False,23,Clouds,-7.18,62,3.6
East Barre,Vermont,VT,False,50,Clouds,-10.29,79,2.57
East Calais,Vermont,VT,False,50,Clouds,-10.29,82,1.79
East Montpelier,Vermont,VT,False,50,Clouds,-9.84,80,2.57
Lake Elmore,Vermont,VT,False,50,Snow,-10.81,77,3.09
Bomoseen,Vermont,VT,False,50,Clouds,-5.16,63,5.67
Bridport,Vermont,VT,False,50,Clouds,-4.71,56,1.54
Center Rutland,Vermont,VT,False,50,Clouds,-5.19,63,4.63
Chittenden,Vermont,VT,False,50,Clouds,-6.57,61,4.63
Cuttingsville,Vermont,VT,False,50,Clouds,-6.59,64,4.63
Danby,Vermont,VT,False,50,Clouds,-5.25,66,1.34
East Middlebury,Vermont,VT,False,50,Clouds,-5.23,55,1.54
East Poultney,Vermont,VT,False,50,Clouds,-4.9,62,5.06
East Wallingford,Vermont,VT,False,50,Clouds,-6.79,66,4.63
Forest Dale,Vermont,VT,False,50,Clouds,-5.57,59,1.54
Gaysville,Vermont,VT,False,50,Clouds,-6.91,71,5.1
Hydeville,Vermont,VT,False,50,Clouds,-4.63,64,5.4
Killington,Vermont,VT,False,50,Clouds,-7.11,65,6.13
Middletown Springs,Vermont,VT,False,50,Clouds,-5.78,62,4.63
North Clarendon,Vermont,VT,False,50,Clouds,-5.43,63,4.63
Pawlet,Vermont,VT,False,50,Clouds,-4.21,60,3.13
Poultney,Vermont,VT,False,50,Clouds,-4.01,60,4.82
Ripton,Vermont,VT,False,50,Clouds,-7.03,52,1.54
West Pawlet,Vermont,VT,False,50,Clouds,-4.21,60,3.13
West Rupert,Vermont,VT,False,50,Clouds,-4.51,63,1.79
West Rutland,Vermont,VT,False,50,Clouds,-5.08,61,4.63
Saint Johnsbury,Vermont,VT,False,50,Clouds,-9.96,73,1.54
Barnet,Vermont,VT,False,50,Clouds,-10.22,79,3.89
Beebe Plain,Vermont,VT,False,50,Clouds,-11.1,66,2.57
Craftsbury,Vermont,VT,False,50,Snow,-11.0,81,4.09
Craftsbury Common,Vermont,VT,False,50,Snow,-11.6,81,4.07
Derby Line,Vermont,VT,False,50,Clouds,-11.63,67,2.57
East Burke,Vermont,VT,False,50,Clouds,-10.65,71,1.54
East Charleston,Vermont,VT,False,50,Clouds,-12.3,73,2.57
East Hardwick,Vermont,VT,False,50,Clouds,-10.46,78,3.76
East Saint Johnsbury,Vermont,VT,False,50,Clouds,-10.66,72,1.54
Glover,Vermont,VT,False,50,Clouds,-11.17,80,4.24
Greensboro Bend,Vermont,VT,False,50,Clouds,-11.43,77,1.54
Irasburg,Vermont,VT,False,50,Snow,-10.88,69,2.57
Island Pond,Vermont,VT,False,50,Clouds,-10.77,85,4.81
Lower Waterford,Vermont,VT,False,50,Clouds,-9.82,75,3.41
Lyndon Center,Vermont,VT,False,50,Clouds,-10.17,71,1.54
Newport Center,Vermont,VT,False,50,Clouds,-11.03,66,2.57
North Concord,Vermont,VT,False,50,Clouds,-10.69,71,1.54
North Troy,Vermont,VT,False,50,Snow,-10.33,61,2.57
Passumpsic,Vermont,VT,False,50,Clouds,-9.87,77,3.54
Peacham,Vermont,VT,False,50,Clouds,-10.76,79,3.99
Saint Johnsbury Center,Vermont,VT,False,50,Clouds,-10.15,72,1.54
West Burke,Vermont,VT,False,50,Clouds,-11.08,70,1.54
West Charleston,Vermont,VT,False,50,Clouds,-12.89,77,2.57
West Danville,Vermont,VT,False,50,Clouds,-11.51,79,4.04
West Glover,Vermont,VT,False,50,Clouds,-11.86,74,2.57
Averill,Vermont,VT,False,50,Clouds,-14.26,87,4.99
Beecher Falls,Vermont,VT,False,50,Clouds,-13.28,86,4.93
Guildhall,Vermont,VT,False,50,Clouds,-10.35,73,4.11
Broad Brook,Connecticut,CT,False,9,Clouds,-1.46,53,0.89
Canton Center,Connecticut,CT,False,9,Clouds,-1.44,51,4.02
Colebrook,New Hampshire,NH,False,33,Clouds,-12.17,84,4.99
East Canaan,Connecticut,CT,False,9,Clouds,-3.06,61,5.88
East Glastonbury,Connecticut,CT,False,9,Clouds,-1.67,50,2.68
East Granby,Connecticut,CT,False,9,Clouds,-1.35,53,4.34
East Hartland,Connecticut,CT,False,9,Clouds,-3.42,55,3.13
East Windsor Hill,Connecticut,CT,False,9,Clouds,-1.19,51,2.24
Falls Village,Connecticut,CT,False,9,Clouds,-3.01,59,6.42
Glastonbury,Connecticut,CT,False,9,Clouds,-0.77,48,3.58
New Britain,Connecticut,CT,False,9,Clouds,-0.68,46,3.13
Pine Meadow,Connecticut,CT,False,9,Clouds,-1.57,55,4.02
Barkhamsted,Connecticut,CT,False,9,Clouds,-2.9,55,1.34
Poquonock,Connecticut,CT,False,9,Clouds,0.36,42,5.81
Simsbury,Connecticut,CT,False,9,Clouds,-1.02,51,2.68
Somersville,Connecticut,CT,False,9,Clouds,-1.3,50,1.34
South Glastonbury,Connecticut,CT,False,9,Clouds,-0.76,47,0.89
South Windsor,Connecticut,CT,False,9,Clouds,-1.34,52,2.24
Stafford Springs,Connecticut,CT,False,9,Clouds,-2.74,54,5.11
Staffordville,Connecticut,CT,False,9,Clouds,-3.22,53,5.27
Suffield,Connecticut,CT,False,9,Clouds,-1.25,51,4.17
Taconic,Connecticut,CT,False,9,Clouds,-3.63,77,6.23
Tariffville,Connecticut,CT,False,9,Clouds,-1.36,51,2.68
Tolland,Connecticut,CT,False,9,Clouds,-2.81,53,2.24
East Windsor,Connecticut,CT,False,9,Clouds,-1.25,52,4.23
Weatogue,Connecticut,CT,False,9,Clouds,-1.09,50,2.68
West Granby,Connecticut,CT,False,9,Clouds,-1.71,54,3.13
West Hartland,Connecticut,CT,False,9,Clouds,-3.44,58,5.46
West Simsbury,Connecticut,CT,False,9,Clouds,-1.25,52,2.68
West Suffield,Connecticut,CT,False,9,Clouds,-1.38,52,8.75
Winchester Center,Connecticut,CT,False,9,Clouds,-3.89,57,4.02
Windsor Locks,Connecticut,CT,False,9,Clouds,-1.2,53,4.23
West Hartford,Vermont,VT,False,50,Clouds,-6.35,63,3.58
East Hartford,Connecticut,CT,False,9,Clouds,-0.96,49,2.68
Wethersfield,Connecticut,CT,False,9,Clouds,-0.67,48,3.58
Willimantic,Connecticut,CT,False,9,Clear,-1.93,51,4.97
Amston,Connecticut,CT,False,9,Clouds,-2.22,49,2.68
Ballouville,Connecticut,CT,False,9,Clouds,-1.9,50,3.58
Coventry,Rhode Island,RI,False,44,Clear,-1.73,46,3.58
Danielson,Connecticut,CT,False,9,Clouds,-1.41,47,0.89
Eastford,Connecticut,CT,False,9,Clear,-2.76,52,2.68
East Killingly,Connecticut,CT,False,9,Clouds,-2.28,47,0.89
East Woodstock,Connecticut,CT,False,9,Clouds,-2.28,52,0.89
Fabyan,Connecticut,CT,False,9,Clouds,-2.35,52,6.26
Grosvenor Dale,Connecticut,CT,False,9,Clouds,-2.08,51,6.26
Mansfield Center,Connecticut,CT,False,9,Clear,-2.1,52,5.07
Mansfield Depot,Connecticut,CT,False,9,Clouds,-2.47,53,2.24
North Franklin,Connecticut,CT,False,9,Clear,-1.5,48,2.68
North Grosvenordale,Connecticut,CT,False,9,Clouds,-2.23,52,6.26
North Windham,Connecticut,CT,False,9,Clear,-2.12,51,1.34
Pomfret Center,Connecticut,CT,False,9,Clouds,-2.48,50,3.58
Quinebaug,Connecticut,CT,False,9,Clouds,-2.44,52,6.26
South Willington,Connecticut,CT,False,9,Clouds,-2.67,54,2.24
South Windham,Maine,ME,False,23,Clouds,-5.18,51,2.68
South Woodstock,Vermont,VT,False,50,Clouds,-7.19,65,5.32
Willington,Connecticut,CT,False,9,Clouds,-3.08,55,2.24
Woodstock Valley,Connecticut,CT,False,9,Clear,-2.95,52,2.24
Canterbury,New Hampshire,NH,False,33,Clouds,-5.61,56,4.88
Central Village,Connecticut,CT,False,9,Clear,-1.2,47,2.68
East Lyme,Connecticut,CT,False,9,Clear,-0.22,43,10.29
Bozrah,Connecticut,CT,False,9,Clear,-0.95,46,5.21
Gales Ferry,Connecticut,CT,False,9,Clear,-0.09,43,10.29
Mashantucket,Connecticut,CT,False,9,Clear,-0.37,43,10.29
Jewett City,Connecticut,CT,False,9,Clear,-0.93,48,1.79
Moosup,Connecticut,CT,False,9,Clear,-1.51,47,4.97
North Stonington,Connecticut,CT,False,9,Clouds,-0.51,45,10.29
Old Lyme,Connecticut,CT,False,9,Clouds,0.05,44,1.79
Old Mystic,Connecticut,CT,False,9,Clear,-0.02,43,10.29
Quaker Hill,Connecticut,CT,False,9,Clear,-0.06,42,10.29
South Lyme,Connecticut,CT,False,9,Clear,0.02,45,10.29
Pawcatuck,Connecticut,CT,False,9,Clouds,-0.29,45,10.29
Taftville,Connecticut,CT,False,9,Clear,-0.76,46,1.79
Uncasville,Connecticut,CT,False,9,Clear,-0.06,43,10.29
Voluntown,Connecticut,CT,False,9,Clear,-1.08,48,4.48
Wauregan,Connecticut,CT,False,9,Clouds,-1.32,47,2.68
West Mystic,Connecticut,CT,False,9,Clear,-0.12,43,10.29
Yantic,Connecticut,CT,False,9,Clear,-0.88,46,1.79
Fishers Island,New York,NY,False,36,Clear,0.08,42,10.29
Beacon Falls,Connecticut,CT,False,9,Clouds,-1.15,49,6.17
Botsford,Connecticut,CT,False,9,Clouds,-1.59,44,6.17
Centerbrook,Connecticut,CT,False,9,Clouds,-0.15,44,5.66
Killingworth,Connecticut,CT,False,9,Clouds,-0.75,48,5.66
East Haddam,Connecticut,CT,False,9,Clouds,-0.41,43,5.66
Hadlyme,Connecticut,CT,False,9,Clouds,-0.31,43,5.66
Hawleyville,Connecticut,CT,False,9,Clouds,-1.37,47,6.17
Higganum,Connecticut,CT,False,9,Clouds,-0.57,45,5.66
Ivoryton,Connecticut,CT,False,9,Clouds,-0.27,45,5.66
Marlborough,Massachusetts,MA,False,25,Clouds,-3.05,53,3.13
Middle Haddam,Connecticut,CT,False,9,Clouds,-0.99,46,5.66
Milldale,Connecticut,CT,False,9,Clouds,-0.89,48,4.02
Moodus,Connecticut,CT,False,9,Clouds,-0.92,44,5.66
North Branford,Connecticut,CT,False,9,Clouds,-0.6,50,6.26
Northford,Connecticut,CT,False,9,Clouds,-0.79,50,0.89
North Haven,Maine,ME,False,23,Clouds,-6.07,50,4.63
North Westchester,Connecticut,CT,False,9,Clouds,-1.56,48,1.79
Old Saybrook,Connecticut,CT,False,9,Clouds,0.03,45,5.66
Plantsville,Connecticut,CT,False,9,Clouds,-0.99,48,2.24
Rockfall,Connecticut,CT,False,9,Clouds,-0.78,47,2.68
South Britain,Connecticut,CT,False,9,Clouds,-1.39,48,6.17
Southbury,Connecticut,CT,False,9,Clouds,-1.35,49,6.17
East Haven,Vermont,VT,False,50,Clouds,-13.25,72,1.54
West Haven,Connecticut,CT,False,9,Clouds,-0.44,47,8.23
Bantam,Connecticut,CT,False,9,Clouds,-2.58,49,1.34
Cornwall Bridge,Connecticut,CT,False,9,Clouds,-2.5,48,6.73
Gaylordsville,Connecticut,CT,False,9,Clouds,-1.13,46,1.34
Pequabuck,Connecticut,CT,False,9,Clouds,-1.75,49,4.02
South Kent,Connecticut,CT,False,9,Clouds,-1.58,46,6.61
Terryville,Connecticut,CT,False,9,Clouds,-1.86,49,4.02
Harwinton,Connecticut,CT,False,9,Clouds,-2.51,52,4.47
Washington Depot,Connecticut,CT,False,9,Clouds,-1.63,48,0.45
West Cornwall,Connecticut,CT,False,9,Clouds,-2.96,53,6.62
Cos Cob,Connecticut,CT,False,9,Clouds,-0.67,44,7.72
New Fairfield,Connecticut,CT,False,9,Clouds,-1.82,48,3.6
Greens Farms,Connecticut,CT,False,9,Clouds,-0.36,44,8.23
New Canaan,Connecticut,CT,False,9,Clouds,-1.05,45,7.72
Old Greenwich,Connecticut,CT,False,9,Clouds,-0.7,44,7.72
Redding Ridge,Connecticut,CT,False,9,Clouds,-1.86,45,2.24
Avenel,New Jersey,NJ,False,34,Clouds,-0.35,43,7.72
Bayonne,New Jersey,NJ,False,34,Clouds,-0.25,40,7.72
Boonton,New Jersey,NJ,False,34,Clouds,-1.57,43,6.69
Carteret,New Jersey,NJ,False,34,Clouds,-0.29,43,7.72
Cliffside Park,New Jersey,NJ,False,34,Clouds,-0.9,40,13.86
Cranford,New Jersey,NJ,False,34,Clouds,-0.57,42,7.72
East Orange,New Jersey,NJ,False,34,Clouds,-0.77,40,8.94
Essex Fells,New Jersey,NJ,False,34,Clouds,-1.69,42,6.69
Fanwood,New Jersey,NJ,False,34,Clouds,-0.85,44,7.72
Glen Ridge,New Jersey,NJ,False,34,Clouds,-0.94,41,6.69
North Arlington,New Jersey,NJ,False,34,Clouds,-0.69,40,6.69
Lake Hiawatha,New Jersey,NJ,False,34,Clouds,-1.23,43,6.69
Millburn,New Jersey,NJ,False,34,Clouds,-0.84,42,7.72
Mountain Lakes,New Jersey,NJ,False,34,Clouds,-1.74,44,6.69
North Bergen,New Jersey,NJ,False,34,Clouds,-0.83,40,11.32
West Orange,New Jersey,NJ,False,34,Clouds,-1.26,41,6.69
Parsippany,New Jersey,NJ,False,34,Clouds,-1.38,44,6.69
Passaic,New Jersey,NJ,False,34,Clouds,-0.69,41,6.69
Wallington,New Jersey,NJ,False,34,Clouds,-0.59,40,6.69
Pine Brook,New Jersey,NJ,False,34,Clouds,-0.39,40,9.26
Port Reading,New Jersey,NJ,False,34,Clouds,-0.27,43,7.72
Rahway,New Jersey,NJ,False,34,Clouds,-0.33,43,7.72
Colonia,New Jersey,NJ,False,34,Clouds,-0.45,43,7.72
Watchung,New Jersey,NJ,False,34,Clouds,-1.13,45,7.72
Carlstadt,New Jersey,NJ,False,34,Clouds,-0.81,40,11.32
East Rutherford,New Jersey,NJ,False,34,Clouds,-0.57,40,11.32
Moonachie,New Jersey,NJ,False,34,Clouds,-0.53,40,11.32
Wood Ridge,New Jersey,NJ,False,34,Clouds,-0.78,40,11.32
Scotch Plains,New Jersey,NJ,False,34,Clouds,-0.86,44,7.72
Sewaren,New Jersey,NJ,False,34,Clouds,-0.29,43,7.72
Short Hills,New Jersey,NJ,False,34,Clouds,-1.42,42,7.72
South Orange,New Jersey,NJ,False,34,Clouds,-0.9,41,7.72
South Plainfield,New Jersey,NJ,False,34,Clouds,-0.54,44,7.72
Towaco,New Jersey,NJ,False,34,Clouds,-1.31,43,6.69
Weehawken,New Jersey,NJ,False,34,Clouds,-0.56,39,11.32
Mountainside,New Jersey,NJ,False,34,Clouds,-0.75,43,7.72
West New York,New Jersey,NJ,False,34,Clouds,-0.68,39,11.32
Secaucus,New Jersey,NJ,False,34,Clouds,-0.45,39,11.32
Jersey City,New Jersey,NJ,False,34,Clouds,-0.3,39,11.32
Nutley,New Jersey,NJ,False,34,Clouds,-0.68,40,6.69
Roselle Park,New Jersey,NJ,False,34,Clouds,-0.53,42,7.72
Elizabethport,New Jersey,NJ,False,34,Clouds,-0.3,41,7.72
Fair Lawn,New Jersey,NJ,False,34,Clouds,-0.81,43,6.69
Franklin Lakes,New Jersey,NJ,False,34,Clouds,-1.5,44,6.69
Highland Lakes,New Jersey,NJ,False,34,Clouds,-3.43,47,2.57
Ho Ho Kus,New Jersey,NJ,False,34,Clouds,-0.89,44,6.69
Mahwah,New Jersey,NJ,False,34,Clouds,-1.51,46,3.58
Midland Park,New Jersey,NJ,False,34,Clouds,-1.13,44,6.69
Pequannock,New Jersey,NJ,False,34,Clouds,-1.12,44,6.69
Pompton Lakes,New Jersey,NJ,False,34,Clouds,-1.17,44,6.69
Pompton Plains,New Jersey,NJ,False,34,Clouds,-1.12,44,6.69
Saddle River,New Jersey,NJ,False,34,Clear,-0.97,45,5.81
Waldwick,New Jersey,NJ,False,34,Clouds,-1.16,44,6.69
Wanaque,New Jersey,NJ,False,34,Clouds,-1.2,45,6.69
Wyckoff,New Jersey,NJ,False,34,Clouds,-1.39,44,6.69
Haledon,New Jersey,NJ,False,34,Clouds,-0.97,42,6.69
Totowa,New Jersey,NJ,False,34,Clouds,-0.89,42,6.69
Hasbrouck Heights,New Jersey,NJ,False,34,Clouds,-0.85,40,11.32
Leonia,New Jersey,NJ,False,34,Clouds,-0.83,40,11.32
South Hackensack,New Jersey,NJ,False,34,Clouds,-0.57,40,11.32
Teterboro,New Jersey,NJ,False,34,Clouds,-0.56,40,11.32
Bergenfield,New Jersey,NJ,False,34,Clouds,-0.8,42,11.32
Closter,New Jersey,NJ,False,34,Clouds,-0.76,44,6.69
Cresskill,New Jersey,NJ,False,34,Clouds,-0.8,43,11.32
Demarest,New Jersey,NJ,False,34,Clouds,-0.79,43,6.69
Englewood Cliffs,New Jersey,NJ,False,34,Clouds,-1.23,41,11.32
Harrington Park,New Jersey,NJ,False,34,Clouds,-0.74,44,6.69
Little Ferry,New Jersey,NJ,False,34,Clouds,-0.54,40,11.32
Northvale,New Jersey,NJ,False,34,Clouds,-0.81,44,6.69
Oradell,New Jersey,NJ,False,34,Clouds,-0.68,43,6.69
Palisades Park,New Jersey,NJ,False,34,Clouds,-0.71,40,11.32
Paramus,New Jersey,NJ,False,34,Clouds,-0.71,43,6.69
Ridgefield Park,New Jersey,NJ,False,34,Clouds,-0.65,40,11.32
River Edge,New Jersey,NJ,False,34,Clouds,-0.72,42,6.69
Rochelle Park,New Jersey,NJ,False,34,Clouds,-0.7,41,6.69
Saddle Brook,New Jersey,NJ,False,34,Clouds,-0.67,41,6.69
Teaneck,New Jersey,NJ,False,34,Clouds,-0.73,41,11.32
Tenafly,New Jersey,NJ,False,34,Clouds,-0.9,43,11.32
Township Of Washington,New Jersey,NJ,False,34,Clouds,-0.79,44,6.69
Woodcliff Lake,New Jersey,NJ,False,34,Clouds,-1.13,45,6.69
Red Bank,New Jersey,NJ,False,34,Clouds,0.04,43,9.26
Fort Monmouth,New Jersey,NJ,False,34,Clouds,0.03,41,9.26
Adelphia,New Jersey,NJ,False,34,Clouds,-0.66,42,9.26
Asbury Park,New Jersey,NJ,False,34,Clouds,-0.21,40,9.26
Belmar,New Jersey,NJ,False,34,Clouds,-0.27,41,9.26
Atlantic Highlands,New Jersey,NJ,False,34,Clouds,-0.03,44,4.47
Avon By The Sea,New Jersey,NJ,False,34,Clouds,-0.28,41,9.26
Belford,New Jersey,NJ,False,34,Clouds,0.15,46,4.47
Bradley Beach,New Jersey,NJ,False,34,Clouds,-0.27,40,9.26
Cliffwood,New Jersey,NJ,False,34,Clouds,-0.21,45,4.02
Colts Neck,New Jersey,NJ,False,34,Clouds,-0.4,43,9.26
Deal,New Jersey,NJ,False,34,Clouds,-0.18,40,9.26
Eatontown,New Jersey,NJ,False,34,Clouds,-0.08,40,9.26
Englishtown,New Jersey,NJ,False,34,Clouds,-0.69,43,4.02
Hazlet,New Jersey,NJ,False,34,Clouds,-0.04,45,4.47
Holmdel,New Jersey,NJ,False,34,Clouds,-0.26,44,9.26
Keansburg,New Jersey,NJ,False,34,Clouds,0.04,45,4.47
Leonardo,New Jersey,NJ,False,34,Clouds,0.16,45,4.47
Lincroft,New Jersey,NJ,False,34,Clouds,-0.1,43,9.26
Little Silver,New Jersey,NJ,False,34,Clouds,0.11,42,9.26
Matawan,New Jersey,NJ,False,34,Clouds,-0.18,46,4.02
Monmouth Beach,New Jersey,NJ,False,34,Clouds,0.16,40,4.47
Navesink,New Jersey,NJ,False,34,Clouds,0.11,44,4.47
Neptune,New Jersey,NJ,False,34,Clouds,-0.3,41,9.26
Ocean Grove,New Jersey,NJ,False,34,Clouds,-0.24,40,9.26
Oceanport,New Jersey,NJ,False,34,Clouds,0.08,40,9.26
Port Monmouth,New Jersey,NJ,False,34,Clouds,0.1,46,4.47
Rumson,New Jersey,NJ,False,34,Clouds,0.19,42,4.47
Tennent,New Jersey,NJ,False,34,Clouds,-0.72,42,4.02
West Long Branch,New Jersey,NJ,False,34,Clouds,-0.01,40,9.26
Wickatunk,New Jersey,NJ,False,34,Clouds,-0.65,44,1.34
Mine Hill,New Jersey,NJ,False,34,Clouds,-2.81,45,4.63
Allamuchy,New Jersey,NJ,False,34,Clouds,-3.23,46,4.63
Budd Lake,New Jersey,NJ,False,34,Clouds,-3.33,46,4.63
Buttzville,New Jersey,NJ,False,34,Clouds,-2.22,47,1.34
Califon,New Jersey,NJ,False,34,Clouds,-1.98,47,5.66
Changewater,New Jersey,NJ,False,34,Clouds,-1.95,45,3.13
Denville,New Jersey,NJ,False,34,Clouds,-1.85,44,6.69
Flanders,New Jersey,NJ,False,34,Clouds,-2.66,46,4.63
Great Meadows,New Jersey,NJ,False,34,Clouds,-2.58,48,3.13
Greendell,New Jersey,NJ,False,34,Clouds,-2.77,45,4.63
Hackettstown,New Jersey,NJ,False,34,Clouds,-2.52,47,4.63
Hibernia,New Jersey,NJ,False,34,Clouds,-2.31,45,6.69
Hopatcong,New Jersey,NJ,False,34,Clouds,-3.48,46,4.63
Ironia,New Jersey,NJ,False,34,Clouds,-2.87,46,4.02
Kenvil,New Jersey,NJ,False,34,Clouds,-2.66,46,4.63
Lake Hopatcong,New Jersey,NJ,False,34,Clouds,-3.28,46,4.63
Landing,New Jersey,NJ,False,34,Clouds,-3.24,46,4.63
Ledgewood,New Jersey,NJ,False,34,Clouds,-2.8,46,4.63
Mount Arlington,New Jersey,NJ,False,34,Clouds,-3.59,46,4.63
Netcong,New Jersey,NJ,False,34,Clouds,-3.13,46,4.63
Port Murray,New Jersey,NJ,False,34,Clouds,-2.36,47,3.13
Rockaway,New Jersey,NJ,False,34,Clouds,-2.0,45,6.69
Schooleys Mountain,New Jersey,NJ,False,34,Clouds,-3.26,47,3.13
Succasunna,New Jersey,NJ,False,34,Clouds,-2.72,46,4.63
Swartswood,New Jersey,NJ,False,34,Clouds,-2.26,45,4.63
Tranquility,New Jersey,NJ,False,34,Clouds,-2.63,45,4.63
Wallpack Center,New Jersey,NJ,False,34,Clouds,-2.03,51,6.0
Basking Ridge,New Jersey,NJ,False,34,Clouds,-1.21,45,5.66
Berkeley Heights,New Jersey,NJ,False,34,Clouds,-1.05,45,10.29
Bernardsville,New Jersey,NJ,False,34,Clouds,-1.56,46,5.66
Cedar Knolls,New Jersey,NJ,False,34,Clouds,-1.34,44,6.69
Far Hills,New Jersey,NJ,False,34,Clouds,-1.06,46,5.66
Florham Park,New Jersey,NJ,False,34,Clouds,-1.18,43,6.69
Green Village,New Jersey,NJ,False,34,Clouds,-1.19,45,3.6
East Hanover,New Jersey,NJ,False,34,Clouds,-1.21,43,6.69
Liberty Corner,New Jersey,NJ,False,34,Clouds,-1.08,46,5.66
Mendham,New Jersey,NJ,False,34,Clouds,-2.08,46,5.66
Morris Plains,New Jersey,NJ,False,34,Clouds,-1.7,44,6.69
Mount Freedom,New Jersey,NJ,False,34,Clouds,-2.69,46,4.02
New Vernon,New Jersey,NJ,False,34,Clouds,-1.39,45,5.66
Peapack,New Jersey,NJ,False,34,Clouds,-1.43,46,5.66
Pluckemin,New Jersey,NJ,False,34,Clouds,-1.26,46,5.66
Stirling,New Jersey,NJ,False,34,Clouds,-1.13,45,5.66
Whippany,New Jersey,NJ,False,34,Clouds,-1.32,43,6.69
Alloway,New Jersey,NJ,False,34,Clouds,-1.17,44,7.25
Cherry Hill,New Jersey,NJ,False,34,Clouds,-1.07,47,8.23
Atco,New Jersey,NJ,False,34,Clouds,-1.27,49,5.66
Barnegat,New Jersey,NJ,False,34,Clouds,-0.69,51,8.05
Barnegat Light,New Jersey,NJ,False,34,Clouds,-0.54,51,3.58
Blackwood,New Jersey,NJ,False,34,Clouds,-1.16,47,7.72
Browns Mills,New Jersey,NJ,False,34,Clouds,-1.06,46,8.23
Cedar Brook,New Jersey,NJ,False,34,Clouds,-1.23,49,0.89
Clarksboro,New Jersey,NJ,False,34,Clouds,-1.11,48,7.72
Clementon,New Jersey,NJ,False,34,Clouds,-1.16,48,5.66
Ewan,New Jersey,NJ,False,34,Clouds,-1.39,47,7.72
Gibbsboro,New Jersey,NJ,False,34,Clouds,-1.14,48,5.66
Gibbstown,New Jersey,NJ,False,34,Clouds,-1.12,47,7.72
Glassboro,New Jersey,NJ,False,34,Clouds,-1.46,48,3.58
Gloucester City,New Jersey,NJ,False,34,Clouds,-0.96,47,7.72
Bellmawr,New Jersey,NJ,False,34,Clouds,-1.08,47,7.72
Grenloch,New Jersey,NJ,False,34,Clouds,-1.24,47,7.72
Haddonfield,New Jersey,NJ,False,34,Clouds,-1.07,47,7.72
Haddon Heights,New Jersey,NJ,False,34,Clouds,-1.05,47,7.72
Hainesport,New Jersey,NJ,False,34,Clouds,-1.04,48,8.23
Hammonton,New Jersey,NJ,False,34,Clouds,-1.1,51,6.43
Jobstown,New Jersey,NJ,False,34,Clouds,-1.06,45,8.23
Juliustown,New Jersey,NJ,False,34,Clouds,-1.17,46,8.23
Voorhees,New Jersey,NJ,False,34,Clouds,-1.24,48,5.66
Lawnside,New Jersey,NJ,False,34,Clouds,-1.13,47,7.72
Willingboro,New Jersey,NJ,False,34,Clouds,-1.06,47,8.23
Manahawkin,New Jersey,NJ,False,34,Clouds,-0.85,54,8.05
Maple Shade,New Jersey,NJ,False,34,Clouds,-0.99,47,8.23
Marlton,New Jersey,NJ,False,34,Clouds,-1.15,48,5.66
Mount Laurel,New Jersey,NJ,False,34,Clouds,-1.12,48,8.23
Moorestown,New Jersey,NJ,False,34,Clouds,-1.14,47,8.23
Mount Ephraim,New Jersey,NJ,False,34,Clouds,-1.07,47,7.72
Mount Royal,New Jersey,NJ,False,34,Clouds,-1.16,47,7.72
Leeds Point,New Jersey,NJ,False,34,Clouds,-1.1,52,8.75
Marmora,New Jersey,NJ,False,34,Clouds,-1.19,51,6.71
New Gretna,New Jersey,NJ,False,34,Clouds,-1.03,53,8.75
Oceanville,New Jersey,NJ,False,34,Clouds,-1.11,49,8.75
Egg Harbor Township,New Jersey,NJ,False,34,Clouds,-1.32,48,8.75
Sea Isle City,New Jersey,NJ,False,34,Clouds,-1.07,52,0.89
Somers Point,New Jersey,NJ,False,34,Clouds,-1.28,49,8.75
South Dennis,Massachusetts,MA,False,25,Clear,-1.44,51,5.66
South Seaville,New Jersey,NJ,False,34,Clouds,-1.12,51,2.24
Stone Harbor,New Jersey,NJ,False,34,Clouds,-1.03,48,7.2
Strathmere,New Jersey,NJ,False,34,Clouds,-1.03,52,0.89
Villas,New Jersey,NJ,False,34,Clouds,-0.67,25,7.2
Dividing Creek,New Jersey,NJ,False,34,Clouds,-0.86,37,7.2
Estell Manor,New Jersey,NJ,False,34,Clouds,-1.14,48,8.75
Fairton,New Jersey,NJ,False,34,Clouds,-0.93,37,7.2
Fortescue,New Jersey,NJ,False,34,Clouds,-0.86,37,7.2
Heislerville,New Jersey,NJ,False,34,Clouds,-1.01,44,7.2
Mauricetown,New Jersey,NJ,False,34,Clouds,-0.9,42,7.2
Mays Landing,New Jersey,NJ,False,34,Clouds,-1.07,49,8.75
Milmay,New Jersey,NJ,False,34,Clouds,-1.18,52,6.8
Minotola,New Jersey,NJ,False,34,Clouds,-1.16,50,7.2
Norma,New Jersey,NJ,False,34,Clouds,-1.06,48,7.2
Port Elizabeth,New Jersey,NJ,False,34,Clouds,-0.9,41,7.2
Port Norris,New Jersey,NJ,False,34,Clouds,-0.93,42,7.2
Rosenhayn,New Jersey,NJ,False,34,Clouds,-1.11,47,7.2
Vineland,New Jersey,NJ,False,34,Clouds,-1.13,49,7.2
Atlantic City,New Jersey,NJ,False,34,Clouds,-1.14,49,8.75
Margate City,New Jersey,NJ,False,34,Clouds,-1.2,49,8.75
Longport,New Jersey,NJ,False,34,Clouds,-1.2,49,8.75
Ventnor City,New Jersey,NJ,False,34,Clouds,-1.18,49,8.75
Belle Mead,New Jersey,NJ,False,34,Clouds,-1.09,44,5.66
Blawenburg,New Jersey,NJ,False,34,Clouds,-1.24,43,5.14
Bordentown,New Jersey,NJ,False,34,Clouds,-0.87,44,8.23
Millstone Township,New Jersey,NJ,False,34,Clouds,-1.32,43,5.36
Cookstown,New Jersey,NJ,False,34,Clouds,-1.0,42,8.23
Cranbury,New Jersey,NJ,False,34,Clouds,-0.99,43,3.58
Cream Ridge,New Jersey,NJ,False,34,Clouds,-1.08,43,8.23
Hightstown,New Jersey,NJ,False,34,Clouds,-0.98,42,1.79
Imlaystown,New Jersey,NJ,False,34,Clouds,-1.05,43,8.23
New Egypt,New Jersey,NJ,False,34,Clouds,-1.02,43,8.23
Plainsboro,New Jersey,NJ,False,34,Clouds,-0.97,43,5.14
Princeton Junction,New Jersey,NJ,False,34,Clouds,-0.94,43,5.14
Ringoes,New Jersey,NJ,False,34,Clouds,-1.46,45,5.14
Roebling,New Jersey,NJ,False,34,Clouds,-0.89,45,8.23
Sergeantsville,New Jersey,NJ,False,34,Clouds,-1.77,47,6.69
Skillman,New Jersey,NJ,False,34,Clouds,-1.24,43,5.14
Fort Dix,New Jersey,NJ,False,34,Clouds,-1.15,45,8.23
Lawrence Township,New Jersey,NJ,False,34,Clouds,-0.99,44,5.14
Brick,New Jersey,NJ,False,34,Clouds,-0.69,43,9.26
Brielle,New Jersey,NJ,False,34,Clouds,-0.62,42,9.26
Forked River,New Jersey,NJ,False,34,Clouds,-0.62,50,5.66
Island Heights,New Jersey,NJ,False,34,Clouds,-0.66,46,7.15
Lakehurst,New Jersey,NJ,False,34,Clouds,-0.79,44,5.66
Lanoka Harbor,New Jersey,NJ,False,34,Clouds,-0.59,49,7.15
Lavallette,New Jersey,NJ,False,34,Clouds,-0.61,46,7.15
Manasquan,New Jersey,NJ,False,34,Clouds,-0.62,42,9.26
Mantoloking,New Jersey,NJ,False,34,Clouds,-0.61,44,9.26
Normandy Beach,New Jersey,NJ,False,34,Clouds,-0.62,45,7.15
Ocean Gate,New Jersey,NJ,False,34,Clouds,-0.6,46,7.15
Pine Beach,New Jersey,NJ,False,34,Clouds,-0.62,46,7.15
Point Pleasant Beach,New Jersey,NJ,False,34,Clouds,-0.61,42,9.26
Sea Girt,New Jersey,NJ,False,34,Clouds,-0.61,42,9.26
Seaside Heights,New Jersey,NJ,False,34,Clouds,-0.61,46,7.15
Seaside Park,New Jersey,NJ,False,34,Clouds,-0.59,46,7.15
Bloomsbury,New Jersey,NJ,False,34,Clouds,-1.7,50,3.58
Bound Brook,New Jersey,NJ,False,34,Clouds,-0.72,45,5.66
Dunellen,New Jersey,NJ,False,34,Clouds,-0.73,45,10.29
East Brunswick,New Jersey,NJ,False,34,Clouds,-0.8,44,2.24
Flagtown,New Jersey,NJ,False,34,Clouds,-1.22,44,6.26
Kendall Park,New Jersey,NJ,False,34,Clouds,-1.24,44,2.24
Glen Gardner,New Jersey,NJ,False,34,Clouds,-2.18,44,2.24
Helmetta,New Jersey,NJ,False,34,Clouds,-0.75,44,3.58
Iselin,New Jersey,NJ,False,34,Clouds,-0.47,43,10.29
Monroe Township,New Jersey,NJ,False,34,Clouds,-0.91,42,5.36
Keasbey,New Jersey,NJ,False,34,Clouds,-0.42,44,10.29
Metuchen,New Jersey,NJ,False,34,Clouds,-0.63,44,10.29
Monmouth Junction,New Jersey,NJ,False,34,Clouds,-0.93,43,3.58
Neshanic Station,New Jersey,NJ,False,34,Clouds,-1.24,44,6.26
Piscataway,New Jersey,NJ,False,34,Clouds,-0.69,45,5.66
Old Bridge,New Jersey,NJ,False,34,Clouds,-0.5,45,3.13
Oldwick,New Jersey,NJ,False,34,Clouds,-1.28,46,5.66
Perth Amboy,New Jersey,NJ,False,34,Clouds,-0.44,44,10.29
Fords,New Jersey,NJ,False,34,Clouds,-0.62,44,10.29
Pittstown,New Jersey,NJ,False,34,Clouds,-1.81,47,3.58
Readington,New Jersey,NJ,False,34,Clouds,-1.3,45,6.26
Sayreville,New Jersey,NJ,False,34,Clouds,-0.51,44,10.29
South Amboy,New Jersey,NJ,False,34,Clouds,-0.32,44,10.29
South Bound Brook,New Jersey,NJ,False,34,Clouds,-0.73,45,5.66
South River,New Jersey,NJ,False,34,Clouds,-0.58,45,2.24
Spotswood,New Jersey,NJ,False,34,Clouds,-0.67,44,3.58
Three Bridges,New Jersey,NJ,False,34,Clouds,-1.44,45,6.26
Whitehouse Station,New Jersey,NJ,False,34,Clouds,-1.3,45,6.26
Zarephath,New Jersey,NJ,False,34,Clouds,-0.84,45,5.66
North Brunswick,New Jersey,NJ,False,34,Clouds,-0.95,44,2.24
New York,New York,NY,False,36,Clouds,-0.42,39,11.32
Staten Island,New York,NY,False,36,Clouds,-0.63,42,10.29
Bronx,New York,NY,False,36,Clouds,-0.6,41,11.32
Amawalk,New York,NY,False,36,Clear,-1.65,48,1.79
Ardsley,New York,NY,False,36,Clouds,-1.6,45,7.72
Ardsley On Hudson,New York,NY,False,36,Clouds,-1.27,45,7.72
Armonk,New York,NY,False,36,Clouds,-1.56,46,7.72
Baldwin Place,New York,NY,False,36,Clear,-2.17,49,1.79
Bedford Hills,New York,NY,False,36,Clouds,-1.49,47,7.72
Briarcliff Manor,New York,NY,False,36,Clouds,-1.38,47,7.72
Chappaqua,New York,NY,False,36,Clouds,-1.82,46,7.72
Crompond,New York,NY,False,36,Clear,-1.76,47,4.92
Croton Falls,New York,NY,False,36,Clouds,-1.88,50,3.6
Croton On Hudson,New York,NY,False,36,Clear,-1.0,48,1.34
Dobbs Ferry,New York,NY,False,36,Clouds,-1.33,45,7.72
Elmsford,New York,NY,False,36,Clouds,-1.4,46,7.72
Goldens Bridge,New York,NY,False,36,Clouds,-1.56,48,3.6
Granite Springs,New York,NY,False,36,Clear,-1.86,48,1.79
Hartsdale,New York,NY,False,36,Clouds,-1.45,46,7.72
Jefferson Valley,New York,NY,False,36,Clear,-1.79,48,1.79
Katonah,New York,NY,False,36,Clear,-1.34,48,1.79
Lake Peekskill,New York,NY,False,36,Clear,-0.87,47,4.92
Larchmont,New York,NY,False,36,Clouds,-0.89,45,11.32
Lincolndale,New York,NY,False,36,Clear,-1.6,49,1.79
Mahopac,New York,NY,False,36,Clear,-2.48,51,1.79
Mahopac Falls,New York,NY,False,36,Clear,-2.29,50,1.34
Mamaroneck,New York,NY,False,36,Clouds,-0.97,45,7.72
Mohegan Lake,New York,NY,False,36,Clear,-1.71,47,2.24
Mount Kisco,New York,NY,False,36,Clouds,-1.51,47,7.72
Ossining,New York,NY,False,36,Clouds,-1.39,48,7.72
Peekskill,New York,NY,False,36,Clear,-0.94,47,2.24
Port Chester,New York,NY,False,36,Clouds,-0.89,45,7.72
Pound Ridge,New York,NY,False,36,Clouds,-1.96,46,7.72
Purchase,New York,NY,False,36,Clouds,-1.46,45,7.72
Purdys,New York,NY,False,36,Clouds,-1.48,49,3.6
Putnam Valley,New York,NY,False,36,Clear,-1.2,47,2.24
Scarsdale,New York,NY,False,36,Clouds,-1.47,46,7.72
Shenorock,New York,NY,False,36,Clear,-1.88,49,1.34
Shrub Oak,New York,NY,False,36,Clear,-1.55,48,2.24
Thornwood,New York,NY,False,36,Clouds,-1.63,47,7.72
Valhalla,New York,NY,False,36,Clouds,-1.6,47,7.72
Verplanck,New York,NY,False,36,Clear,-0.81,46,2.24
Yorktown Heights,New York,NY,False,36,Clear,-1.71,48,1.34
Yonkers,New York,NY,False,36,Clouds,-0.95,43,11.32
Hastings On Hudson,New York,NY,False,36,Clouds,-1.34,45,7.72
Tuckahoe,New Jersey,NJ,False,34,Clouds,-1.17,51,6.78
Bronxville,New York,NY,False,36,Clouds,-1.01,45,11.32
Eastchester,New York,NY,False,36,Clouds,-1.33,45,7.72
New Rochelle,New York,NY,False,36,Clouds,-0.94,44,11.32
Suffern,New York,NY,False,36,Clouds,-1.72,47,1.34
Bellvale,New York,NY,False,36,Clouds,-2.74,49,6.53
Blauvelt,New York,NY,False,36,Clear,-1.39,46,1.34
Bullville,New York,NY,False,36,Clouds,-2.45,60,8.23
Campbell Hall,New York,NY,False,36,Clouds,-1.93,52,12.86
Central Valley,New York,NY,False,36,Clouds,-1.98,47,12.86
Congers,New York,NY,False,36,Clear,-1.36,48,1.34
Florida,New York,NY,False,36,Snow,-5.32,85,5.66
Fort Montgomery,New York,NY,False,36,Clouds,-1.07,47,4.92
Garnerville,New York,NY,False,36,Clear,-1.47,47,0.89
Greenwood Lake,New York,NY,False,36,Clouds,-2.53,49,2.24
Haverstraw,New York,NY,False,36,Clear,-0.94,48,0.89
Highland Falls,New York,NY,False,36,Clouds,-1.1,47,12.86
Highland Mills,New York,NY,False,36,Clouds,-1.98,47,12.86
Hillburn,New York,NY,False,36,Clouds,-1.68,47,1.34
Monsey,New York,NY,False,36,Clear,-2.14,48,1.34
Mountainville,New York,NY,False,36,Clouds,-1.92,49,12.86
Nanuet,New York,NY,False,36,Clear,-1.58,47,1.34
New City,New York,NY,False,36,Clear,-1.43,48,1.34
Nyack,New York,NY,False,36,Clouds,-1.15,47,7.72
Piermont,New Hampshire,NH,False,33,Clouds,-8.47,60,3.73
Slate Hill,New York,NY,False,36,Clouds,-2.64,63,6.52
Sloatsburg,New York,NY,False,36,Clouds,-2.12,48,1.34
Southfields,New York,NY,False,36,Clouds,-2.32,49,6.34
Sparkill,New York,NY,False,36,Clouds,-1.05,45,7.72
Sterling Forest,New York,NY,False,36,Clouds,-2.65,47,2.24
Sugar Loaf,New York,NY,False,36,Clouds,-2.61,51,1.79
Tallman,New York,NY,False,36,Clouds,-2.11,47,1.34
Tappan,New York,NY,False,36,Clear,-1.02,45,3.13
Thiells,New York,NY,False,36,Clear,-1.59,47,0.45
Thompson Ridge,New York,NY,False,36,Clouds,-2.37,58,8.23
Tomkins Cove,New York,NY,False,36,Clear,-0.84,46,2.24
Tuxedo Park,New York,NY,False,36,Clouds,-2.49,48,1.34
Valley Cottage,New York,NY,False,36,Clear,-1.37,48,1.34
West Haverstraw,New York,NY,False,36,Clear,-1.11,47,0.89
West Nyack,New York,NY,False,36,Clear,-1.2,47,1.34
Elmont,New York,NY,False,36,Clouds,-0.61,42,11.32
Glen Oaks,New York,NY,False,36,Clouds,-0.82,42,11.32
Floral Park,New York,NY,False,36,Clouds,-0.77,42,11.32
Franklin Square,New York,NY,False,36,Clouds,-0.66,42,11.32
Great Neck,New York,NY,False,36,Clouds,-0.83,43,11.32
Manhasset,New York,NY,False,36,Clouds,-0.9,43,11.32
New Hyde Park,New York,NY,False,36,Clouds,-0.82,43,11.32
Long Island City,New York,NY,False,36,Clouds,-0.36,40,11.32
College Point,New York,NY,False,36,Clouds,-0.47,41,11.32
Whitestone,New York,NY,False,36,Clouds,-0.52,42,11.32
Little Neck,New York,NY,False,36,Clouds,-0.9,42,11.32
Oakland Gardens,New York,NY,False,36,Clouds,-0.67,42,11.32
Fresh Meadows,New York,NY,False,36,Clouds,-0.57,41,11.32
East Elmhurst,New York,NY,False,36,Clouds,-0.43,41,11.32
Jackson Heights,New York,NY,False,36,Clouds,-0.45,40,11.32
Rego Park,New York,NY,False,36,Clouds,-0.43,40,11.32
Maspeth,New York,NY,False,36,Clouds,-0.34,40,11.32
Middle Village,New York,NY,False,36,Clouds,-0.49,40,11.32
Ridgewood,New Jersey,NJ,False,34,Clouds,-1.03,44,6.69
Cambria Heights,New York,NY,False,36,Clouds,-0.52,41,11.32
Springfield Gardens,New York,NY,False,36,Clouds,-0.44,41,11.32
Howard Beach,New York,NY,False,36,Clouds,-0.22,40,11.32
Kew Gardens,New York,NY,False,36,Clouds,-0.44,40,11.32
Ozone Park,New York,NY,False,36,Clouds,-0.31,40,11.32
South Ozone Park,New York,NY,False,36,Clouds,-0.29,40,11.32
Woodhaven,New York,NY,False,36,Clouds,-0.31,40,11.32
Bellerose,New York,NY,False,36,Clouds,-0.75,42,11.32
Queens Village,New York,NY,False,36,Clouds,-0.7,42,11.32
Carle Place,New York,NY,False,36,Clouds,-0.91,43,6.71
Cedarhurst,New York,NY,False,36,Clouds,-0.38,40,8.49
East Rockaway,New York,NY,False,36,Clouds,-0.57,41,4.92
Glen Cove,Maine,ME,False,23,Clouds,-6.39,50,4.92
Glen Head,New York,NY,False,36,Clear,-1.02,44,6.71
Glenwood Landing,New York,NY,False,36,Clear,-1.1,44,6.71
Greenvale,New York,NY,False,36,Clear,-1.14,44,6.71
West Hempstead,New York,NY,False,36,Clouds,-0.75,43,4.92
East Meadow,New York,NY,False,36,Clouds,-0.81,42,8.94
Hewlett,New York,NY,False,36,Clouds,-0.46,41,8.49
Locust Valley,New York,NY,False,36,Clear,-1.14,45,4.47
Lynbrook,New York,NY,False,36,Clouds,-0.52,41,8.49
Malverne,New York,NY,False,36,Clouds,-0.58,42,11.32
Merrick,New York,NY,False,36,Clouds,-0.62,42,8.94
Old Westbury,New York,NY,False,36,Clouds,-1.17,43,6.71
Rockville Centre,New York,NY,False,36,Clouds,-0.63,42,4.92
Roslyn Heights,New York,NY,False,36,Clouds,-1.0,43,11.32
Sea Cliff,New York,NY,False,36,Clear,-1.17,45,4.47
Valley Stream,New York,NY,False,36,Clouds,-0.48,41,11.32
Westbury,New York,NY,False,36,Clouds,-0.93,43,6.71
Williston Park,New York,NY,False,36,Clouds,-0.91,43,11.32
Woodmere,New York,NY,False,36,Clouds,-0.42,40,8.49
Far Rockaway,New York,NY,False,36,Clouds,-0.29,39,8.49
Arverne,New York,NY,False,36,Clouds,-0.19,39,8.49
Rockaway Park,New York,NY,False,36,Clouds,-0.12,39,8.49
Breezy Point,New York,NY,False,36,Clouds,-0.12,40,5.81
Amityville,New York,NY,False,36,Clouds,-0.63,42,8.94
Babylon,New York,NY,False,36,Clouds,-0.61,43,6.69
North Babylon,New York,NY,False,36,Clouds,-0.66,43,6.69
West Babylon,New York,NY,False,36,Clouds,-0.69,43,6.71
Bayville,New Jersey,NJ,False,34,Clouds,-0.72,47,6.71
Bellport,New York,NY,False,36,Clouds,-0.67,50,12.35
Blue Point,New York,NY,False,36,Clouds,-0.72,48,12.35
Bohemia,New York,NY,False,36,Clouds,-0.9,45,12.35
Brightwaters,New York,NY,False,36,Clouds,-0.68,43,12.35
Centereach,New York,NY,False,36,Clouds,-1.01,46,14.31
Central Islip,New York,NY,False,36,Clouds,-0.9,43,12.35
Cold Spring Harbor,New York,NY,False,36,Clouds,-1.01,43,6.69
Commack,New York,NY,False,36,Clouds,-1.05,43,12.35
Copiague,New York,NY,False,36,Clouds,-0.64,42,7.15
East Islip,New York,NY,False,36,Clouds,-0.72,43,12.52
East Northport,New York,NY,False,36,Clouds,-1.18,44,6.69
East Norwich,New York,NY,False,36,Clouds,-1.22,43,6.71
East Setauket,New York,NY,False,36,Clouds,-1.14,44,14.31
Farmingdale,Maine,ME,False,23,Clouds,-7.65,57,5.66
Farmingville,New York,NY,False,36,Clouds,-0.97,47,12.35
Great River,New York,NY,False,36,Clouds,-0.71,43,12.52
Greenlawn,New York,NY,False,36,Clouds,-1.22,44,6.69
Huntington Station,New York,NY,False,36,Clouds,-1.22,43,6.69
Islandia,New York,NY,False,36,Clouds,-0.91,44,12.35
Islip,New York,NY,False,36,Clouds,-0.69,43,12.52
Islip Terrace,New York,NY,False,36,Clouds,-0.77,43,12.35
Jericho,Vermont,VT,False,50,Clouds,-9.24,80,3.09
Kings Park,New York,NY,False,36,Clouds,-1.11,44,12.35
Lake Grove,New York,NY,False,36,Clouds,-1.04,46,14.31
Lindenhurst,New York,NY,False,36,Clouds,-0.63,42,7.15
Massapequa,New York,NY,False,36,Clouds,-0.63,42,8.94
Massapequa Park,New York,NY,False,36,Clouds,-0.65,42,8.94
Miller Place,New York,NY,False,36,Clouds,-1.01,44,4.92
Mill Neck,New York,NY,False,36,Clear,-1.01,44,4.47
Mount Sinai,New York,NY,False,36,Clouds,-1.02,44,14.31
Nesconset,New York,NY,False,36,Clouds,-1.04,44,14.31
Ocean Beach,New York,NY,False,36,Clouds,-0.55,44,12.52
Oyster Bay,New York,NY,False,36,Clouds,-1.05,43,6.71
Patchogue,New York,NY,False,36,Clouds,-0.75,48,12.35
Syosset,New York,NY,False,36,Clouds,-1.25,43,6.71
Port Jefferson Station,New York,NY,False,36,Clouds,-1.18,44,14.31
Ronkonkoma,New York,NY,False,36,Clouds,-0.99,45,12.35
Sayville,New York,NY,False,36,Clouds,-0.75,47,12.35
Shoreham,Vermont,VT,False,50,Clouds,-4.79,59,0.0
Smithtown,New York,NY,False,36,Clouds,-0.91,44,14.31
Hauppauge,New York,NY,False,36,Clouds,-0.93,43,12.35
Sound Beach,New York,NY,False,36,Clouds,-1.12,44,4.92
Stony Brook,New York,NY,False,36,Clouds,-1.04,45,14.31
Wading River,New York,NY,False,36,Clouds,-0.67,49,4.92
Wantagh,New York,NY,False,36,Clouds,-0.68,42,8.94
West Islip,New York,NY,False,36,Clouds,-0.68,43,6.69
West Sayville,New York,NY,False,36,Clouds,-0.76,47,12.35
Wyandanch,New York,NY,False,36,Clouds,-0.79,43,6.69
Old Bethpage,New York,NY,False,36,Clouds,-1.1,43,6.71
Riverhead,New York,NY,False,36,Clouds,-0.12,50,12.52
Amagansett,New York,NY,False,36,Clouds,-0.06,46,11.58
Aquebogue,New York,NY,False,36,Clouds,-0.11,51,12.52
Bridgehampton,New York,NY,False,36,Clouds,-0.03,49,11.63
Center Moriches,New York,NY,False,36,Clouds,-0.5,52,8.23
Cutchogue,New York,NY,False,36,Clouds,0.03,55,13.72
East Hampton,Connecticut,CT,False,9,Clouds,-1.66,50,1.34
East Marion,New York,NY,False,36,Clouds,0.11,51,12.52
East Moriches,New York,NY,False,36,Clouds,-0.44,53,8.23
East Quogue,New York,NY,False,36,Clouds,-0.14,46,8.94
Greenport,New York,NY,False,36,Clouds,0.19,52,12.52
Hampton Bays,New York,NY,False,36,Clouds,-0.22,47,8.94
Mastic,New York,NY,False,36,Clouds,-0.58,52,8.23
Mastic Beach,New York,NY,False,36,Clouds,-0.56,52,8.23
Mattituck,New York,NY,False,36,Clouds,-0.04,53,8.23
Middle Island,New York,NY,False,36,Clouds,-0.77,48,12.35
Montauk,New York,NY,False,36,Clouds,-0.02,51,14.24
Moriches,New York,NY,False,36,Clouds,-0.56,52,8.23
New Suffolk,New York,NY,False,36,Clouds,0.03,53,13.32
Peconic,New York,NY,False,36,Clouds,0.13,55,12.52
Quogue,New York,NY,False,36,Clouds,-0.14,44,8.23
Remsenburg,New York,NY,False,36,Clouds,-0.31,51,8.23
Sagaponack,New York,NY,False,36,Clouds,-0.03,49,11.63
Sag Harbor,New York,NY,False,36,Clouds,0.15,51,11.24
Shelter Island,New York,NY,False,36,Clouds,0.15,52,12.52
Shelter Island Heights,New York,NY,False,36,Clouds,0.19,52,12.52
South Jamesport,New York,NY,False,36,Clouds,-0.09,50,8.23
Southold,New York,NY,False,36,Clouds,0.24,54,12.52
Speonk,New York,NY,False,36,Clouds,-0.32,51,8.23
Wainscott,New York,NY,False,36,Clouds,0.06,50,11.5
Water Mill,New York,NY,False,36,Clouds,-0.09,49,4.02
Westhampton,New York,NY,False,36,Clouds,-0.21,46,8.23
Westhampton Beach,New York,NY,False,36,Clouds,-0.13,44,8.23
Yaphank,New York,NY,False,36,Clouds,-0.72,49,12.35
Alcove,New York,NY,False,36,Clouds,-3.17,72,5.1
Alplaus,New York,NY,False,36,Clouds,-3.8,76,4.63
Auriesville,New York,NY,False,36,Snow,-4.67,88,6.17
Austerlitz,New York,NY,False,36,Snow,-3.72,65,6.17
Averill Park,New York,NY,False,36,Clouds,-4.42,75,0.45
Ballston Lake,New York,NY,False,36,Clouds,-4.02,76,4.63
Ballston Spa,New York,NY,False,36,Clouds,-3.9,76,4.63
Broadalbin,New York,NY,False,36,Clouds,-5.64,86,6.17
Burnt Hills,New York,NY,False,36,Clouds,-4.1,76,4.63
Buskirk,New York,NY,False,36,Clouds,-4.01,58,0.89
Caroga Lake,New York,NY,False,36,Snow,-7.17,86,6.17
Castleton On Hudson,New York,NY,False,36,Clouds,-2.37,68,1.79
Central Bridge,New York,NY,False,36,Snow,-4.47,78,6.26
Charlotteville,New York,NY,False,36,Clouds,-5.47,73,8.72
Cobleskill,New York,NY,False,36,Snow,-4.98,71,5.81
Coeymans,New York,NY,False,36,Clouds,-1.82,66,4.55
Coeymans Hollow,New York,NY,False,36,Clouds,-2.79,73,5.1
Cohoes,New York,NY,False,36,Clouds,-3.2,76,1.79
Coxsackie,New York,NY,False,36,Clouds,-1.46,63,4.33
Cropseyville,New York,NY,False,36,Clouds,-4.68,79,1.79
Delanson,New York,NY,False,36,Snow,-5.17,83,0.89
Dormansville,New York,NY,False,36,Clouds,-3.95,72,5.53
Duanesburg,New York,NY,False,36,Snow,-4.96,81,4.63
Eagle Bridge,New York,NY,False,36,Clouds,-4.06,56,0.89
Earlton,New York,NY,False,36,Clouds,-2.37,68,4.63
East Berne,New York,NY,False,36,Snow,-5.06,72,0.89
East Chatham,New York,NY,False,36,Clouds,-2.47,61,6.17
East Greenbush,New York,NY,False,36,Clouds,-3.1,70,1.34
East Nassau,New York,NY,False,36,Clouds,-3.25,66,6.17
East Schodack,New York,NY,False,36,Clouds,-3.28,70,1.34
East Worcester,New York,NY,False,36,Snow,-5.31,84,8.82
Clifton Park,New York,NY,False,36,Clouds,-3.94,77,4.63
Esperance,New York,NY,False,36,Snow,-4.86,85,0.89
Feura Bush,New York,NY,False,36,Clouds,-2.65,68,1.79
Fort Hunter,New York,NY,False,36,Clouds,-3.77,75,4.63
Fort Johnson,New York,NY,False,36,Snow,-4.71,86,6.17
Fultonville,New York,NY,False,36,Snow,-4.72,87,6.17
Gallupville,New York,NY,False,36,Snow,-4.54,77,6.4
Galway,New York,NY,False,36,Clouds,-5.35,82,0.89
Gloversville,New York,NY,False,36,Snow,-5.79,84,6.17
Guilderland,New York,NY,False,36,Snow,-3.12,73,4.63
Guilderland Center,New York,NY,False,36,Snow,-3.4,72,4.63
Hagaman,New York,NY,False,36,Clouds,-5.37,86,6.17
Hannacroix,New York,NY,False,36,Clouds,-2.05,64,4.56
Hoosick,New York,NY,False,36,Clouds,-4.38,64,6.69
Hoosick Falls,New York,NY,False,36,Clouds,-4.53,63,6.67
Howes Cave,New York,NY,False,36,Snow,-4.94,72,5.81
Lake Pleasant,Massachusetts,MA,False,25,Clouds,-9.09,79,6.56
Malden Bridge,New York,NY,False,36,Clouds,-2.6,65,5.06
Maryland,New York,NY,False,36,Clouds,-4.96,75,8.4
Mechanicville,New York,NY,False,36,Clouds,-3.38,78,3.58
Medusa,New York,NY,False,36,Clouds,-3.76,74,1.34
Middleburgh,New York,NY,False,36,Snow,-3.86,70,0.89
Newtonville,Massachusetts,MA,False,25,Clouds,-2.5,51,8.23
Niverville,New York,NY,False,36,Clouds,-2.06,65,1.34
North Blenheim,New York,NY,False,36,Snow,-4.08,74,8.22
North Chatham,Massachusetts,MA,False,25,Clear,-1.23,52,3.13
North Hoosick,New York,NY,False,36,Clouds,-4.42,62,6.64
Old Chatham,New York,NY,False,36,Clouds,-2.56,64,2.68
Pattersonville,New York,NY,False,36,Clouds,-4.11,83,4.63
Piseco,New York,NY,False,36,Clouds,-9.44,83,6.81
Poestenkill,New York,NY,False,36,Clouds,-4.23,77,1.79
Quaker Street,New York,NY,False,36,Snow,-5.57,80,0.89
Ravena,New York,NY,False,36,Clouds,-2.55,67,4.62
Rensselaerville,New York,NY,False,36,Clouds,-5.01,72,6.6
Richmondville,New York,NY,False,36,Snow,-5.65,73,8.36
Rotterdam Junction,New York,NY,False,36,Snow,-3.99,82,4.63
Schaghticoke,New York,NY,False,36,Clouds,-3.95,80,5.7
Schenevus,New York,NY,False,36,Clouds,-5.21,76,8.53
Schodack Landing,New York,NY,False,36,Clouds,-2.31,67,4.55
Schoharie,New York,NY,False,36,Snow,-4.39,76,0.89
Selkirk,New York,NY,False,36,Clouds,-2.55,68,4.02
Slingerlands,New York,NY,False,36,Clouds,-2.7,69,4.02
Sloansville,New York,NY,False,36,Snow,-5.28,84,6.21
South Bethlehem,New York,NY,False,36,Clouds,-2.47,68,4.02
Speculator,New York,NY,False,36,Clouds,-9.38,78,6.37
Spencertown,New York,NY,False,36,Clouds,-2.76,63,2.68
Sprakers,New York,NY,False,36,Snow,-4.57,84,6.17
Stephentown,New York,NY,False,36,Clouds,-4.65,69,6.17
Stottville,New York,NY,False,36,Clouds,-1.45,59,0.89
Stuyvesant,New York,NY,False,36,Clouds,-1.6,61,4.45
Stuyvesant Falls,New York,NY,False,36,Clouds,-1.61,59,4.43
Tribes Hill,New York,NY,False,36,Snow,-4.75,87,6.17
Valatie,New York,NY,False,36,Clouds,-1.82,62,2.68
Voorheesville,New York,NY,False,36,Clouds,-3.07,70,0.89
Warnerville,New York,NY,False,36,Snow,-5.35,73,5.81
West Coxsackie,New York,NY,False,36,Clouds,-1.66,64,4.42
Westerlo,New York,NY,False,36,Clouds,-4.72,72,5.92
West Fulton,New York,NY,False,36,Snow,-5.52,73,8.15
West Sand Lake,New York,NY,False,36,Clouds,-4.1,73,1.34
Wynantskill,New York,NY,False,36,Clouds,-3.69,74,1.79
Schenectady,New York,NY,False,36,Clouds,-3.8,77,4.63
Accord,Massachusetts,MA,False,25,Clouds,-1.16,54,0.45
Acra,New York,NY,False,36,Clouds,-3.08,72,1.79
Arkville,New York,NY,False,36,Clouds,-4.88,67,0.89
Bearsville,New York,NY,False,36,Clouds,-2.81,56,4.02
Big Indian,New York,NY,False,36,Clouds,-4.84,68,8.4
Boiceville,New York,NY,False,36,Clouds,-2.86,60,4.02
Catskill,New York,NY,False,36,Clouds,-1.32,53,4.19
Chichester,New Hampshire,NH,False,33,Clouds,-5.49,58,6.17
Connelly,New York,NY,False,36,Clouds,-0.85,52,2.24
Cornwallville,New York,NY,False,36,Snow,-3.99,73,1.34
Cottekill,New York,NY,False,36,Clouds,-1.15,53,0.89
Cragsmoor,New York,NY,False,36,Clear,-4.64,67,6.09
East Durham,New York,NY,False,36,Clouds,-3.15,74,1.34
East Jewett,New York,NY,False,36,Clouds,-6.1,71,3.58
Elka Park,New York,NY,False,36,Clouds,-6.29,65,3.58
Ellenville,New York,NY,False,36,Clear,-1.99,59,6.18
Esopus,New York,NY,False,36,Clouds,-0.99,50,5.22
Fleischmanns,New York,NY,False,36,Clouds,-5.62,66,2.24
Freehold,New Jersey,NJ,False,34,Clouds,-1.25,43,9.26
Grand Gorge,New York,NY,False,36,Clouds,-5.13,68,3.58
Greenfield Park,New York,NY,False,36,Clouds,-2.75,61,6.56
Haines Falls,New York,NY,False,36,Clouds,-5.84,69,3.58
Halcottsville,New York,NY,False,36,Clouds,-5.5,65,2.24
Hensonville,New York,NY,False,36,Clouds,-5.53,72,3.58
High Falls,New York,NY,False,36,Clouds,-1.06,53,0.89
Highmount,New York,NY,False,36,Clouds,-6.36,67,2.24
Kerhonkson,New York,NY,False,36,Clouds,-1.25,56,0.45
Lake Hill,New York,NY,False,36,Clouds,-3.89,62,4.02
Lake Katrine,New York,NY,False,36,Clouds,-1.3,52,2.24
Malden On Hudson,New York,NY,False,36,Clouds,-1.13,53,4.85
Maplecrest,New York,NY,False,36,Clouds,-5.83,72,3.58
Margaretville,New York,NY,False,36,Clouds,-4.78,67,0.89
Mount Marion,New York,NY,False,36,Clouds,-1.41,56,5.18
Mount Tremper,New York,NY,False,36,Clouds,-3.27,61,2.24
Napanoch,New York,NY,False,36,Clouds,-1.79,59,6.27
New Kingston,New York,NY,False,36,Clouds,-5.4,64,0.89
Olivebridge,New York,NY,False,36,Clouds,-1.96,55,6.24
Palenville,New York,NY,False,36,Clouds,-2.62,65,4.81
Phoenicia,New York,NY,False,36,Clouds,-3.66,61,4.02
Port Ewen,New York,NY,False,36,Clouds,-0.94,51,2.24
Preston Hollow,New York,NY,False,36,Clouds,-4.04,73,7.45
Purling,New York,NY,False,36,Clouds,-2.75,69,1.34
Rifton,New York,NY,False,36,Clouds,-1.14,50,2.24
Saugerties,New York,NY,False,36,Clouds,-1.39,53,4.99
Shandaken,New York,NY,False,36,Clouds,-4.65,68,8.12
Shokan,New York,NY,False,36,Clouds,-2.48,55,6.5
South Cairo,New York,NY,False,36,Clouds,-2.06,67,4.48
Stone Ridge,New York,NY,False,36,Clouds,-1.35,53,0.89
Tillson,New York,NY,False,36,Clouds,-1.07,51,0.89
Ulster Park,New York,NY,False,36,Clouds,-1.03,50,2.24
Wawarsing,New York,NY,False,36,Clouds,-1.69,59,6.21
West Camp,New York,NY,False,36,Clouds,-1.39,51,4.71
West Hurley,New York,NY,False,36,Clouds,-2.23,54,5.72
West Kill,New York,NY,False,36,Clouds,-5.57,67,2.24
West Park,New York,NY,False,36,Clouds,-0.75,49,4.63
West Shokan,New York,NY,False,36,Clouds,-2.46,60,7.03
Ancram,New York,NY,False,36,Clouds,-2.66,61,5.8
Ancramdale,New York,NY,False,36,Clouds,-2.89,55,5.95
Annandale On Hudson,New York,NY,False,36,Clouds,-1.41,54,5.24
Bangall,New York,NY,False,36,Clouds,-2.37,53,1.79
Barrytown,New York,NY,False,36,Clouds,-1.17,52,5.33
Castle Point,New York,NY,False,36,Clouds,-1.31,51,12.86
Claverack,New York,NY,False,36,Clouds,-1.74,58,0.89
Clinton Corners,New York,NY,False,36,Clouds,-1.85,51,1.79
Clintondale,New York,NY,False,36,Clouds,-1.91,49,4.63
Copake,New York,NY,False,36,Clouds,-2.79,65,5.79
Copake Falls,New York,NY,False,36,Clouds,-3.0,66,5.71
Cornwall On Hudson,New York,NY,False,36,Clouds,-1.27,50,12.86
Craryville,New York,NY,False,36,Clouds,-3.04,64,3.13
Dover Plains,New York,NY,False,36,Clouds,-1.89,52,6.21
Fishkill,New York,NY,False,36,Clouds,-1.42,51,12.86
Hollowville,New York,NY,False,36,Clouds,-2.3,59,0.89
Hopewell Junction,New York,NY,False,36,Clouds,-1.57,52,4.63
Hughsonville,New York,NY,False,36,Clouds,-1.24,50,12.86
Lagrangeville,New York,NY,False,36,Clouds,-1.8,52,4.63
Marlboro,Vermont,VT,False,50,Clouds,-7.71,77,4.92
Maybrook,New York,NY,False,36,Clouds,-1.9,51,12.86
Mellenville,New York,NY,False,36,Clouds,-1.9,60,2.24
New Paltz,New York,NY,False,36,Clouds,-1.31,49,3.58
Pawling,New York,NY,False,36,Clouds,-2.02,54,1.34
Philmont,New York,NY,False,36,Clouds,-2.33,60,3.13
Pine Bush,New York,NY,False,36,Clouds,-2.12,52,12.86
Pine Plains,New York,NY,False,36,Clouds,-1.85,54,6.02
Plattekill,New York,NY,False,36,Clouds,-2.03,50,12.86
Poughquag,New York,NY,False,36,Clouds,-2.03,53,4.63
Red Hook,New York,NY,False,36,Clouds,-0.41,39,11.32
Rhinebeck,New York,NY,False,36,Clouds,-1.2,52,1.34
Rhinecliff,New York,NY,False,36,Clouds,-0.98,52,1.34
Rock Tavern,New York,NY,False,36,Clouds,-1.93,51,12.86
Salisbury Mills,New York,NY,False,36,Clouds,-1.85,51,12.86
Salt Point,New York,NY,False,36,Clouds,-1.46,50,1.79
Woodbourne,New York,NY,False,36,Clouds,-5.16,65,7.07
Wurtsboro,New York,NY,False,36,Clouds,-3.39,72,8.23
Yulan,New York,NY,False,36,Clouds,-4.27,58,4.02
Glens Falls,New York,NY,False,36,Clouds,-3.17,63,4.63
South Glens Falls,New York,NY,False,36,Clouds,-3.18,63,4.63
Queensbury,New York,NY,False,36,Clouds,-3.37,62,4.63
Adirondack,New York,NY,False,36,Clouds,-6.22,71,0.89
Bakers Mills,New York,NY,False,36,Clouds,-7.89,67,5.92
Blue Mountain Lake,New York,NY,False,36,Clouds,-7.86,83,6.51
Bolton Landing,New York,NY,False,36,Clouds,-3.81,62,5.21
Brant Lake,New York,NY,False,36,Clouds,-5.45,64,5.59
Cleverdale,New York,NY,False,36,Clouds,-3.59,61,4.63
Cossayuna,New York,NY,False,36,Clouds,-3.87,68,1.34
Diamond Point,New York,NY,False,36,Clouds,-3.59,61,4.63
Fort Ann,New York,NY,False,36,Clouds,-2.92,61,4.63
Fort Edward,New York,NY,False,36,Clouds,-2.81,64,4.63
Gansevoort,New York,NY,False,36,Clouds,-3.13,66,4.63
Greenfield Center,New York,NY,False,36,Clouds,-4.42,72,1.34
Hudson Falls,New York,NY,False,36,Clouds,-3.1,63,4.63
Huletts Landing,New York,NY,False,36,Clouds,-4.06,62,5.16
Indian Lake,New York,NY,False,36,Clouds,-7.96,79,0.89
Johnsburg,New York,NY,False,36,Clouds,-6.24,66,5.87
Lake Luzerne,New York,NY,False,36,Clouds,-3.76,64,4.63
Middle Falls,New York,NY,False,36,Clouds,-3.45,67,6.04
Middle Granville,New York,NY,False,36,Clouds,-3.99,64,0.45
Middle Grove,New York,NY,False,36,Clouds,-4.36,73,0.89
North Creek,New York,NY,False,36,Clouds,-6.87,78,5.88
North Granville,New York,NY,False,36,Clouds,-3.81,64,0.45
North Hudson,New York,NY,False,36,Clouds,-6.49,71,4.26
North River,New York,NY,False,36,Clouds,-6.74,79,5.94
Olmstedville,New York,NY,False,36,Clouds,-7.09,73,1.79
Porter Corners,New York,NY,False,36,Clouds,-4.33,72,0.89
Putnam Station,New York,NY,False,36,Clouds,-3.27,61,5.11
Riparius,New York,NY,False,36,Clouds,-6.09,65,5.84
Rock City Falls,New York,NY,False,36,Clouds,-4.18,74,0.89
Sabael,New York,NY,False,36,Clouds,-7.77,79,0.89
Schroon Lake,New York,NY,False,36,Clouds,-6.22,71,2.68
Schuylerville,New York,NY,False,36,Clouds,-3.08,68,5.99
Shushan,New York,NY,False,36,Clouds,-4.42,68,0.89
Ticonderoga,New York,NY,False,36,Clouds,-4.69,52,4.13
Victory Mills,New York,NY,False,36,Clouds,-3.28,69,5.92
Wevertown,New York,NY,False,36,Clouds,-6.1,66,5.87
Plattsburgh,New York,NY,False,36,Clouds,-7.2,64,3.09
Keeseville,New York,NY,False,36,Clouds,-7.7,58,3.09
Au Sable Forks,New York,NY,False,36,Clouds,-7.93,67,4.21
Bombay,New York,NY,False,36,Snow,-8.96,90,3.22
Brainardsville,New York,NY,False,36,Snow,-11.83,93,5.06
Brushton,New York,NY,False,36,Snow,-9.47,92,3.4
Cadyville,New York,NY,False,36,Clouds,-8.22,70,3.09
Chateaugay,New York,NY,False,36,Snow,-11.6,92,5.27
Chazy,New York,NY,False,36,Clouds,-8.85,80,5.31
Childwold,New York,NY,False,36,Snow,-8.53,88,4.6
Constable,New York,NY,False,36,Snow,-10.41,91,4.29
Cranberry Lake,New York,NY,False,36,Snow,-8.23,93,5.09
Dannemora,New York,NY,False,36,Clouds,-9.55,79,0.89
Dickinson Center,New York,NY,False,36,Snow,-9.96,93,3.64
Ellenburg,New York,NY,False,36,Snow,-8.71,92,5.23
Ellenburg Center,New York,NY,False,36,Snow,-9.19,93,5.12
Ellenburg Depot,New York,NY,False,36,Snow,-8.49,90,5.34
Fort Covington,New York,NY,False,36,Clouds,-10.01,88,3.55
Gabriels,New York,NY,False,36,Snow,-10.17,79,2.57
Keene Valley,New York,NY,False,36,Clouds,-9.36,74,3.1
Lake Clear,New York,NY,False,36,Snow,-9.88,83,2.57
Lyon Mountain,New York,NY,False,36,Snow,-10.61,80,4.83
Mineville,New York,NY,False,36,Clouds,-7.76,59,2.2
Moira,New York,NY,False,36,Snow,-9.43,92,3.37
Mooers,New York,NY,False,36,Clouds,-9.52,78,5.25
Mooers Forks,New York,NY,False,36,Clouds,-9.98,82,5.31
Moriah,New York,NY,False,36,Clouds,-6.57,61,2.45
Moriah Center,New York,NY,False,36,Clouds,-7.11,59,2.31
New Russia,New York,NY,False,36,Clouds,-6.58,59,2.46
Nicholville,New York,NY,False,36,Snow,-8.46,93,3.31
North Bangor,New York,NY,False,36,Snow,-9.71,92,3.71
Owls Head,Maine,ME,False,23,Clouds,-6.13,48,4.63
Paul Smiths,New York,NY,False,36,Snow,-9.91,82,2.57
Piercefield,New York,NY,False,36,Snow,-8.32,88,4.64
Port Henry,New York,NY,False,36,Clouds,-5.69,59,2.24
Port Kent,New York,NY,False,36,Clouds,-7.12,68,3.09
Rainbow Lake,New York,NY,False,36,Snow,-10.24,79,2.57
Ray Brook,New York,NY,False,36,Snow,-9.47,87,2.57
Rouses Point,New York,NY,False,36,Clouds,-9.1,79,6.01
Saint Regis Falls,New York,NY,False,36,Snow,-10.55,93,3.73
Saranac Lake,New York,NY,False,36,Snow,-9.38,87,2.57
Schuyler Falls,New York,NY,False,36,Clouds,-7.51,68,3.09
Tupper Lake,New York,NY,False,36,Snow,-8.5,88,4.44
Upper Jay,New York,NY,False,36,Clouds,-9.31,76,3.63
West Chazy,New York,NY,False,36,Clouds,-7.98,69,3.09
Whippleville,New York,NY,False,36,Snow,-10.83,93,4.27
Willsboro,New York,NY,False,36,Clouds,-6.81,73,4.71
Witherbee,New York,NY,False,36,Clouds,-7.89,59,2.37
Apulia Station,New York,NY,False,36,Snow,-5.27,73,6.71
Baldwinsville,New York,NY,False,36,Snow,-3.6,73,8.23
Bernhards Bay,New York,NY,False,36,Snow,-3.3,76,7.09
Brewerton,New York,NY,False,36,Snow,-3.33,75,8.23
Camillus,New York,NY,False,36,Snow,-3.98,70,8.75
Canastota,New York,NY,False,36,Snow,-4.13,75,7.82
Cato,New York,NY,False,36,Snow,-3.86,73,4.92
Central Square,New York,NY,False,36,Snow,-3.38,76,8.23
Chittenango,New York,NY,False,36,Snow,-4.34,74,4.47
Cincinnatus,New York,NY,False,36,Snow,-5.35,76,8.88
Clockville,New York,NY,False,36,Snow,-4.77,77,8.19
Constantia,New York,NY,False,36,Snow,-3.23,74,8.23
Delphi Falls,New York,NY,False,36,Snow,-5.08,76,8.96
Durhamville,New York,NY,False,36,Snow,-4.31,78,7.58
East Homer,New York,NY,False,36,Clouds,-4.89,71,6.69
East Syracuse,New York,NY,False,36,Snow,-3.64,71,8.23
Elbridge,New York,NY,False,36,Snow,-4.05,70,8.75
Erieville,New York,NY,False,36,Snow,-6.6,78,0.45
Fabius,New York,NY,False,36,Snow,-5.42,74,5.36
Freeville,New York,NY,False,36,Clouds,-5.15,74,8.94
King Ferry,New York,NY,False,36,Clouds,-4.76,70,8.98
Locke,New York,NY,False,36,Clouds,-4.71,72,6.69
Lycoming,New York,NY,False,36,Fog,-3.12,91,8.75
Maple View,New York,NY,False,36,Snow,-3.99,76,8.48
Martville,New York,NY,False,36,Snow,-3.58,71,8.28
Minetto,New York,NY,False,36,Snow,-3.18,91,8.75
Minoa,New York,NY,False,36,Snow,-3.59,71,8.23
Mottville,New York,NY,False,36,Snow,-4.65,71,8.75
Nedrow,New York,NY,False,36,Snow,-3.94,70,8.23
New Woodstock,New York,NY,False,36,Snow,-6.11,78,9.06
North Bay,New York,NY,False,36,Snow,-4.15,94,7.18
North Pitcher,New York,NY,False,36,Snow,-5.88,77,8.74
Parish,New York,NY,False,36,Snow,-4.1,81,7.86
Pennellville,New York,NY,False,36,Fog,-3.62,79,8.75
Peterboro,New York,NY,False,36,Snow,-5.97,76,3.13
Pitcher,New York,NY,False,36,Snow,-5.91,76,8.8
Pompey,New York,NY,False,36,Snow,-6.37,73,5.36
Poplar Ridge,New York,NY,False,36,Clouds,-4.64,72,9.08
Sandy Creek,New York,NY,False,36,Clouds,-3.52,65,9.0
Scipio Center,New York,NY,False,36,Clouds,-4.96,70,8.75
Seneca Falls,New York,NY,False,36,Snow,-3.3,66,2.24
Skaneateles,New York,NY,False,36,Snow,-4.59,71,8.75
Skaneateles Falls,New York,NY,False,36,Snow,-4.32,70,8.75
South Butler,New York,NY,False,36,Snow,-3.76,70,8.08
South Otselic,New York,NY,False,36,Clouds,-6.12,88,8.77
Tully,New York,NY,False,36,Snow,-5.26,74,6.71
Verona Beach,New York,NY,False,36,Snow,-4.05,95,7.28
Wampsville,New York,NY,False,36,Snow,-4.36,73,8.0
Warners,New York,NY,False,36,Snow,-3.72,70,8.23
Weedsport,New York,NY,False,36,Snow,-3.79,71,8.75
Alder Creek,New York,NY,False,36,Snow,-5.45,85,5.64
Altmar,New York,NY,False,36,Snow,-6.27,70,8.0
Blossvale,New York,NY,False,36,Snow,-4.0,82,9.26
Bouckville,New York,NY,False,36,Snow,-5.87,78,9.02
Brantingham,New York,NY,False,36,Snow,-5.56,89,5.32
Burlington Flats,New York,NY,False,36,Snow,-5.66,77,9.41
Canajoharie,New York,NY,False,36,Snow,-4.53,82,4.02
Chadwicks,New York,NY,False,36,Snow,-5.02,78,4.92
Clark Mills,New York,NY,False,36,Mist,-4.66,80,9.26
Clayville,Rhode Island,RI,False,44,Clear,-2.63,50,4.92
Cold Brook,New York,NY,False,36,Snow,-6.28,96,1.34
Constableville,New York,NY,False,36,Snow,-5.56,89,6.17
Croghan,New York,NY,False,36,Snow,-6.18,85,5.13
Deansboro,New York,NY,False,36,Snow,-5.34,79,8.07
Dolgeville,New York,NY,False,36,Snow,-5.64,83,0.45
Eagle Bay,New York,NY,False,36,Snow,-8.01,84,2.68
Edmeston,New York,NY,False,36,Clouds,-5.28,84,9.34
Fly Creek,New York,NY,False,36,Snow,-5.36,78,2.24
Forestport,New York,NY,False,36,Snow,-5.42,91,5.64
Fort Plain,New York,NY,False,36,Snow,-4.32,83,4.02
Garrattsville,New York,NY,False,36,Clouds,-5.33,78,8.82
Greig,New York,NY,False,36,Snow,-4.79,90,5.59
Herkimer,New York,NY,False,36,Snow,-4.58,77,3.58
Hoffmeister,New York,NY,False,36,Clouds,-9.12,89,7.09
Holland Patent,New York,NY,False,36,Snow,-4.77,81,9.26
Hubbardsville,New York,NY,False,36,Snow,-6.05,79,3.58
Ilion,New York,NY,False,36,Snow,-4.52,71,6.99
Inlet,New York,NY,False,36,Snow,-7.96,84,2.68
Jordanville,New York,NY,False,36,Snow,-6.56,63,7.35
Knoxboro,New York,NY,False,36,Snow,-5.7,78,2.24
Leonardsville,New York,NY,False,36,Snow,-5.96,77,9.36
Lowville,New York,NY,False,36,Snow,-7.14,90,6.18
Lyons Falls,New York,NY,False,36,Snow,-4.6,89,5.7
Marcy,New York,NY,False,36,Mist,-4.44,79,9.26
Munnsville,New York,NY,False,36,Snow,-4.91,78,2.24
Nelliston,New York,NY,False,36,Snow,-4.54,83,4.02
North Brookfield,Massachusetts,MA,False,25,Clouds,-4.29,53,6.17
Oriskany Falls,New York,NY,False,36,Snow,-5.63,79,8.59
Palatine Bridge,New York,NY,False,36,Snow,-4.57,82,4.02
Port Leyden,New York,NY,False,36,Snow,-4.83,91,5.68
Raquette Lake,New York,NY,False,36,Snow,-7.83,84,6.12
Richfield Springs,New York,NY,False,36,Snow,-6.01,77,8.29
Roseboom,New York,NY,False,36,Snow,-5.48,71,8.31
Saint Johnsville,New York,NY,False,36,Snow,-4.5,81,4.02
Salisbury Center,New York,NY,False,36,Snow,-6.19,84,5.33
Sangerfield,New York,NY,False,36,Snow,-6.18,78,8.6
Sauquoit,New York,NY,False,36,Snow,-5.09,78,3.13
Schuyler Lake,New York,NY,False,36,Snow,-5.57,78,8.91
Sherburne,New York,NY,False,36,Clouds,-5.73,84,3.58
Solsville,New York,NY,False,36,Snow,-5.86,79,8.84
Springfield Center,New York,NY,False,36,Snow,-5.64,72,7.93
Stittville,New York,NY,False,36,Snow,-4.44,80,9.26
Taberg,New York,NY,False,36,Snow,-4.21,82,9.26
Thendara,New York,NY,False,36,Snow,-6.69,91,5.62
Van Hornesville,New York,NY,False,36,Snow,-5.75,72,5.81
Washington Mills,New York,NY,False,36,Snow,-4.69,79,3.13
Westdale,New York,NY,False,36,Snow,-6.26,85,7.33
West Eaton,New York,NY,False,36,Snow,-6.2,78,9.21
West Edmeston,New York,NY,False,36,Snow,-5.95,87,9.58
Westernville,New York,NY,False,36,Snow,-4.37,82,9.26
Westford,Massachusetts,MA,False,25,Clouds,-3.79,54,4.47
West Leyden,New York,NY,False,36,Snow,-5.96,88,6.22
West Winfield,New York,NY,False,36,Snow,-6.0,77,2.68
Woodgate,New York,NY,False,36,Snow,-6.0,91,0.45
Adams Center,New York,NY,False,36,Clouds,-3.29,69,8.23
Alexandria Bay,New York,NY,False,36,Clouds,-3.84,72,5.96
Brasher Falls,New York,NY,False,36,Mist,-8.82,86,0.0
Calcium,New York,NY,False,36,Clouds,-3.57,67,8.23
Cape Vincent,New York,NY,False,36,Clouds,-3.95,71,9.55
Castorland,New York,NY,False,36,Snow,-4.08,79,5.54
Chase Mills,New York,NY,False,36,Clouds,-8.37,88,3.14
Chaumont,New York,NY,False,36,Clouds,-2.89,68,8.23
Chippewa Bay,New York,NY,False,36,Clouds,-5.3,81,4.71
Copenhagen,New York,NY,False,36,Snow,-5.11,69,5.66
Deferiet,New York,NY,False,36,Clouds,-3.96,65,5.66
De Kalb Junction,New York,NY,False,36,Clouds,-6.92,80,3.75
Depauville,New York,NY,False,36,Clouds,-3.53,69,8.23
De Peyster,New York,NY,False,36,Clouds,-6.56,85,0.0
Ellisburg,New York,NY,False,36,Clouds,-2.27,63,10.37
Evans Mills,New York,NY,False,36,Clouds,-3.46,64,5.66
Felts Mills,New York,NY,False,36,Clouds,-3.87,67,5.66
Fine,New York,NY,False,36,Snow,-6.51,100,4.94
Wellesley Island,New York,NY,False,36,Clouds,-3.83,70,4.92
Fishers Landing,New York,NY,False,36,Clouds,-3.83,72,4.92
Gouverneur,New York,NY,False,36,Clouds,-5.41,64,4.76
Hailesboro,New York,NY,False,36,Clouds,-5.49,100,4.76
Hannawa Falls,New York,NY,False,36,Snow,-7.48,91,2.06
Henderson Harbor,New York,NY,False,36,Clouds,-2.38,72,11.59
Hermon,New York,NY,False,36,Clouds,-6.59,81,3.86
Heuvelton,New York,NY,False,36,Clouds,-6.72,85,0.0
Hogansburg,New York,NY,False,36,Mist,-8.92,86,0.0
La Fargeville,New York,NY,False,36,Clouds,-3.94,72,4.92
Limerick,Maine,ME,False,23,Clouds,-6.54,55,0.45
Oswegatchie,New York,NY,False,36,Clouds,-6.84,85,0.0
Parishville,New York,NY,False,36,Snow,-8.65,93,2.06
Pierrepont Manor,New York,NY,False,36,Clouds,-3.2,64,8.97
Plessis,New York,NY,False,36,Clouds,-4.08,72,6.25
Pyrites,New York,NY,False,36,Clouds,-8.41,84,3.63
Rensselaer Falls,New York,NY,False,36,Clouds,-6.87,86,0.0
Rodman,New York,NY,False,36,Clouds,-3.97,70,8.23
Rooseveltown,New York,NY,False,36,Mist,-8.97,86,0.0
Sackets Harbor,New York,NY,False,36,Clouds,-2.46,68,8.23
South Colton,New York,NY,False,36,Snow,-8.44,92,2.06
Thousand Island Park,New York,NY,False,36,Clouds,-3.88,71,4.92
Three Mile Bay,New York,NY,False,36,Clouds,-3.02,68,8.23
Waddington,New York,NY,False,36,Snow,-7.94,86,3.37
Wanakena,New York,NY,False,36,Snow,-10.21,93,5.46
West Stockholm,New York,NY,False,36,Snow,-7.79,91,2.06
Andes,New York,NY,False,36,Clouds,-5.45,67,8.21
Apalachin,New York,NY,False,36,Clouds,-4.49,71,5.81
Berkshire,Massachusetts,MA,False,25,Snow,-11.91,81,2.06
Blodgett Mills,New York,NY,False,36,Clouds,-5.11,72,5.66
Bovina Center,New York,NY,False,36,Clouds,-5.79,61,8.45
Castle Creek,New York,NY,False,36,Clouds,-5.59,74,8.23
Chenango Bridge,New York,NY,False,36,Clouds,-5.18,73,8.23
Chenango Forks,New York,NY,False,36,Clouds,-5.09,73,8.23
Colliersville,New York,NY,False,36,Clouds,-5.05,78,2.24
Corbettsville,New York,NY,False,36,Clouds,-5.35,74,0.89
Davenport Center,New York,NY,False,36,Clouds,-5.53,80,8.31
Deposit,New York,NY,False,36,Clouds,-5.67,76,2.68
East Branch,New York,NY,False,36,Clouds,-5.58,65,6.87
East Meredith,New York,NY,False,36,Clouds,-5.99,81,8.41
East Pharsalia,New York,NY,False,36,Snow,-6.62,87,8.45
Endwell,New York,NY,False,36,Clouds,-4.95,72,8.23
Fishs Eddy,New York,NY,False,36,Clouds,-5.76,64,6.79
Glen Aubrey,New York,NY,False,36,Clouds,-5.42,74,8.23
Harpersfield,New York,NY,False,36,Clouds,-5.87,69,4.02
Harpursville,New York,NY,False,36,Clouds,-5.54,76,2.68
Killawog,New York,NY,False,36,Clouds,-5.15,76,3.58
Maine,New York,NY,False,36,Clouds,-5.01,73,8.23
Meridale,New York,NY,False,36,Clouds,-6.99,82,1.34
Mount Upton,New York,NY,False,36,Clouds,-4.77,77,8.4
Mount Vision,New York,NY,False,36,Clouds,-5.39,77,8.16
Newark Valley,New York,NY,False,36,Clouds,-5.26,73,8.23
North Norwich,New York,NY,False,36,Clouds,-5.61,87,1.79
Otego,New York,NY,False,36,Clouds,-4.82,76,4.47
Ouaquaga,New York,NY,False,36,Clouds,-5.56,76,2.68
Owego,New York,NY,False,36,Clouds,-4.45,72,3.58
Port Crane,New York,NY,False,36,Clouds,-5.39,74,8.23
Portlandville,New York,NY,False,36,Clouds,-5.15,77,8.2
Sidney Center,New York,NY,False,36,Clouds,-5.79,81,4.47
Smithville Flats,New York,NY,False,36,Clouds,-5.04,71,2.24
South Kortright,New York,NY,False,36,Clouds,-5.31,66,8.45
South New Berlin,New York,NY,False,36,Clouds,-5.67,87,8.92
South Plymouth,New York,NY,False,36,Snow,-5.99,87,1.79
Tioga Center,New York,NY,False,36,Clouds,-4.53,72,3.58
Treadwell,New York,NY,False,36,Clouds,-6.97,84,1.34
Tunnel,New York,NY,False,36,Clouds,-6.45,74,5.81
Vestal,New York,NY,False,36,Clouds,-4.74,71,8.23
Wells Bridge,New York,NY,False,36,Clouds,-5.03,79,4.47
West Davenport,New York,NY,False,36,Clouds,-5.48,80,2.24
West Oneonta,New York,NY,False,36,Clouds,-5.12,79,2.24
Whitney Point,New York,NY,False,36,Clouds,-5.17,73,8.23
Willet,New York,NY,False,36,Clouds,-5.17,73,8.67
Willseyville,New York,NY,False,36,Clouds,-5.23,76,7.65
Binghamton,New York,NY,False,36,Clouds,-5.02,72,8.23
Arcade,New York,NY,False,36,Snow,-6.64,86,9.43
Athol Springs,New York,NY,False,36,Clouds,-4.19,73,5.36
Basom,New York,NY,False,36,Snow,-5.02,69,11.32
Clarence Center,New York,NY,False,36,Snow,-4.81,69,9.77
Colden,New York,NY,False,36,Clouds,-5.87,79,2.24
Collins Center,New York,NY,False,36,Clouds,-5.95,72,8.95
Corfu,New York,NY,False,36,Snow,-5.36,70,6.71
Cowlesville,New York,NY,False,36,Clouds,-5.48,70,6.71
Darien Center,New York,NY,False,36,Clouds,-5.63,70,6.71
Delevan,New York,NY,False,36,Snow,-6.68,87,9.05
East Amherst,New York,NY,False,36,Snow,-4.74,69,9.77
East Aurora,New York,NY,False,36,Clouds,-5.21,74,9.39
East Bethany,New York,NY,False,36,Clouds,-5.49,75,11.32
East Concord,New York,NY,False,36,Snow,-6.64,83,9.24
East Pembroke,New York,NY,False,36,Snow,-5.22,69,11.32
Farmersville Station,New York,NY,False,36,Snow,-9.41,91,8.6
Gasport,New York,NY,False,36,Snow,-4.66,73,5.81
Getzville,New York,NY,False,36,Snow,-4.74,68,11.32
Gowanda,New York,NY,False,36,Clouds,-4.16,71,8.98
Java Center,New York,NY,False,36,Snow,-6.81,80,10.02
Java Village,New York,NY,False,36,Clouds,-6.03,75,10.03
Lawtons,New York,NY,False,36,Clouds,-4.98,67,10.1
Lyndonville,Vermont,VT,False,50,Clouds,-11.03,77,0.45
Machias,Maine,ME,False,23,Clouds,-8.09,58,1.79
Marilla,New York,NY,False,36,Clouds,-5.12,69,9.77
Model City,New York,NY,False,36,Clouds,-4.4,70,11.32
Newfane,Vermont,VT,False,50,Clouds,-5.08,64,2.24
North Boston,New York,NY,False,36,Clouds,-4.81,73,1.79
North Collins,New York,NY,False,36,Clouds,-4.58,71,11.08
North Evans,New York,NY,False,36,Clouds,-4.26,75,5.36
North Java,New York,NY,False,36,Clouds,-6.93,80,10.26
North Tonawanda,New York,NY,False,36,Snow,-4.79,68,11.32
Olcott,New York,NY,False,36,Clouds,-3.78,73,5.81
Orchard Park,New York,NY,False,36,Clouds,-4.93,72,9.77
Pike,New Hampshire,NH,False,33,Clouds,-10.49,72,0.89
Ransomville,New York,NY,False,36,Clouds,-4.27,71,11.32
South Dayton,New York,NY,False,36,Snow,-5.25,74,8.54
South Wales,New York,NY,False,36,Clouds,-5.45,75,9.39
Spring Brook,New York,NY,False,36,Clouds,-4.94,70,9.77
Stella Niagara,New York,NY,False,36,Clouds,-4.27,70,11.32
Strykersville,New York,NY,False,36,Clouds,-5.86,75,10.06
Tonawanda,New York,NY,False,36,Snow,-4.77,68,11.32
Van Buren Point,New York,NY,False,36,Clouds,-4.22,65,8.75
Varysburg,New York,NY,False,36,Clouds,-6.18,70,10.25
Wales Center,New York,NY,False,36,Clouds,-5.31,73,9.39
West Falls,New York,NY,False,36,Clouds,-5.32,73,9.39
West Valley,New York,NY,False,36,Snow,-9.2,87,8.25
Niagara Falls,New York,NY,False,36,Clouds,-4.81,69,11.32
Adams Basin,New York,NY,False,36,Clouds,-3.98,71,9.26
Bellona,New York,NY,False,36,Clouds,-4.66,65,9.77
Bergen,New York,NY,False,36,Clouds,-4.28,72,11.32
Branchport,New York,NY,False,36,Clouds,-4.6,69,9.77
Canandaigua,New York,NY,False,36,Snow,-4.55,67,6.71
Castile,New York,NY,False,36,Snow,-6.34,81,9.38
Clifton Springs,New York,NY,False,36,Snow,-3.79,69,9.17
Conesus,New York,NY,False,36,Clouds,-5.54,74,6.71
East Bloomfield,New York,NY,False,36,Snow,-4.94,68,6.71
East Williamson,New York,NY,False,36,Snow,-3.12,74,11.18
Fairport,New York,NY,False,36,Snow,-3.37,67,9.26
Fancher,New York,NY,False,36,Clouds,-4.39,70,3.13
Hilton,New York,NY,False,36,Clouds,-3.39,74,12.96
Holley,New York,NY,False,36,Clouds,-4.3,71,3.13
Honeoye,New York,NY,False,36,Clouds,-4.86,69,9.24
Honeoye Falls,New York,NY,False,36,Clouds,-4.17,68,9.26
Keuka Park,New York,NY,False,36,Clouds,-4.64,68,9.77
Knowlesville,New York,NY,False,36,Clouds,-4.38,72,5.81
Livonia Center,New York,NY,False,36,Clouds,-5.15,73,6.71
Macedon,New York,NY,False,36,Snow,-3.35,68,4.47
North Chili,New York,NY,False,36,Clouds,-4.02,68,9.26
North Greece,New York,NY,False,36,Clouds,-3.36,71,12.96
North Rose,New York,NY,False,36,Haze,-3.31,70,5.66
Oaks Corners,New York,NY,False,36,Snow,-3.58,69,8.89
Ontario Center,New York,NY,False,36,Snow,-3.24,71,8.94
Pavilion,New York,NY,False,36,Clouds,-5.73,75,4.92
Penn Yan,New York,NY,False,36,Clouds,-4.66,68,9.77
Perkinsville,Vermont,VT,False,50,Clouds,-5.11,57,4.63
Piffard,New York,NY,False,36,Clouds,-4.78,72,4.92
Pultneyville,New York,NY,False,36,Snow,-2.7,75,11.18
Retsof,New York,NY,False,36,Clouds,-5.11,73,4.92
Seneca Castle,New York,NY,False,36,Clouds,-4.41,70,9.11
Shortsville,New York,NY,False,36,Snow,-4.01,67,5.81
Sodus Point,New York,NY,False,36,Haze,-2.72,72,5.66
Sonyea,New York,NY,False,36,Clouds,-4.37,74,2.57
South Byron,New York,NY,False,36,Clouds,-4.51,75,11.32
South Lima,New York,NY,False,36,Clouds,-4.92,72,5.36
Spencerport,New York,NY,False,36,Clouds,-3.9,70,9.26
Springwater,New York,NY,False,36,Snow,-5.25,72,2.57
Waterport,New York,NY,False,36,Clouds,-3.9,72,5.81
West Henrietta,New York,NY,False,36,Clouds,-3.91,67,9.26
Angelica,New York,NY,False,36,Clouds,-8.13,87,7.82
Bemus Point,New York,NY,False,36,Mist,-7.39,89,7.2
Caneadea,New York,NY,False,36,Snow,-8.42,90,8.28
Cattaraugus,New York,NY,False,36,Snow,-8.15,81,7.93
Celoron,New York,NY,False,36,Mist,-6.75,89,7.2
Conewango Valley,New York,NY,False,36,Mist,-7.08,86,7.2
Dewittville,New York,NY,False,36,Mist,-6.76,87,7.2
East Otto,New York,NY,False,36,Clouds,-8.27,82,8.2
East Randolph,Vermont,VT,False,50,Clouds,-7.74,81,2.57
Ellicottville,New York,NY,False,36,Snow,-9.05,88,7.31
Falconer,New York,NY,False,36,Mist,-6.98,87,7.2
Findley Lake,New York,NY,False,36,Clouds,-6.15,72,8.63
Frewsburg,New York,NY,False,36,Mist,-6.91,88,7.2
Gerry,New York,NY,False,36,Mist,-7.22,87,7.2
Great Valley,New York,NY,False,36,Clouds,-9.06,89,7.0
Greenhurst,New York,NY,False,36,Mist,-6.97,90,7.2
Kill Buck,New York,NY,False,36,Clouds,-8.84,91,6.59
Lily Dale,New York,NY,False,36,Snow,-5.78,64,8.75
Little Genesee,New York,NY,False,36,Clouds,-8.61,85,6.29
Little Valley,New York,NY,False,36,Snow,-8.45,87,7.34
Maple Springs,New York,NY,False,36,Mist,-6.89,88,7.2
Niobe,New York,NY,False,36,Snow,-7.9,91,7.21
Portville,New York,NY,False,36,Clouds,-7.41,86,6.25
Salamanca,New York,NY,False,36,Clouds,-8.71,91,6.58
Sinclairville,New York,NY,False,36,Mist,-7.47,88,7.2
Steamburg,New York,NY,False,36,Snow,-7.41,92,6.25
West Clarksville,New York,NY,False,36,Clouds,-9.2,92,3.09
Alfred,Maine,ME,False,23,Clouds,-5.45,55,6.69
Alfred Station,New York,NY,False,36,Clouds,-7.89,85,4.92
Arkport,New York,NY,False,36,Clouds,-6.09,82,2.57
Beaver Dams,New York,NY,False,36,Clouds,-6.16,70,6.69
Big Flats,New York,NY,False,36,Clouds,-4.98,67,7.35
Breesport,New York,NY,False,36,Clouds,-5.26,69,6.69
Brooktondale,New York,NY,False,36,Clouds,-5.34,76,7.72
Cameron Mills,New York,NY,False,36,Clouds,-6.16,73,2.68
Canaseraga,New York,NY,False,36,Clouds,-5.62,78,2.57
Canisteo,New York,NY,False,36,Clouds,-5.89,80,3.58
Cayuta,New York,NY,False,36,Clouds,-5.47,76,6.93
Chemung,New York,NY,False,36,Clouds,-4.72,70,4.02
Cohocton,New York,NY,False,36,Clouds,-5.88,74,2.57
Coopers Plains,New York,NY,False,36,Clouds,-5.36,70,2.68
Hammondsport,New York,NY,False,36,Clouds,-4.7,73,9.11
Himrod,New York,NY,False,36,Clouds,-4.63,69,9.77
Hornell,New York,NY,False,36,Clouds,-5.95,81,3.58
Horseheads,New York,NY,False,36,Clouds,-4.39,65,6.69
Interlaken,New York,NY,False,36,Clouds,-4.86,71,9.04
Kanona,New York,NY,False,36,Clouds,-6.02,80,9.2
Lindley,New York,NY,False,36,Clouds,-6.01,72,8.13
Mecklenburg,New York,NY,False,36,Clouds,-5.62,75,4.47
Montour Falls,New York,NY,False,36,Clouds,-5.12,79,5.81
Newfield,Maine,ME,False,23,Clouds,-6.36,54,5.62
Painted Post,New York,NY,False,36,Clouds,-5.24,69,2.68
Prattsburgh,New York,NY,False,36,Clouds,-5.83,72,9.7
Pulteney,New York,NY,False,36,Clouds,-5.05,70,9.77
Reading Center,New York,NY,False,36,Clouds,-6.27,76,5.81
Rexville,New York,NY,False,36,Clouds,-8.53,84,8.9
Rock Stream,New York,NY,False,36,Clouds,-5.17,75,8.62
Savona,New York,NY,False,36,Clouds,-5.91,71,8.81
Slaterville Springs,New York,NY,False,36,Clouds,-5.63,76,7.72
Swain,New York,NY,False,36,Clouds,-5.49,74,2.57
Troupsburg,New York,NY,False,36,Clouds,-8.22,72,9.02
Trumansburg,New York,NY,False,36,Clouds,-5.1,74,7.72
Van Etten,New York,NY,False,36,Clouds,-5.19,74,6.92
Watkins Glen,New York,NY,False,36,Clouds,-4.95,79,5.81
Aliquippa,Pennsylvania,PA,False,42,Clouds,-6.8,75,4.12
Ambridge,Pennsylvania,PA,False,42,Clouds,-6.84,75,4.12
Atlasburg,Pennsylvania,PA,False,42,Clouds,-7.17,75,5.58
Baden,Pennsylvania,PA,False,42,Clouds,-6.74,74,4.12
Bairdford,Pennsylvania,PA,False,42,Clouds,-7.15,74,7.72
Bakerstown,Pennsylvania,PA,False,42,Clouds,-7.16,73,7.72
Beaver Falls,New York,NY,False,36,Snow,-4.27,81,5.37
Belle Vernon,Pennsylvania,PA,False,42,Clouds,-6.47,65,2.24
Brackenridge,Pennsylvania,PA,False,42,Clouds,-6.48,63,2.24
Bulger,Pennsylvania,PA,False,42,Clouds,-7.32,75,4.12
Bunola,Pennsylvania,PA,False,42,Clouds,-6.22,69,4.63
Burgettstown,Pennsylvania,PA,False,42,Clouds,-7.06,72,4.12
Charleroi,Pennsylvania,PA,False,42,Clouds,-6.2,63,2.24
Cheswick,Pennsylvania,PA,False,42,Clouds,-6.37,67,1.79
Clairton,Pennsylvania,PA,False,42,Clouds,-6.37,72,4.63
Cuddy,Pennsylvania,PA,False,42,Clouds,-6.76,75,4.63
Curtisville,Pennsylvania,PA,False,42,Clouds,-7.27,69,7.72
Donora,Pennsylvania,PA,False,42,Clouds,-6.15,66,2.24
Dravosburg,Pennsylvania,PA,False,42,Clouds,-6.05,76,4.63
Elrama,Pennsylvania,PA,False,42,Clouds,-6.1,70,4.63
Gibsonia,Pennsylvania,PA,False,42,Clouds,-7.13,74,7.72
Glassport,Pennsylvania,PA,False,42,Clouds,-6.36,74,4.63
Greenock,Pennsylvania,PA,False,42,Clouds,-6.52,76,4.63
Harwick,Pennsylvania,PA,False,42,Clouds,-6.81,67,1.79
Hookstown,Pennsylvania,PA,False,42,Clouds,-7.18,78,4.96
Joffre,Pennsylvania,PA,False,42,Clouds,-7.03,75,4.12
Langeloth,Pennsylvania,PA,False,42,Clouds,-7.26,71,5.42
Leetsdale,Pennsylvania,PA,False,42,Snow,-6.54,76,4.12
Monaca,Pennsylvania,PA,False,42,Clouds,-6.46,72,1.79
Monessen,Pennsylvania,PA,False,42,Clouds,-6.73,65,3.58
Monongahela,Pennsylvania,PA,False,42,Clouds,-6.25,66,4.63
Natrona Heights,Pennsylvania,PA,False,42,Clouds,-6.93,64,2.24
New Brighton,Pennsylvania,PA,False,42,Clouds,-6.48,71,1.79
New Eagle,Pennsylvania,PA,False,42,Clouds,-6.16,68,4.63
New Kensington,Pennsylvania,PA,False,42,Clouds,-6.51,65,2.24
Pricedale,Pennsylvania,PA,False,42,Clouds,-6.41,65,3.58
Rural Ridge,Pennsylvania,PA,False,42,Clouds,-6.83,70,1.79
Russellton,Pennsylvania,PA,False,42,Clouds,-6.83,69,2.24
Shippingport,Pennsylvania,PA,False,42,Clouds,-6.93,75,4.99
Slovan,Pennsylvania,PA,False,42,Clouds,-7.14,72,4.12
South Heights,Pennsylvania,PA,False,42,Clouds,-6.52,76,4.12
Sutersville,Pennsylvania,PA,False,42,Clouds,-6.43,72,4.63
Tarentum,Pennsylvania,PA,False,42,Clouds,-6.4,65,2.24
Warrendale,Pennsylvania,PA,False,42,Clouds,-7.27,73,7.72
West Elizabeth,Pennsylvania,PA,False,42,Clouds,-6.05,71,4.63
Wexford,Pennsylvania,PA,False,42,Clouds,-7.51,74,7.72
Allison Park,Pennsylvania,PA,False,42,Clouds,-7.04,76,4.92
Bethel Park,Pennsylvania,PA,False,42,Clouds,-7.09,75,4.63
Coraopolis,Pennsylvania,PA,False,42,Clouds,-6.44,77,4.12
Duquesne,Pennsylvania,PA,False,42,Clouds,-6.18,77,4.63
East Pittsburgh,Pennsylvania,PA,False,42,Snow,-6.16,74,4.63
Glenshaw,Pennsylvania,PA,False,42,Clouds,-6.69,77,4.92
West Mifflin,Pennsylvania,PA,False,42,Clouds,-6.84,77,4.63
South Park,Pennsylvania,PA,False,42,Clear,10.77,30,1.54
Mckeesport,Pennsylvania,PA,False,42,Snow,-6.5,76,4.63
Mc Kees Rocks,Pennsylvania,PA,False,42,Snow,-6.45,77,4.92
North Versailles,Pennsylvania,PA,False,42,Clouds,-6.97,74,4.63
Oakmont,Pennsylvania,PA,False,42,Clouds,-6.52,70,1.79
Pitcairn,Pennsylvania,PA,False,42,Snow,-6.37,72,4.63
Presto,Pennsylvania,PA,False,42,Clouds,-6.42,76,4.63
Sewickley,Pennsylvania,PA,False,42,Clouds,-6.49,77,4.12
Wilmerding,Pennsylvania,PA,False,42,Clouds,-6.43,74,4.63
Pittsburgh,Pennsylvania,PA,False,42,Clouds,-6.53,77,4.92
Aleppo,Pennsylvania,PA,False,42,Clouds,-7.55,72,4.84
Avella,Pennsylvania,PA,False,42,Clouds,-6.58,57,5.39
Bentleyville,Pennsylvania,PA,False,42,Clouds,-6.79,62,2.24
Bobtown,Pennsylvania,PA,False,42,Clouds,-6.61,68,4.63
Brave,Pennsylvania,PA,False,42,Clouds,-6.44,69,4.69
Canonsburg,Pennsylvania,PA,False,42,Clouds,-6.79,75,5.66
Carmichaels,Pennsylvania,PA,False,42,Clouds,-6.61,57,4.98
Claysville,Pennsylvania,PA,False,42,Clouds,-7.0,75,5.66
Cokeburg,Pennsylvania,PA,False,42,Clouds,-6.84,62,5.66
Crucible,Pennsylvania,PA,False,42,Clouds,-6.7,59,5.16
Dilliner,Pennsylvania,PA,False,42,Clouds,-6.25,69,4.63
Eighty Four,Pennsylvania,PA,False,42,Clouds,-6.74,65,5.66
Finleyville,Pennsylvania,PA,False,42,Clouds,-6.58,71,4.63
Garards Fort,Pennsylvania,PA,False,42,Clouds,-6.65,67,4.72
Gastonville,Pennsylvania,PA,False,42,Clouds,-6.59,71,4.63
Meadow Lands,Pennsylvania,PA,False,42,Clouds,-6.64,71,5.66
Nemacolin,Pennsylvania,PA,False,42,Clouds,-6.74,47,4.99
New Freeport,Pennsylvania,PA,False,42,Clouds,-7.25,70,4.82
Rices Landing,Pennsylvania,PA,False,42,Clouds,-6.52,69,5.13
Richeyville,Pennsylvania,PA,False,42,Clouds,-6.97,62,5.27
Scenery Hill,Pennsylvania,PA,False,42,Clouds,-7.23,62,5.66
Southview,Pennsylvania,PA,False,42,Clouds,-7.03,75,4.12
Spraggs,Pennsylvania,PA,False,42,Clouds,-6.96,69,4.68
Strabane,Pennsylvania,PA,False,42,Clouds,-7.0,75,5.66
Taylorstown,Pennsylvania,PA,False,42,Clouds,-6.64,74,5.66
Van Voorhis,Pennsylvania,PA,False,42,Snow,-6.58,64,3.58
Venetia,Pennsylvania,PA,False,42,Clouds,-6.72,71,4.63
West Alexander,Pennsylvania,PA,False,42,Clouds,-7.05,70,6.69
West Finley,Pennsylvania,PA,False,42,Clouds,-7.53,76,0.45
West Middletown,Pennsylvania,PA,False,42,Clouds,-7.33,73,5.66
Wind Ridge,Pennsylvania,PA,False,42,Clouds,-7.49,74,4.92
Adah,Pennsylvania,PA,False,42,Clouds,-6.81,48,5.06
Allenport,Pennsylvania,PA,False,42,Clouds,-6.17,65,3.58
Brier Hill,New York,NY,False,36,Clouds,-5.6,81,0.89
Cardale,Pennsylvania,PA,False,42,Clouds,-6.63,51,2.68
Chestnut Ridge,Pennsylvania,PA,False,42,Clouds,-6.71,54,2.68
Coal Center,Pennsylvania,PA,False,42,Clouds,-6.22,64,2.68
Confluence,Pennsylvania,PA,False,42,Clouds,-8.08,81,6.41
Connellsville,Pennsylvania,PA,False,42,Clouds,-6.03,69,3.58
Daisytown,Pennsylvania,PA,False,42,Snow,-8.69,82,8.75
Denbo,Pennsylvania,PA,False,42,Clouds,-6.1,58,2.68
Dickerson Run,Pennsylvania,PA,False,42,Clouds,-5.83,64,3.58
Dunlevy,Pennsylvania,PA,False,42,Clouds,-6.18,65,3.58
East Millsboro,Pennsylvania,PA,False,42,Clouds,-6.78,63,5.2
Elco,Pennsylvania,PA,False,42,Clouds,-6.19,64,2.68
Fairchance,Pennsylvania,PA,False,42,Clouds,-6.98,31,1.79
Fayette City,Pennsylvania,PA,False,42,Clouds,-6.23,65,3.58
Gibbon Glade,Pennsylvania,PA,False,42,Clouds,-8.62,76,3.13
Grindstone,Pennsylvania,PA,False,42,Clouds,-6.27,60,2.68
Hibbs,Pennsylvania,PA,False,42,Clouds,-6.84,49,5.17
Hiller,Pennsylvania,PA,False,42,Clouds,-6.62,60,2.68
Hopwood,Pennsylvania,PA,False,42,Clouds,-7.06,31,1.79
Jacobs Creek,Pennsylvania,PA,False,42,Clouds,-6.26,67,3.58
Keisterville,Pennsylvania,PA,False,42,Clouds,-6.77,52,1.79
Lake Lynn,Pennsylvania,PA,False,42,Clouds,-6.3,64,4.63
Leckrone,Pennsylvania,PA,False,42,Clouds,-6.45,50,1.79
Leisenring,Pennsylvania,PA,False,42,Clouds,-6.36,54,3.58
Lemont Furnace,Pennsylvania,PA,False,42,Clouds,-6.91,45,1.79
Markleysburg,Pennsylvania,PA,False,42,Mist,-9.25,79,4.12
Melcroft,Pennsylvania,PA,False,42,Clouds,-8.43,81,6.28
Merrittstown,Pennsylvania,PA,False,42,Clouds,-6.7,53,2.68
Mill Run,Pennsylvania,PA,False,42,Clouds,-2.02,51,6.69
Mount Braddock,Pennsylvania,PA,False,42,Clouds,-6.94,48,5.33
New Geneva,Pennsylvania,PA,False,42,Clouds,-6.71,45,4.63
Normalville,Pennsylvania,PA,False,42,Clouds,-8.35,74,5.96
Ohiopyle,Pennsylvania,PA,False,42,Clouds,-7.69,76,5.87
Perryopolis,Pennsylvania,PA,False,42,Clouds,-6.35,66,3.58
Point Marion,Pennsylvania,PA,False,42,Clouds,-6.22,68,4.63
Ronco,Pennsylvania,PA,False,42,Clouds,-6.5,46,4.99
Smock,Pennsylvania,PA,False,42,Clouds,-6.37,58,2.68
Star Junction,Pennsylvania,PA,False,42,Clouds,-6.52,62,3.58
Uledi,Pennsylvania,PA,False,42,Clouds,-7.09,42,1.79
Ursina,Pennsylvania,PA,False,42,Clouds,-8.3,81,6.62
Waltersburg,Pennsylvania,PA,False,42,Clouds,-6.6,54,1.79
West Leisenring,Pennsylvania,PA,False,42,Clouds,-6.6,52,1.79
Wickhaven,Pennsylvania,PA,False,42,Clouds,-6.55,66,1.34
Hidden Valley,Pennsylvania,PA,False,42,Clouds,-2.12,51,6.26
Acosta,Pennsylvania,PA,False,42,Clouds,-9.16,82,7.2
Alum Bank,Pennsylvania,PA,False,42,Clouds,-6.93,66,3.09
Breezewood,Pennsylvania,PA,False,42,Clouds,-6.31,67,6.96
Buffalo Mills,Pennsylvania,PA,False,42,Clouds,-8.49,75,6.92
Clearville,Pennsylvania,PA,False,42,Clouds,-7.6,70,6.46
Crystal Spring,Pennsylvania,PA,False,42,Clouds,-6.07,67,6.64
Fishertown,Pennsylvania,PA,False,42,Clouds,-6.91,67,3.09
Fort Hill,Pennsylvania,PA,False,42,Clouds,-8.81,84,6.92
Friedens,Pennsylvania,PA,False,42,Clouds,-9.63,82,7.2
Hyndman,Pennsylvania,PA,False,42,Clouds,-6.21,71,6.48
Jenners,Pennsylvania,PA,False,42,Clouds,-9.23,83,7.2
Jennerstown,Pennsylvania,PA,False,42,Clouds,-9.11,83,7.2
Kantner,Pennsylvania,PA,False,42,Clouds,-9.22,83,7.2
Listie,Pennsylvania,PA,False,42,Clouds,-9.8,81,7.2
Manns Choice,Pennsylvania,PA,False,42,Clouds,-7.24,68,3.09
Markleton,Pennsylvania,PA,False,42,Clouds,-9.49,84,7.81
Meyersdale,Pennsylvania,PA,False,42,Clouds,-8.88,80,1.34
Quecreek,Pennsylvania,PA,False,42,Clouds,-9.62,82,7.2
Schellsburg,Pennsylvania,PA,False,42,Clouds,-7.43,73,3.09
Shanksville,Pennsylvania,PA,False,42,Clouds,-10.15,80,7.2
Sipesville,Pennsylvania,PA,False,42,Clouds,-9.59,82,7.2
Springs,Pennsylvania,PA,False,42,Clouds,-10.18,80,9.59
Stoystown,Pennsylvania,PA,False,42,Clouds,-9.19,82,7.2
Wellersburg,Pennsylvania,PA,False,42,Clouds,-7.48,60,7.72
West Salisbury,Pennsylvania,PA,False,42,Clouds,-9.03,80,1.34
Adamsburg,Pennsylvania,PA,False,42,Clouds,-7.04,78,4.47
Alverton,Pennsylvania,PA,False,42,Clouds,-6.57,71,3.58
Apollo,Pennsylvania,PA,False,42,Clouds,-6.83,60,5.36
Ardara,Pennsylvania,PA,False,42,Snow,-6.85,73,4.63
Armbrust,Pennsylvania,PA,False,42,Snow,-6.59,77,4.12
Arona,Pennsylvania,PA,False,42,Clouds,-6.59,77,4.47
Avonmore,Pennsylvania,PA,False,42,Clouds,-6.82,55,5.2
Bovard,Pennsylvania,PA,False,42,Haze,-7.17,81,4.12
Bradenville,Pennsylvania,PA,False,42,Haze,-6.94,81,4.12
Claridge,Pennsylvania,PA,False,42,Snow,-6.89,73,3.58
Darragh,Pennsylvania,PA,False,42,Clouds,-6.51,77,4.47
Donegal,Pennsylvania,PA,False,42,Haze,-9.11,78,4.12
East Vandergrift,Pennsylvania,PA,False,42,Clouds,-6.6,62,5.36
Export,Pennsylvania,PA,False,42,Clouds,-6.84,70,1.79
Forbes Road,Pennsylvania,PA,False,42,Haze,-7.31,81,4.12
Grapeville,Pennsylvania,PA,False,42,Haze,-7.2,79,4.12
Hannastown,Pennsylvania,PA,False,42,Haze,-7.1,81,4.12
Harrison City,Pennsylvania,PA,False,42,Clouds,-6.74,74,3.58
Herminie,Pennsylvania,PA,False,42,Clouds,-6.62,77,4.47
Hostetter,Pennsylvania,PA,False,42,Haze,-7.11,80,4.12
Hunker,Pennsylvania,PA,False,42,Haze,-6.61,75,4.12
Jeannette,Pennsylvania,PA,False,42,Haze,-6.87,79,4.12
Jones Mills,Pennsylvania,PA,False,42,Clouds,-8.66,81,2.24
Larimer,Pennsylvania,PA,False,42,Clouds,-6.62,74,4.63
Latrobe,Pennsylvania,PA,False,42,Haze,-6.85,81,4.12
Laughlintown,Pennsylvania,PA,False,42,Haze,-7.89,79,4.12
Leechburg,Pennsylvania,PA,False,42,Clouds,-6.72,62,0.89
Lowber,Pennsylvania,PA,False,42,Clouds,-6.11,72,4.63
Loyalhanna,Pennsylvania,PA,False,42,Haze,-6.81,81,4.12
Luxor,Pennsylvania,PA,False,42,Haze,-7.15,81,4.12
Murrysville,Pennsylvania,PA,False,42,Clouds,-6.74,70,1.79
New Alexandria,Pennsylvania,PA,False,42,Haze,-7.04,81,4.12
New Derry,Pennsylvania,PA,False,42,Haze,-7.22,81,4.12
New Stanton,Pennsylvania,PA,False,42,Haze,-6.49,76,4.12
North Apollo,Pennsylvania,PA,False,42,Clouds,-6.6,62,5.36
Norvelt,Pennsylvania,PA,False,42,Snow,-6.95,79,4.12
Pleasant Unity,Pennsylvania,PA,False,42,Haze,-7.02,80,4.12
Rillton,Pennsylvania,PA,False,42,Clouds,-6.68,77,4.63
Ruffs Dale,Pennsylvania,PA,False,42,Clouds,-6.61,71,6.0
Saltsburg,Pennsylvania,PA,False,42,Clouds,-6.99,77,5.19
Schenley,Pennsylvania,PA,False,42,Clouds,-7.06,65,1.34
Slickville,Pennsylvania,PA,False,42,Snow,-7.34,66,5.18
Southwest,Pennsylvania,PA,False,42,Snow,-6.91,78,4.12
Spring Church,Pennsylvania,PA,False,42,Clouds,-7.75,59,0.89
Stahlstown,Pennsylvania,PA,False,42,Haze,-8.86,79,4.12
Tarrs,Pennsylvania,PA,False,42,Clouds,-6.57,71,6.01
United,Pennsylvania,PA,False,42,Haze,-6.94,80,4.12
Vandergrift,Pennsylvania,PA,False,42,Clouds,-6.6,62,5.36
Westmoreland City,Pennsylvania,PA,False,42,Clouds,-6.84,78,4.47
Wyano,Pennsylvania,PA,False,42,Clouds,-6.7,75,4.47
Youngwood,Pennsylvania,PA,False,42,Haze,-6.59,78,4.12
Indiana,Pennsylvania,PA,False,42,Clouds,-6.96,73,7.2
Alverda,Pennsylvania,PA,False,42,Clouds,-8.89,80,7.43
Aultman,Pennsylvania,PA,False,42,Clouds,-6.92,76,7.2
Northern Cambria,Pennsylvania,PA,False,42,Clouds,-8.13,81,7.56
Black Lick,Pennsylvania,PA,False,42,Clouds,-6.51,75,7.2
Brush Valley,Pennsylvania,PA,False,42,Clouds,-7.3,73,7.2
Carrolltown,Pennsylvania,PA,False,42,Clouds,-9.55,86,1.79
Chambersville,Pennsylvania,PA,False,42,Clouds,-7.32,72,7.2
Cherry Tree,Pennsylvania,PA,False,42,Clouds,-7.8,74,5.36
Clymer,New York,NY,False,36,Snow,-8.41,91,7.41
Commodore,Pennsylvania,PA,False,42,Clouds,-7.98,70,7.2
Coolspring,Pennsylvania,PA,False,42,Snow,-7.07,86,5.9
Creekside,Pennsylvania,PA,False,42,Clouds,-6.74,73,7.2
Dixonville,Pennsylvania,PA,False,42,Clouds,-7.79,70,7.2
Elderton,Pennsylvania,PA,False,42,Clouds,-7.14,80,5.79
Elmora,Pennsylvania,PA,False,42,Clouds,-8.86,86,1.79
Emeigh,Pennsylvania,PA,False,42,Clouds,-8.19,75,7.24
Ernest,Pennsylvania,PA,False,42,Clouds,-7.02,73,7.2
Glen Campbell,Pennsylvania,PA,False,42,Snow,-7.95,71,6.6
Heilwood,Pennsylvania,PA,False,42,Clouds,-8.25,72,7.2
Homer City,Pennsylvania,PA,False,42,Clouds,-6.62,75,7.2
Mahaffey,Pennsylvania,PA,False,42,Clouds,-7.57,83,6.48
Marchand,Pennsylvania,PA,False,42,Snow,-8.41,74,6.26
Marion Center,Pennsylvania,PA,False,42,Clouds,-8.08,70,7.2
Marsteller,Pennsylvania,PA,False,42,Clouds,-8.38,81,7.51
Mentcle,Pennsylvania,PA,False,42,Clouds,-8.61,73,7.2
Nicktown,Pennsylvania,PA,False,42,Clouds,-9.15,83,7.74
Oliveburg,Pennsylvania,PA,False,42,Snow,-8.13,80,2.68
Penn Run,Pennsylvania,PA,False,42,Clouds,-7.49,72,7.2
Punxsutawney,Pennsylvania,PA,False,42,Snow,-7.28,79,2.68
Rochester Mills,Pennsylvania,PA,False,42,Clouds,-8.16,73,6.26
Rossiter,Pennsylvania,PA,False,42,Snow,-7.64,80,2.68
Shelocta,Pennsylvania,PA,False,42,Clouds,-6.59,76,7.2
Sprankle Mills,Pennsylvania,PA,False,42,Snow,-7.46,80,6.02
Starford,Pennsylvania,PA,False,42,Clouds,-7.81,70,7.2
Timblin,Pennsylvania,PA,False,42,Clouds,-7.96,78,6.39
Walston,Pennsylvania,PA,False,42,Snow,-7.58,79,2.68
Brandy Camp,Pennsylvania,PA,False,42,Clouds,-7.76,72,9.26
Brockport,New York,NY,False,36,Clouds,-4.35,71,1.79
Byrnedale,Pennsylvania,PA,False,42,Snow,-6.88,70,9.26
Dagus Mines,Pennsylvania,PA,False,42,Clouds,-8.6,74,9.26
Emporium,Pennsylvania,PA,False,42,Clouds,-5.38,74,6.46
Falls Creek,Pennsylvania,PA,False,42,Clouds,-7.34,67,6.17
Force,Pennsylvania,PA,False,42,Snow,-6.97,71,9.26
Johnsonburg,New Jersey,NJ,False,34,Clouds,-2.99,48,3.09
Knox Dale,Pennsylvania,PA,False,42,Snow,-7.82,76,6.17
Luthersburg,Pennsylvania,PA,False,42,Clouds,-8.9,82,6.48
Stump Creek,Pennsylvania,PA,False,42,Snow,-7.35,78,6.17
Weedville,Pennsylvania,PA,False,42,Snow,-6.43,70,9.26
Armagh,Pennsylvania,PA,False,42,Clouds,-8.07,82,6.28
Beaverdale,Pennsylvania,PA,False,42,Clouds,-4.98,69,4.92
Belsano,Pennsylvania,PA,False,42,Clouds,-9.02,86,7.58
Cairnbrook,Pennsylvania,PA,False,42,Clouds,-9.86,83,7.2
Cassandra,Pennsylvania,PA,False,42,Clouds,-9.01,84,8.75
Colver,Pennsylvania,PA,False,42,Clouds,-9.84,86,2.24
Davidsville,Pennsylvania,PA,False,42,Clouds,-8.72,86,8.75
Dilltown,Pennsylvania,PA,False,42,Clouds,-7.77,82,6.55
Dunlo,Pennsylvania,PA,False,42,Clouds,-9.88,78,8.75
Ebensburg,Pennsylvania,PA,False,42,Clouds,-9.66,88,2.24
Hollsopple,Pennsylvania,PA,False,42,Clouds,-8.52,86,8.75
Hooversville,Pennsylvania,PA,False,42,Clouds,-9.12,83,8.75
Nanty Glo,Pennsylvania,PA,False,42,Clouds,-8.79,85,8.75
Parkhill,Pennsylvania,PA,False,42,Clouds,-8.19,81,8.75
Revloc,Pennsylvania,PA,False,42,Clouds,-9.35,86,2.24
Seanor,Pennsylvania,PA,False,42,Clouds,-8.5,86,8.75
Sidman,Pennsylvania,PA,False,42,Clouds,-8.67,84,8.75
Strongstown,Pennsylvania,PA,False,42,Clouds,-8.77,82,7.2
Summerhill,Pennsylvania,PA,False,42,Clouds,-8.72,85,8.75
Tire Hill,Pennsylvania,PA,False,42,Clouds,-7.91,84,8.75
Twin Rocks,Pennsylvania,PA,False,42,Clouds,-8.97,85,1.34
Vintondale,Pennsylvania,PA,False,42,Clouds,-8.62,85,8.75
Windber,Pennsylvania,PA,False,42,Clouds,-9.06,85,8.75
Boyers,Pennsylvania,PA,False,42,Snow,-8.23,76,1.34
Branchton,Pennsylvania,PA,False,42,Clouds,-8.06,74,1.34
Bruin,Pennsylvania,PA,False,42,Snow,-8.47,79,1.34
Callery,Pennsylvania,PA,False,42,Clouds,-7.15,71,7.72
Chicora,Pennsylvania,PA,False,42,Snow,-8.17,75,1.34
Connoquenessing,Pennsylvania,PA,False,42,Clouds,-7.75,69,7.72
East Brady,Pennsylvania,PA,False,42,Snow,-7.97,78,5.24
East Butler,Pennsylvania,PA,False,42,Clouds,-7.68,71,7.72
Evans City,Pennsylvania,PA,False,42,Clouds,-7.19,70,7.72
Fenelton,Pennsylvania,PA,False,42,Clouds,-7.74,72,0.45
Foxburg,Pennsylvania,PA,False,42,Clouds,-8.32,82,0.89
Hilliards,Pennsylvania,PA,False,42,Snow,-8.8,77,1.34
Karns City,Pennsylvania,PA,False,42,Snow,-8.4,79,1.34
Lyndora,Pennsylvania,PA,False,42,Clouds,-7.42,69,7.72
Mars,Pennsylvania,PA,False,42,Clouds,-7.29,72,7.72
Portersville,Pennsylvania,PA,False,42,Clouds,-7.79,72,5.95
Renfrew,Pennsylvania,PA,False,42,Clouds,-7.48,69,7.72
Sarver,Pennsylvania,PA,False,42,Clouds,-7.32,71,7.72
Saxonburg,Pennsylvania,PA,False,42,Clouds,-7.84,71,7.72
Slippery Rock,Pennsylvania,PA,False,42,Clouds,-8.14,74,0.89
Turkey City,Pennsylvania,PA,False,42,Clouds,-8.44,83,0.89
West Sunbury,Pennsylvania,PA,False,42,Snow,-8.3,75,1.34
Zelienople,Pennsylvania,PA,False,42,Clouds,-6.98,71,7.72
Cranberry Twp,Pennsylvania,PA,False,42,Clouds,-7.33,72,7.72
Clarks Mills,Pennsylvania,PA,False,42,Clouds,-7.78,86,2.24
Ellwood City,Pennsylvania,PA,False,42,Clouds,-6.67,71,2.24
Enon Valley,Pennsylvania,PA,False,42,Clouds,-7.05,71,4.12
Fombell,Pennsylvania,PA,False,42,Clouds,-7.23,71,3.58
Hartstown,Pennsylvania,PA,False,42,Clouds,-7.25,86,6.69
Koppel,Pennsylvania,PA,False,42,Clouds,-6.61,72,2.24
New Galilee,Pennsylvania,PA,False,42,Clouds,-7.18,73,5.49
New Wilmington,Pennsylvania,PA,False,42,Clouds,-6.97,63,4.12
Sandy Lake,Pennsylvania,PA,False,42,Clouds,-7.79,86,2.24
Sheakleyville,Pennsylvania,PA,False,42,Clouds,-7.97,87,2.24
Stoneboro,Pennsylvania,PA,False,42,Clouds,-7.89,86,2.24
Transfer,Pennsylvania,PA,False,42,Clouds,-7.06,85,5.56
Villa Maria,Pennsylvania,PA,False,42,Clouds,-7.17,70,4.12
Volant,Pennsylvania,PA,False,42,Clouds,-7.24,68,4.12
Wampum,Pennsylvania,PA,False,42,Clouds,-6.45,71,4.12
West Middlesex,Pennsylvania,PA,False,42,Clouds,-6.66,73,4.12
West Pittsburg,Pennsylvania,PA,False,42,Clouds,-6.81,71,4.12
Kittanning,Pennsylvania,PA,False,42,Clouds,-6.56,68,3.13
Beyer,Pennsylvania,PA,False,42,Clouds,-7.73,70,7.2
Cadogan,Pennsylvania,PA,False,42,Clouds,-6.6,70,3.13
Callensburg,Pennsylvania,PA,False,42,Clouds,-8.07,84,5.36
Cooksburg,Pennsylvania,PA,False,42,Clouds,-8.55,80,1.79
Cowansville,Pennsylvania,PA,False,42,Clouds,-7.53,69,3.13
Crown,Pennsylvania,PA,False,42,Clouds,-8.97,80,1.79
Curllsville,Pennsylvania,PA,False,42,Clouds,-8.15,81,5.62
Distant,Pennsylvania,PA,False,42,Clouds,-8.35,76,3.58
Ford City,Pennsylvania,PA,False,42,Clouds,-6.45,69,3.13
Ford Cliff,Pennsylvania,PA,False,42,Clouds,-6.76,70,3.13
Hawthorn,Pennsylvania,PA,False,42,Snow,-7.66,76,3.58
Leeper,Pennsylvania,PA,False,42,Clouds,-8.92,80,1.79
Lucinda,Pennsylvania,PA,False,42,Clouds,-8.83,80,1.79
Manorville,New York,NY,False,36,Clouds,-0.89,53,8.23
Marienville,Pennsylvania,PA,False,42,Clouds,-9.19,80,5.52
Mayport,Pennsylvania,PA,False,42,Snow,-7.85,76,3.58
New Bethlehem,Pennsylvania,PA,False,42,Snow,-7.62,76,3.58
Plumville,Pennsylvania,PA,False,42,Clouds,-8.11,70,7.2
Rimersburg,Pennsylvania,PA,False,42,Clouds,-8.52,79,4.95
Rural Valley,Pennsylvania,PA,False,42,Clouds,-7.44,75,5.72
Sagamore,Massachusetts,MA,False,25,Clouds,-2.22,53,5.66
Shippenville,Pennsylvania,PA,False,42,Clouds,-8.4,84,5.32
Sligo,Pennsylvania,PA,False,42,Clouds,-8.01,82,5.11
Smicksburg,Pennsylvania,PA,False,42,Snow,-7.85,74,6.26
Snydersburg,Pennsylvania,PA,False,42,Clouds,-8.87,80,1.79
Strattanville,Pennsylvania,PA,False,42,Clouds,-8.57,84,5.6
Vowinckel,Pennsylvania,PA,False,42,Clouds,-8.94,80,1.79
Widnoon,Pennsylvania,PA,False,42,Clouds,-8.06,70,5.12
Yatesboro,Pennsylvania,PA,False,42,Clouds,-7.36,65,5.62
Chandlers Valley,Pennsylvania,PA,False,42,Snow,-8.25,92,6.38
Cochranton,Pennsylvania,PA,False,42,Clouds,-7.4,87,6.69
Conneaut Lake,Pennsylvania,PA,False,42,Clouds,-7.43,86,6.69
Cranberry,Pennsylvania,PA,False,42,Clouds,-7.33,72,7.72
East Hickory,Pennsylvania,PA,False,42,Clouds,-7.97,87,4.99
Fryburg,Pennsylvania,PA,False,42,Clouds,-9.11,82,5.3
Guys Mills,Pennsylvania,PA,False,42,Snow,-8.04,86,6.69
Hydetown,Pennsylvania,PA,False,42,Snow,-8.17,86,4.95
Kossuth,Pennsylvania,PA,False,42,Clouds,-8.91,84,4.94
Lickingville,Pennsylvania,PA,False,42,Clouds,-8.76,82,1.79
Rouseville,Pennsylvania,PA,False,42,Clouds,-7.16,85,4.7
Tidioute,Pennsylvania,PA,False,42,Snow,-7.73,84,4.93
Tiona,Pennsylvania,PA,False,42,Snow,-8.27,91,5.01
Tionesta,Pennsylvania,PA,False,42,Clouds,-8.32,84,5.17
Tylersburg,Pennsylvania,PA,False,42,Clouds,-8.84,80,1.79
West Hickory,Pennsylvania,PA,False,42,Clouds,-7.99,87,5.04
Emlenton,Pennsylvania,PA,False,42,Clouds,-8.19,83,0.89
Kennerdell,Pennsylvania,PA,False,42,Clouds,-8.03,83,4.44
Lamartine,Pennsylvania,PA,False,42,Clouds,-8.83,83,0.89
Cambridge Springs,Pennsylvania,PA,False,42,Snow,-7.79,89,0.45
Conneautville,Pennsylvania,PA,False,42,Clouds,-7.24,87,6.69
Corry,Pennsylvania,PA,False,42,Snow,-8.32,94,6.57
Cranesville,Pennsylvania,PA,False,42,Clouds,-6.15,75,0.89
Edinboro,Pennsylvania,PA,False,42,Snow,-7.71,89,0.45
Grand Valley,Pennsylvania,PA,False,42,Snow,-8.38,84,0.89
Harborcreek,Pennsylvania,PA,False,42,Clouds,-5.04,75,0.89
Harmonsburg,Pennsylvania,PA,False,42,Clouds,-7.61,86,6.69
Linesville,Pennsylvania,PA,False,42,Clouds,-7.25,88,6.69
Mill Village,Pennsylvania,PA,False,42,Snow,-8.15,90,2.68
North Springfield,Vermont,VT,False,50,Clouds,-4.3,56,4.63
Saegertown,Pennsylvania,PA,False,42,Snow,-7.68,87,6.69
Spartansburg,Pennsylvania,PA,False,42,Snow,-8.43,84,5.66
Wattsburg,Pennsylvania,PA,False,42,Snow,-7.52,91,6.98
West Springfield,Massachusetts,MA,False,25,Clouds,-2.15,57,6.17
Beccaria,Pennsylvania,PA,False,42,Clouds,-7.01,86,6.81
Blandburg,Pennsylvania,PA,False,42,Clouds,-8.58,69,7.07
Brisbin,Pennsylvania,PA,False,42,Clouds,-7.33,64,6.78
Broad Top,Pennsylvania,PA,False,42,Clouds,-7.64,59,9.26
Chest Springs,Pennsylvania,PA,False,42,Clouds,-9.19,85,2.24
Claysburg,Pennsylvania,PA,False,42,Clouds,-6.32,62,9.26
Coalport,Pennsylvania,PA,False,42,Clouds,-8.33,87,6.89
Coupon,Pennsylvania,PA,False,42,Clouds,-9.56,77,8.12
Duncansville,Pennsylvania,PA,False,42,Clouds,-6.06,65,9.26
East Freedom,Pennsylvania,PA,False,42,Clouds,-6.02,63,9.26
Entriken,Pennsylvania,PA,False,42,Clouds,-5.36,60,9.26
Fallentimber,Pennsylvania,PA,False,42,Clouds,-7.81,73,7.24
Flinton,Pennsylvania,PA,False,42,Clouds,-8.08,76,7.14
Gallitzin,Pennsylvania,PA,False,42,Clouds,-9.71,80,8.47
Glen Hope,Pennsylvania,PA,False,42,Clouds,-7.13,86,6.73
Hollidaysburg,Pennsylvania,PA,False,42,Clouds,-5.99,65,9.26
Houtzdale,Pennsylvania,PA,False,42,Clouds,-7.34,64,6.78
Imler,Pennsylvania,PA,False,42,Clouds,-6.73,64,9.26
Irvona,Pennsylvania,PA,False,42,Clouds,-7.88,87,6.8
Loysburg,Pennsylvania,PA,False,42,Clouds,-6.37,65,9.26
Morann,Pennsylvania,PA,False,42,Clouds,-7.53,64,6.83
New Enterprise,Pennsylvania,PA,False,42,Clouds,-6.51,63,9.26
Osceola Mills,Pennsylvania,PA,False,42,Clouds,-7.16,64,1.34
Osterburg,Pennsylvania,PA,False,42,Clouds,-6.85,67,3.09
Queen,Pennsylvania,PA,False,42,Clouds,-6.63,64,9.26
Ramey,Pennsylvania,PA,False,42,Clouds,-7.55,64,6.78
Riddlesburg,Pennsylvania,PA,False,42,Clouds,-5.62,59,9.26
Roaring Spring,Pennsylvania,PA,False,42,Clouds,-6.38,62,9.26
Saint Boniface,Pennsylvania,PA,False,42,Clouds,-9.44,79,2.24
Saxton,Pennsylvania,PA,False,42,Clouds,-5.39,59,9.26
Sproul,Pennsylvania,PA,False,42,Clouds,-6.41,62,9.26
Spruce Creek,Pennsylvania,PA,False,42,Clouds,-5.62,66,6.2
Waterfall,Pennsylvania,PA,False,42,Clouds,-5.69,62,6.78
Wells Tannery,Pennsylvania,PA,False,42,Clouds,-6.21,62,7.04
Derrick City,Pennsylvania,PA,False,42,Snow,-7.61,80,7.2
Duke Center,Pennsylvania,PA,False,42,Clouds,-8.04,80,1.34
East Smethport,Pennsylvania,PA,False,42,Clouds,-7.62,79,7.2
Hazel Hurst,Pennsylvania,PA,False,42,Clouds,-8.12,78,7.2
James City,Pennsylvania,PA,False,42,Snow,-8.25,90,5.55
Lewis Run,Pennsylvania,PA,False,42,Snow,-7.01,79,7.2
Mount Jewett,Pennsylvania,PA,False,42,Clouds,-8.56,78,7.2
Port Allegany,Pennsylvania,PA,False,42,Clouds,-7.57,86,5.98
Rew,Pennsylvania,PA,False,42,Clouds,-8.84,80,7.2
Rixford,Pennsylvania,PA,False,42,Clouds,-7.73,80,7.2
Roulette,Pennsylvania,PA,False,42,Clouds,-9.3,86,6.05
Shinglehouse,Pennsylvania,PA,False,42,Clouds,-7.82,85,6.1
Smethport,Pennsylvania,PA,False,42,Clouds,-7.49,79,7.2
Turtlepoint,Pennsylvania,PA,False,42,Clouds,-7.51,80,5.96
State College,Pennsylvania,PA,False,42,Clouds,-6.44,70,6.69
Aaronsburg,Pennsylvania,PA,False,42,Clouds,-5.96,65,5.78
Allport,Pennsylvania,PA,False,42,Clouds,-7.36,64,7.2
Bellefonte,Pennsylvania,PA,False,42,Clouds,-5.77,68,6.69
Bigler,Pennsylvania,PA,False,42,Clouds,-7.7,63,7.2
Boalsburg,Pennsylvania,PA,False,42,Clouds,-6.38,70,6.69
Centre Hall,Pennsylvania,PA,False,42,Clouds,-6.55,68,6.69
Coburn,Pennsylvania,PA,False,42,Clouds,-5.76,65,6.09
Curwensville,Pennsylvania,PA,False,42,Clouds,-7.5,73,7.2
Drifting,Pennsylvania,PA,False,42,Clouds,-7.29,64,6.71
Frenchville,Maine,ME,False,23,Clouds,-13.69,72,4.12
Glen Richey,Pennsylvania,PA,False,42,Clouds,-7.58,70,7.2
Grampian,Pennsylvania,PA,False,42,Clouds,-9.05,82,7.2
Grassflat,Pennsylvania,PA,False,42,Clouds,-7.15,64,6.77
Hawk Run,Pennsylvania,PA,False,42,Clouds,-7.19,64,2.24
Hyde,Pennsylvania,PA,False,42,Clouds,-6.9,71,7.2
Karthaus,Pennsylvania,PA,False,42,Clouds,-6.26,76,6.48
Kylertown,Pennsylvania,PA,False,42,Clouds,-7.5,64,6.8
Lecontes Mills,Pennsylvania,PA,False,42,Clouds,-7.16,63,7.2
Madisonburg,Pennsylvania,PA,False,42,Clouds,-6.24,64,5.58
Milesburg,Pennsylvania,PA,False,42,Clouds,-5.43,66,6.69
Millheim,Pennsylvania,PA,False,42,Clouds,-5.93,65,5.95
Mingoville,Pennsylvania,PA,False,42,Clouds,-5.79,64,6.69
Morrisdale,Pennsylvania,PA,False,42,Clouds,-7.43,64,7.2
Moshannon,Pennsylvania,PA,False,42,Clouds,-7.05,72,6.54
Munson,Pennsylvania,PA,False,42,Clouds,-7.09,64,2.24
New Millport,Pennsylvania,PA,False,42,Clouds,-8.21,82,6.59
Orviston,Pennsylvania,PA,False,42,Clouds,-5.8,61,5.63
Pennsylvania Furnace,Pennsylvania,PA,False,42,Clouds,-6.41,72,2.24
Pine Grove Mills,Pennsylvania,PA,False,42,Clouds,-6.82,70,6.69
Port Matilda,Pennsylvania,PA,False,42,Clouds,-6.26,69,6.69
Pottersdale,Pennsylvania,PA,False,42,Clouds,-7.35,79,6.16
Rebersburg,Pennsylvania,PA,False,42,Clouds,-6.33,64,5.64
Snow Shoe,Pennsylvania,PA,False,42,Clouds,-7.09,54,6.46
Spring Mills,Pennsylvania,PA,False,42,Clouds,-5.88,66,6.28
Wallaceton,Pennsylvania,PA,False,42,Clouds,-7.72,64,7.2
Warriors Mark,Pennsylvania,PA,False,42,Clouds,-6.44,69,6.34
West Decatur,Pennsylvania,PA,False,42,Clouds,6.54,42,1.54
Winburne,Pennsylvania,PA,False,42,Clouds,-7.25,64,6.81
Wellsboro,Pennsylvania,PA,False,42,Clouds,-6.93,69,2.68
Arnot,Pennsylvania,PA,False,42,Clouds,-8.02,70,0.45
Blossburg,Pennsylvania,PA,False,42,Clouds,-7.83,71,0.45
Columbia Cross Roads,Pennsylvania,PA,False,42,Clouds,-7.09,70,7.36
Coudersport,Pennsylvania,PA,False,42,Clouds,-9.64,86,6.19
Granville Summit,Pennsylvania,PA,False,42,Clouds,-7.79,70,6.97
Harrison Valley,Pennsylvania,PA,False,42,Clouds,-8.34,74,0.89
Mainesburg,Pennsylvania,PA,False,42,Clouds,-7.82,77,7.7
Middlebury Center,Pennsylvania,PA,False,42,Clouds,-6.82,70,1.34
Morris Run,Pennsylvania,PA,False,42,Clouds,-8.38,75,7.15
Sabinsville,Pennsylvania,PA,False,42,Clouds,-8.44,75,4.02
Berrysburg,Pennsylvania,PA,False,42,Clouds,-4.47,62,3.13
Blain,Pennsylvania,PA,False,42,Clouds,-3.75,65,6.17
Burnham,Maine,ME,False,23,Clouds,-10.22,61,3.17
Campbelltown,Pennsylvania,PA,False,42,Clouds,-3.18,54,7.72
Cocolamus,Pennsylvania,PA,False,42,Clouds,-4.71,100,5.57
Cornwall,Connecticut,CT,False,9,Clouds,-3.43,57,6.8
Dalmatia,Pennsylvania,PA,False,42,Clouds,-3.95,62,5.14
Dauphin,Pennsylvania,PA,False,42,Clouds,-3.02,56,2.68
Dillsburg,Pennsylvania,PA,False,42,Clouds,-3.89,54,6.86
Duncannon,Pennsylvania,PA,False,42,Clouds,-3.05,57,5.95
East Waterford,Pennsylvania,PA,False,42,Clouds,-4.5,67,6.0
Elizabethville,Pennsylvania,PA,False,42,Clouds,-4.16,61,2.24
Elliottsburg,Pennsylvania,PA,False,42,Clouds,-3.6,58,6.89
Grantham,New Hampshire,NH,False,33,Clouds,-6.58,59,6.04
Gratz,Pennsylvania,PA,False,42,Clouds,-4.53,63,2.24
Highspire,Pennsylvania,PA,False,42,Clouds,-3.06,54,7.72
Hummelstown,Pennsylvania,PA,False,42,Clouds,-3.05,53,7.72
Ickesburg,Pennsylvania,PA,False,42,Clouds,-4.48,100,6.5
Kleinfeltersville,Pennsylvania,PA,False,42,Clouds,-3.71,56,4.02
Landisburg,Pennsylvania,PA,False,42,Clouds,-3.33,57,7.07
Loysville,Pennsylvania,PA,False,42,Clouds,-3.44,57,6.86
Lykens,Pennsylvania,PA,False,42,Clouds,-4.13,63,5.66
Mattawana,Pennsylvania,PA,False,42,Clouds,-4.52,71,6.1
Mifflin,Pennsylvania,PA,False,42,Clouds,-4.23,100,3.13
Mifflintown,Pennsylvania,PA,False,42,Clouds,-4.23,100,3.13
Millerstown,Pennsylvania,PA,False,42,Clouds,-3.89,63,5.85
Mount Gretna,Pennsylvania,PA,False,42,Clouds,-3.98,56,5.36
Mount Holly Springs,Pennsylvania,PA,False,42,Clouds,-3.76,53,0.89
Myerstown,Pennsylvania,PA,False,42,Clouds,-3.47,51,4.92
New Germantown,Pennsylvania,PA,False,42,Clouds,-6.69,66,6.16
New Kingstown,Pennsylvania,PA,False,42,Clouds,-3.4,56,2.68
Newmanstown,Pennsylvania,PA,False,42,Clouds,-3.42,56,4.02
Newton Hamilton,Pennsylvania,PA,False,42,Clouds,-4.25,57,2.68
Oakland Mills,Pennsylvania,PA,False,42,Clouds,-4.51,100,3.13
Ono,Pennsylvania,PA,False,42,Clouds,-3.19,50,6.5
Pillow,Pennsylvania,PA,False,42,Clouds,-4.09,61,3.13
Quentin,Pennsylvania,PA,False,42,Clouds,-3.57,54,7.13
Rexmont,Pennsylvania,PA,False,42,Clouds,-3.96,54,7.72
Schaefferstown,Pennsylvania,PA,False,42,Clouds,-3.87,55,7.72
Shermans Dale,Pennsylvania,PA,False,42,Clouds,-3.23,57,3.13
Thompsontown,Pennsylvania,PA,False,42,Clouds,-4.25,100,5.95
Wiconisco,Pennsylvania,PA,False,42,Clouds,-4.43,63,5.85
Yeagertown,Pennsylvania,PA,False,42,Drizzle,-4.54,80,0.0
Amberson,Pennsylvania,PA,False,42,Clouds,-4.97,62,6.12
Artemas,Pennsylvania,PA,False,42,Clouds,-5.38,67,5.69
Big Cove Tannery,Pennsylvania,PA,False,42,Clouds,-5.3,64,2.24
Blairs Mills,Pennsylvania,PA,False,42,Clouds,-4.76,67,6.01
Blue Ridge Summit,Pennsylvania,PA,False,42,Clouds,-5.3,58,2.68
Burnt Cabins,Pennsylvania,PA,False,42,Clouds,-5.46,64,6.06
Doylesburg,Pennsylvania,PA,False,42,Clouds,-5.53,64,6.1
Dry Run,Pennsylvania,PA,False,42,Clouds,-4.22,61,6.02
Fannettsburg,Pennsylvania,PA,False,42,Clouds,-4.89,57,6.01
Fort Littleton,Pennsylvania,PA,False,42,Clouds,-5.41,64,6.29
Fort Loudon,Pennsylvania,PA,False,42,Clouds,-4.68,64,2.24
Hustontown,Pennsylvania,PA,False,42,Clouds,-5.81,64,6.49
Lemasters,Pennsylvania,PA,False,42,Clouds,-4.26,58,6.26
Lurgan,Pennsylvania,PA,False,42,Clouds,-4.5,63,6.35
Mercersburg,Pennsylvania,PA,False,42,Clouds,-4.2,58,6.18
Mont Alto,Pennsylvania,PA,False,42,Clouds,-4.55,59,5.81
Needmore,Pennsylvania,PA,False,42,Clouds,-4.91,64,5.8
Neelyton,Pennsylvania,PA,False,42,Clouds,-5.31,60,5.98
Orbisonia,Pennsylvania,PA,False,42,Clouds,-4.76,56,6.02
Orrstown,Pennsylvania,PA,False,42,Clouds,-4.41,62,6.4
Pleasant Hall,Pennsylvania,PA,False,42,Clouds,-4.17,62,6.29
Rouzerville,Pennsylvania,PA,False,42,Clear,-4.08,57,11.32
Shade Gap,Pennsylvania,PA,False,42,Clouds,-5.21,61,6.0
Shippensburg,Pennsylvania,PA,False,42,Clouds,-4.52,63,4.02
Shirleysburg,Pennsylvania,PA,False,42,Clouds,-4.5,56,5.96
South Mountain,Pennsylvania,PA,False,42,Clouds,-5.92,60,7.18
Spring Run,Pennsylvania,PA,False,42,Clouds,-4.07,60,6.02
Three Springs,Pennsylvania,PA,False,42,Clouds,-5.13,61,6.48
Walnut Bottom,Pennsylvania,PA,False,42,Clouds,-4.69,61,4.02
Warfordsburg,Pennsylvania,PA,False,42,Clouds,-4.41,51,5.52
Zullinger,Pennsylvania,PA,False,42,Clear,-4.19,57,11.32
Abbottstown,Pennsylvania,PA,False,42,Clouds,-4.46,59,3.13
Airville,Pennsylvania,PA,False,42,Clouds,-4.52,57,7.01
Arendtsville,Pennsylvania,PA,False,42,Clouds,-4.67,60,4.02
Aspers,Pennsylvania,PA,False,42,Clouds,-4.4,55,6.26
Bendersville,Pennsylvania,PA,False,42,Clouds,-4.79,58,6.25
Biglerville,Pennsylvania,PA,False,42,Clouds,-4.53,59,4.02
Brogue,Pennsylvania,PA,False,42,Clouds,-4.66,57,7.03
Cashtown,Pennsylvania,PA,False,42,Clouds,-4.65,60,4.02
Codorus,Pennsylvania,PA,False,42,Clouds,-4.7,57,3.09
Craley,Pennsylvania,PA,False,42,Clouds,-4.07,58,6.99
Dallastown,Pennsylvania,PA,False,42,Clouds,-4.85,59,3.09
East Berlin,Connecticut,CT,False,9,Clouds,-1.17,48,5.14
East Prospect,Pennsylvania,PA,False,42,Clouds,-3.75,58,2.24
Emigsville,Pennsylvania,PA,False,42,Clouds,-3.99,58,3.09
Fawn Grove,Pennsylvania,PA,False,42,Clouds,-4.36,58,0.89
Franklintown,Pennsylvania,PA,False,42,Clouds,-4.3,55,6.96
Gardners,Pennsylvania,PA,False,42,Clouds,-4.69,54,6.3
Glen Rock,New Jersey,NJ,False,34,Clouds,-1.32,44,8.23
Lewisberry,Pennsylvania,PA,False,42,Clouds,-3.55,55,7.72
Littlestown,Pennsylvania,PA,False,42,Clouds,-4.43,58,2.24
Mount Wolf,Pennsylvania,PA,False,42,Clouds,-3.93,58,7.72
New Freedom,Pennsylvania,PA,False,42,Clouds,-4.87,60,4.02
New Oxford,Pennsylvania,PA,False,42,Clouds,-4.25,57,3.09
New Park,Pennsylvania,PA,False,42,Clouds,-4.64,58,1.34
Orrtanna,Pennsylvania,PA,False,42,Clouds,-4.39,59,4.92
Porters Sideling,Pennsylvania,PA,False,42,Clouds,-4.18,57,3.09
Railroad,Pennsylvania,PA,False,42,Clouds,-4.75,60,4.02
Red Lion,Pennsylvania,PA,False,42,Clouds,-4.81,60,0.89
Seven Valleys,Pennsylvania,PA,False,42,Clouds,-4.44,60,0.89
Shrewsbury,Massachusetts,MA,False,25,Clouds,-3.6,55,6.17
Stewartstown,Pennsylvania,PA,False,42,Clouds,-4.77,60,4.02
York Haven,Pennsylvania,PA,False,42,Clouds,-3.36,56,7.72
York New Salem,Pennsylvania,PA,False,42,Clouds,-4.46,59,0.89
York Springs,Pennsylvania,PA,False,42,Clouds,-4.26,53,6.59
Peach Glen,Pennsylvania,PA,False,42,Clouds,-5.0,54,6.36
Bausman,Pennsylvania,PA,False,42,Clouds,-3.61,58,7.72
Bird In Hand,Pennsylvania,PA,False,42,Clouds,-3.51,60,7.72
Blue Ball,Pennsylvania,PA,False,42,Clouds,-3.78,61,3.13
Bowmansville,New York,NY,False,36,Snow,-5.11,70,7.15
Conestoga,Pennsylvania,PA,False,42,Clouds,-3.82,59,4.92
Drumore,Pennsylvania,PA,False,42,Clouds,-3.56,57,1.34
East Earl,Pennsylvania,PA,False,42,Clouds,-3.85,62,3.13
East Petersburg,Pennsylvania,PA,False,42,Clouds,-3.51,58,7.72
Elm,Pennsylvania,PA,False,42,Clouds,-3.96,58,7.72
Gap,Pennsylvania,PA,False,42,Clouds,-4.0,62,8.23
Goodville,Pennsylvania,PA,False,42,Clouds,-3.86,61,3.13
Holtwood,Pennsylvania,PA,False,42,Clouds,-4.09,58,4.92
Hopeland,Pennsylvania,PA,False,42,Clouds,-3.67,59,7.72
Intercourse,Pennsylvania,PA,False,42,Clouds,-3.66,61,7.72
Kinzers,Pennsylvania,PA,False,42,Clouds,-3.75,61,8.23
Lampeter,Pennsylvania,PA,False,42,Clouds,-3.67,59,7.72
Landisville,New Jersey,NJ,False,34,Clouds,-2.56,58,6.47
Lititz,Pennsylvania,PA,False,42,Clouds,-3.52,58,7.72
Manheim,Pennsylvania,PA,False,42,Clouds,-3.56,58,7.72
Maytown,Pennsylvania,PA,False,42,Clear,7.65,46,1.19
Mount Joy,Pennsylvania,PA,False,42,Clouds,-3.5,58,7.72
Narvon,Pennsylvania,PA,False,42,Clouds,-4.34,60,8.23
Peach Bottom,Pennsylvania,PA,False,42,Clouds,-3.8,57,6.86
Pequea,Pennsylvania,PA,False,42,Clouds,-3.69,57,4.92
Quarryville,Pennsylvania,PA,False,42,Clouds,-4.02,60,4.92
Reamstown,Pennsylvania,PA,False,42,Clouds,-3.81,59,7.72
Refton,Pennsylvania,PA,False,42,Clouds,-3.69,60,4.92
Reinholds,Pennsylvania,PA,False,42,Clouds,-3.7,59,6.9
Rheems,Pennsylvania,PA,False,42,Clouds,-3.58,57,7.72
Ronks,Pennsylvania,PA,False,42,Clouds,-3.58,60,7.72
Smoketown,Pennsylvania,PA,False,42,Clouds,-3.45,59,7.72
Stevens,Pennsylvania,PA,False,42,Clouds,-3.55,59,7.72
Terre Hill,Pennsylvania,PA,False,42,Clouds,-3.82,60,3.13
Washington Boro,Pennsylvania,PA,False,42,Clouds,-3.45,58,2.68
West Willow,Pennsylvania,PA,False,42,Clouds,-3.77,58,7.72
Willow Street,Pennsylvania,PA,False,42,Clouds,-3.76,59,7.72
Witmer,Pennsylvania,PA,False,42,Clouds,-3.57,59,7.72
Antes Fort,Pennsylvania,PA,False,42,Clouds,-4.28,54,1.79
Avis,Pennsylvania,PA,False,42,Clouds,-4.34,55,1.79
Cammal,Pennsylvania,PA,False,42,Clouds,-6.11,67,6.45
Castanea,Pennsylvania,PA,False,42,Clouds,-4.45,55,5.91
Cedar Run,Pennsylvania,PA,False,42,Clouds,-6.8,70,6.19
Cross Fork,Pennsylvania,PA,False,42,Clouds,-9.28,74,6.52
Dewart,Pennsylvania,PA,False,42,Clouds,-4.0,54,7.72
Eagles Mere,Pennsylvania,PA,False,42,Clouds,-7.81,64,6.03
Jersey Mills,Pennsylvania,PA,False,42,Clouds,-5.58,71,6.4
Jersey Shore,Pennsylvania,PA,False,42,Clouds,-4.28,55,1.79
Lairdsville,Pennsylvania,PA,False,42,Clouds,-4.77,54,5.81
Lock Haven,Pennsylvania,PA,False,42,Clouds,-4.3,55,5.81
Loganton,Pennsylvania,PA,False,42,Clouds,-5.84,59,6.06
Mackeyville,Pennsylvania,PA,False,42,Clouds,-5.07,62,5.49
Mill Hall,Pennsylvania,PA,False,42,Clouds,-4.93,63,5.58
Montoursville,Pennsylvania,PA,False,42,Clouds,-3.93,53,7.72
Muncy,Pennsylvania,PA,False,42,Clouds,-4.11,53,7.72
Muncy Valley,Pennsylvania,PA,False,42,Clouds,-5.73,62,5.94
Picture Rocks,Pennsylvania,PA,False,42,Clouds,-4.57,52,7.72
Renovo,Pennsylvania,PA,False,42,Clouds,-6.41,73,6.27
Roaring Branch,Pennsylvania,PA,False,42,Clouds,-7.07,75,6.3
Salona,Pennsylvania,PA,False,42,Clouds,-4.91,63,5.57
Shunk,Pennsylvania,PA,False,42,Clouds,-7.72,67,5.89
Slate Run,Pennsylvania,PA,False,42,Clouds,-8.2,71,6.37
Trout Run,Pennsylvania,PA,False,42,Clouds,-5.15,61,5.65
Turbotville,Pennsylvania,PA,False,42,Clouds,-4.19,54,7.72
Unityville,Pennsylvania,PA,False,42,Clouds,-5.06,60,5.95
Watsontown,Pennsylvania,PA,False,42,Clouds,-4.13,55,1.34
Woolrich,Pennsylvania,PA,False,42,Clouds,-4.76,55,1.79
Allenwood,New Jersey,NJ,False,34,Clouds,-1.55,46,6.69
Beaver Springs,Pennsylvania,PA,False,42,Clouds,-4.64,62,5.51
Beavertown,Pennsylvania,PA,False,42,Clouds,-4.6,62,5.39
Bloomsburg,Pennsylvania,PA,False,42,Clouds,-3.94,59,3.58
Dornsife,Pennsylvania,PA,False,42,Clouds,-4.06,62,5.14
Elysburg,Pennsylvania,PA,False,42,Clouds,-4.41,65,3.13
Hartleton,Pennsylvania,PA,False,42,Clouds,-4.59,62,0.45
Hummels Wharf,Pennsylvania,PA,False,42,Clouds,-3.97,61,5.14
Marion Heights,Pennsylvania,PA,False,42,Clouds,-5.97,69,4.47
Kreamer,Pennsylvania,PA,False,42,Clouds,-4.53,64,5.14
Kulpmont,Pennsylvania,PA,False,42,Clouds,-5.52,69,4.47
Laurelton,Pennsylvania,PA,False,42,Clouds,-4.7,62,0.45
Leck Kill,Pennsylvania,PA,False,42,Clouds,-4.83,66,6.52
Lightstreet,Pennsylvania,PA,False,42,Clouds,-4.11,58,4.02
Locust Gap,Pennsylvania,PA,False,42,Clouds,-5.72,70,4.47
Mifflinburg,Pennsylvania,PA,False,42,Clouds,-4.32,58,5.14
Millmont,Pennsylvania,PA,False,42,Clouds,-4.5,62,0.45
Montandon,Pennsylvania,PA,False,42,Clouds,-3.99,58,5.81
Mount Pleasant Mills,Pennsylvania,PA,False,42,Clouds,-4.39,62,5.14
New Columbia,Pennsylvania,PA,False,42,Clouds,-4.17,56,5.81
Northumberland,Pennsylvania,PA,False,42,Clouds,-4.14,60,5.14
Numidia,Pennsylvania,PA,False,42,Clouds,-5.09,64,3.13
Paxinos,Pennsylvania,PA,False,42,Clouds,-4.42,65,3.13
Paxtonville,Pennsylvania,PA,False,42,Clouds,-4.19,64,5.14
Penns Creek,Pennsylvania,PA,False,42,Clouds,-4.33,61,5.14
Port Trevorton,Pennsylvania,PA,False,42,Clouds,-3.86,61,5.36
Potts Grove,Pennsylvania,PA,False,42,Clouds,-3.95,57,5.81
Rebuck,Pennsylvania,PA,False,42,Clouds,-4.23,62,5.36
Selinsgrove,Pennsylvania,PA,False,42,Clouds,-3.92,62,5.14
Shamokin,Pennsylvania,PA,False,42,Clouds,-4.89,68,4.47
Shamokin Dam,Pennsylvania,PA,False,42,Clouds,-3.99,61,5.14
Snydertown,Pennsylvania,PA,False,42,Clouds,-5.5,64,0.89
Swengel,Pennsylvania,PA,False,42,Clouds,-4.46,60,0.45
Trevorton,Pennsylvania,PA,False,42,Clouds,-4.74,66,5.14
Troxelville,Pennsylvania,PA,False,42,Clouds,-4.82,62,5.62
Weikert,Pennsylvania,PA,False,42,Clouds,-4.89,62,0.45
Aristes,Pennsylvania,PA,False,42,Clouds,-6.67,70,1.79
Cressona,Pennsylvania,PA,False,42,Clouds,-3.49,66,4.02
Cumbola,Pennsylvania,PA,False,42,Clouds,-3.82,66,3.13
Frackville,Pennsylvania,PA,False,42,Clouds,-5.97,69,1.79
Friedensburg,Pennsylvania,PA,False,42,Clouds,-3.74,65,4.02
Gilberton,Pennsylvania,PA,False,42,Clouds,-5.31,69,1.79
Girardville,Pennsylvania,PA,False,42,Clouds,-5.17,69,1.79
Hegins,Pennsylvania,PA,False,42,Clouds,-4.34,67,4.47
Klingerstown,Pennsylvania,PA,False,42,Clouds,-4.22,63,6.17
Lavelle,Pennsylvania,PA,False,42,Clouds,-5.06,69,4.47
Llewellyn,Pennsylvania,PA,False,42,Clouds,-4.15,67,3.13
Locustdale,Pennsylvania,PA,False,42,Clouds,-5.41,69,6.32
Mahanoy City,Pennsylvania,PA,False,42,Clouds,-4.8,61,6.05
Mahanoy Plane,Pennsylvania,PA,False,42,Clouds,-5.41,69,1.79
Mary D,Pennsylvania,PA,False,42,Clouds,-4.15,64,0.45
New Ringgold,Pennsylvania,PA,False,42,Clouds,-4.2,64,0.89
Orwigsburg,Pennsylvania,PA,False,42,Clouds,-3.63,64,4.02
Pitman,New Jersey,NJ,False,34,Clouds,-2.33,49,7.72
Port Carbon,Pennsylvania,PA,False,42,Clouds,-3.74,66,3.13
Ravine,Pennsylvania,PA,False,42,Clouds,-3.67,61,6.89
Ringtown,Pennsylvania,PA,False,42,Clouds,-5.09,67,1.79
Schuylkill Haven,Pennsylvania,PA,False,42,Clouds,-3.63,66,4.02
Seltzer,Pennsylvania,PA,False,42,Clouds,-4.3,67,3.13
Spring Glen,New York,NY,False,36,Clouds,-2.6,53,4.63
Zion Grove,Pennsylvania,PA,False,42,Clouds,-4.61,61,5.85
Ackermanville,Pennsylvania,PA,False,42,Clouds,-2.56,47,0.89
Alburtis,Pennsylvania,PA,False,42,Clouds,-3.09,60,6.69
Aquashicola,Pennsylvania,PA,False,42,Clouds,-2.68,49,3.6
Bowmanstown,Pennsylvania,PA,False,42,Clouds,-3.03,50,4.02
Catasauqua,Pennsylvania,PA,False,42,Clouds,-2.29,56,6.69
Center Valley,Pennsylvania,PA,False,42,Clouds,-2.85,58,7.2
Coopersburg,Pennsylvania,PA,False,42,Clouds,-2.91,58,7.2
Coplay,Pennsylvania,PA,False,42,Clouds,-2.41,55,6.69
East Greenville,Pennsylvania,PA,False,42,Clouds,-2.89,57,7.2
East Texas,Pennsylvania,PA,False,42,Clouds,-2.8,59,6.69
Emmaus,Pennsylvania,PA,False,42,Clouds,-2.78,58,6.69
Flicksville,Pennsylvania,PA,False,42,Clouds,-2.77,47,1.34
Fogelsville,Pennsylvania,PA,False,42,Clouds,-3.07,59,6.69
Green Lane,Pennsylvania,PA,False,42,Clouds,-2.6,54,7.2
Hellertown,Pennsylvania,PA,False,42,Clouds,-2.31,60,6.69
Kunkletown,Pennsylvania,PA,False,42,Clouds,-2.95,49,6.73
Laurys Station,Pennsylvania,PA,False,42,Clouds,-2.4,53,6.69
Limeport,Pennsylvania,PA,False,42,Clouds,-3.17,59,7.2
Macungie,Pennsylvania,PA,False,42,Clouds,-2.86,59,6.69
Martins Creek,Pennsylvania,PA,False,42,Clouds,-1.94,47,3.13
New Tripoli,Pennsylvania,PA,False,42,Clouds,-3.33,57,6.71
Northampton,Massachusetts,MA,False,25,Clouds,-2.45,60,6.17
Old Zionsville,Pennsylvania,PA,False,42,Clouds,-3.52,59,6.69
Orefield,Pennsylvania,PA,False,42,Clouds,-2.81,57,6.69
Palm,Pennsylvania,PA,False,42,Clouds,-2.94,58,6.69
Palmerton,Pennsylvania,PA,False,42,Clouds,-2.71,49,3.6
Pen Argyl,Pennsylvania,PA,False,42,Clouds,-3.15,47,3.58
Pennsburg,Pennsylvania,PA,False,42,Clouds,-2.78,56,7.2
Perkiomenville,Pennsylvania,PA,False,42,Clouds,-2.49,54,7.2
Red Hill,Pennsylvania,PA,False,42,Clouds,-2.77,56,7.2
Riegelsville,Pennsylvania,PA,False,42,Clouds,-1.85,60,2.24
Schnecksville,Pennsylvania,PA,False,42,Clouds,-3.23,56,6.69
Slatedale,Pennsylvania,PA,False,42,Clouds,-2.93,53,3.6
Slatington,Pennsylvania,PA,False,42,Clouds,-2.75,52,4.63
Stockertown,Pennsylvania,PA,False,42,Clouds,-2.09,51,4.63
Sumneytown,Pennsylvania,PA,False,42,Clouds,-2.64,54,7.2
Tatamy,Pennsylvania,PA,False,42,Clouds,-2.05,54,4.63
Treichlers,Pennsylvania,PA,False,42,Clouds,-2.37,53,6.69
Trexlertown,Pennsylvania,PA,False,42,Clouds,-2.97,59,6.69
Walnutport,Pennsylvania,PA,False,42,Clouds,-2.61,52,4.63
Wind Gap,Pennsylvania,PA,False,42,Clouds,-3.22,48,3.58
Albrightsville,Pennsylvania,PA,False,42,Clouds,-5.69,56,2.24
Andreas,Pennsylvania,PA,False,42,Clouds,-3.16,53,3.6
Ashfield,Massachusetts,MA,False,25,Clouds,-5.38,68,1.34
Beaver Meadows,Pennsylvania,PA,False,42,Clouds,-5.72,55,4.47
Conyngham,Pennsylvania,PA,False,42,Clouds,-4.36,57,4.47
Drifton,Pennsylvania,PA,False,42,Clouds,-5.87,55,4.47
Drums,Pennsylvania,PA,False,42,Clouds,-4.69,57,4.47
Ebervale,Pennsylvania,PA,False,42,Clouds,-5.66,57,4.47
Harleigh,Pennsylvania,PA,False,42,Clouds,-5.69,57,4.47
Jim Thorpe,Pennsylvania,PA,False,42,Clouds,-3.75,50,2.24
Junedale,Pennsylvania,PA,False,42,Clouds,-5.74,55,4.47
Kelayres,Pennsylvania,PA,False,42,Clouds,-5.97,57,4.47
Lehighton,Pennsylvania,PA,False,42,Clouds,-2.97,48,3.6
Milnesville,Pennsylvania,PA,False,42,Clouds,-5.64,57,4.47
Nesquehoning,Pennsylvania,PA,False,42,Clouds,-4.47,51,2.68
Nuremberg,Pennsylvania,PA,False,42,Clouds,-4.51,59,2.57
Parryville,Pennsylvania,PA,False,42,Clouds,-3.32,49,3.6
Quakake,Pennsylvania,PA,False,42,Clouds,-5.05,58,2.57
Rock Glen,Pennsylvania,PA,False,42,Clouds,-4.87,57,2.57
Sheppton,Pennsylvania,PA,False,42,Clouds,-5.69,57,2.57
Summit Hill,Pennsylvania,PA,False,42,Clouds,-5.13,52,3.6
Sybertsville,Pennsylvania,PA,False,42,Clouds,-4.24,58,4.47
Tamaqua,Pennsylvania,PA,False,42,Clouds,-4.1,65,1.34
Tresckow,Pennsylvania,PA,False,42,Clouds,-6.0,56,4.47
Weatherly,Pennsylvania,PA,False,42,Clouds,-4.9,53,2.68
East Stroudsburg,Pennsylvania,PA,False,42,Clouds,-2.79,49,5.25
Analomink,Pennsylvania,PA,False,42,Clouds,-3.41,52,9.77
Bartonsville,Pennsylvania,PA,False,42,Clouds,-3.51,50,9.77
Brodheadsville,Pennsylvania,PA,False,42,Clouds,-3.28,50,4.02
Buck Hill Falls,Pennsylvania,PA,False,42,Clouds,-5.11,58,9.77
Bushkill,Pennsylvania,PA,False,42,Clouds,-2.68,55,5.4
Canadensis,Pennsylvania,PA,False,42,Clouds,-4.72,58,9.77
Delaware Water Gap,Pennsylvania,PA,False,42,Clouds,-2.63,47,5.16
Dingmans Ferry,Pennsylvania,PA,False,42,Clouds,-2.67,57,1.34
Effort,Pennsylvania,PA,False,42,Clouds,-3.45,51,1.79
Kresgeville,Pennsylvania,PA,False,42,Clouds,-3.31,49,0.45
Long Pond,Pennsylvania,PA,False,42,Clouds,-6.11,55,9.77
Marshalls Creek,Pennsylvania,PA,False,42,Clouds,-3.01,49,1.34
Matamoras,Pennsylvania,PA,False,42,Clouds,-2.86,56,3.6
Minisink Hills,Pennsylvania,PA,False,42,Clouds,-2.67,48,5.09
Mountainhome,Pennsylvania,PA,False,42,Clouds,-5.06,58,9.77
Mount Bethel,Pennsylvania,PA,False,42,Clouds,-2.78,45,0.89
Mount Pocono,Pennsylvania,PA,False,42,Clouds,-6.29,57,9.77
Pocono Summit,Pennsylvania,PA,False,42,Clouds,-6.31,57,9.77
Pocono Lake,Pennsylvania,PA,False,42,Clouds,-6.21,60,9.77
Pocono Manor,Pennsylvania,PA,False,42,Clouds,-5.54,57,9.77
Pocono Pines,Pennsylvania,PA,False,42,Clouds,-6.24,59,9.77
Reeders,Pennsylvania,PA,False,42,Clouds,-4.06,52,9.77
Saylorsburg,Pennsylvania,PA,False,42,Clouds,-2.9,46,4.02
Scotrun,Pennsylvania,PA,False,42,Clouds,-4.53,54,9.77
Shawnee On Delaware,Pennsylvania,PA,False,42,Clouds,-2.62,48,1.34
Skytop,Pennsylvania,PA,False,42,Clouds,-5.61,59,9.77
Stroudsburg,Pennsylvania,PA,False,42,Clouds,-2.7,48,4.02
Swiftwater,Pennsylvania,PA,False,42,Clouds,-4.88,55,9.77
Tamiment,Pennsylvania,PA,False,42,Clouds,-4.32,55,2.24
Archbald,Pennsylvania,PA,False,42,Clouds,-4.05,55,3.13
Beach Lake,Pennsylvania,PA,False,42,Clouds,-4.96,64,7.09
Chinchilla,Pennsylvania,PA,False,42,Clouds,-4.42,54,6.17
Clarks Summit,Pennsylvania,PA,False,42,Clouds,-4.69,54,6.17
Equinunk,Pennsylvania,PA,False,42,Clouds,-6.1,78,6.86
Factoryville,Pennsylvania,PA,False,42,Clouds,-4.09,56,1.34
Fleetville,Pennsylvania,PA,False,42,Clouds,-4.7,58,0.45
Gouldsboro,Maine,ME,False,23,Clouds,-7.57,62,5.69
Herrick Center,Pennsylvania,PA,False,42,Clouds,-6.44,72,6.75
Honesdale,Pennsylvania,PA,False,42,Clouds,-4.63,66,0.89
Lackawaxen,Pennsylvania,PA,False,42,Clouds,-3.42,61,1.79
Lake Ariel,Pennsylvania,PA,False,42,Clouds,-5.24,58,7.15
La Plume,Pennsylvania,PA,False,42,Clouds,-4.19,56,1.34
Lenoxville,Pennsylvania,PA,False,42,Clouds,-4.46,59,4.47
Milanville,Pennsylvania,PA,False,42,Clouds,-3.85,63,7.47
Newfoundland,New Jersey,NJ,False,34,Clouds,-2.92,47,6.33
Olyphant,Pennsylvania,PA,False,42,Clouds,-3.49,53,6.17
Orson,Pennsylvania,PA,False,42,Clouds,-8.05,76,2.24
Paupack,Pennsylvania,PA,False,42,Clouds,-5.48,63,6.26
Peckville,Pennsylvania,PA,False,42,Clouds,-3.58,54,6.17
Pleasant Mount,Pennsylvania,PA,False,42,Clouds,-6.99,72,2.24
Poyntelle,Pennsylvania,PA,False,42,Clouds,-8.08,77,2.24
Preston Park,Pennsylvania,PA,False,42,Clouds,-6.99,77,2.24
Prompton,Pennsylvania,PA,False,42,Clouds,-5.01,65,0.89
Shohola,Pennsylvania,PA,False,42,Clouds,-3.32,60,1.79
South Canaan,Pennsylvania,PA,False,42,Clouds,-5.04,58,7.07
South Sterling,Pennsylvania,PA,False,42,Clouds,-6.09,60,9.77
Starlight,Pennsylvania,PA,False,42,Clouds,-6.73,78,0.89
Starrucca,Pennsylvania,PA,False,42,Clouds,-7.14,79,2.24
Tafton,Pennsylvania,PA,False,42,Clouds,-5.53,63,6.26
Tobyhanna,Pennsylvania,PA,False,42,Clouds,-6.59,59,9.77
Tyler Hill,Pennsylvania,PA,False,42,Clouds,-5.25,60,7.45
Union Dale,Pennsylvania,PA,False,42,Clouds,-6.1,69,4.47
Waymart,Pennsylvania,PA,False,42,Clouds,-5.19,60,4.47
Moosic,Pennsylvania,PA,False,42,Clouds,-3.25,52,6.17
Old Forge,New York,NY,False,36,Snow,-7.64,87,5.13
Beach Haven,New Jersey,NJ,False,34,Clouds,-1.14,58,10.73
Cambra,Pennsylvania,PA,False,42,Clouds,-4.34,57,2.68
Dushore,Pennsylvania,PA,False,42,Clouds,-7.1,62,4.02
Falls,Pennsylvania,PA,False,42,Clouds,-1.52,52,6.17
Forksville,Pennsylvania,PA,False,42,Clouds,-6.43,67,6.06
Glen Lyon,Pennsylvania,PA,False,42,Clouds,-3.76,54,2.24
Harveys Lake,Pennsylvania,PA,False,42,Clouds,-4.65,52,5.46
Hillsgrove,Pennsylvania,PA,False,42,Clouds,-5.82,64,5.55
Hunlock Creek,Pennsylvania,PA,False,42,Clouds,-3.39,52,2.24
Huntington Mills,Pennsylvania,PA,False,42,Clouds,-3.93,57,2.68
Laceyville,Pennsylvania,PA,False,42,Clouds,-3.85,48,2.24
Lake Harmony,Pennsylvania,PA,False,42,Clouds,-6.18,57,9.77
Lake Winola,Pennsylvania,PA,False,42,Clouds,-4.29,56,1.79
Lehman,Pennsylvania,PA,False,42,Clouds,-4.56,52,5.42
Lopez,Pennsylvania,PA,False,42,Clouds,-7.18,63,4.02
Mehoopany,Pennsylvania,PA,False,42,Clouds,-3.73,54,1.34
Meshoppen,Pennsylvania,PA,False,42,Clouds,-3.8,50,6.49
Mifflinville,Pennsylvania,PA,False,42,Clouds,-3.69,57,4.02
Nescopeck,Pennsylvania,PA,False,42,Clouds,-3.45,57,1.79
Noxen,Pennsylvania,PA,False,42,Clouds,-4.09,53,5.76
Pittston,Pennsylvania,PA,False,42,Clouds,-3.32,52,6.17
Duryea,Pennsylvania,PA,False,42,Clouds,-3.24,52,6.17
Shawanese,Pennsylvania,PA,False,42,Clouds,-4.65,52,5.46
Shickshinny,Pennsylvania,PA,False,42,Clouds,-3.3,55,2.24
Sweet Valley,Pennsylvania,PA,False,42,Clouds,-4.71,52,2.24
Tunkhannock,Pennsylvania,PA,False,42,Clouds,-3.4,57,0.45
Wapwallopen,Pennsylvania,PA,False,42,Clouds,-3.76,56,2.57
White Haven,Pennsylvania,PA,False,42,Clouds,-4.85,55,4.02
Wilkes Barre,Pennsylvania,PA,False,42,Clouds,-3.24,51,6.17
Mountain Top,Pennsylvania,PA,False,42,Clouds,-4.69,55,2.57
Shavertown,Pennsylvania,PA,False,42,Clouds,-4.22,51,6.17
Brackney,Pennsylvania,PA,False,42,Clouds,-5.98,69,1.79
Camptown,Pennsylvania,PA,False,42,Clouds,-3.79,51,6.6
East Smithfield,Pennsylvania,PA,False,42,Clouds,-5.8,68,6.74
Hallstead,Pennsylvania,PA,False,42,Clouds,-5.34,75,6.45
Harford,New York,NY,False,36,Clouds,-5.83,78,6.69
Hop Bottom,Pennsylvania,PA,False,42,Clouds,-4.57,65,4.92
Le Raysville,Pennsylvania,PA,False,42,Clouds,-5.41,60,6.73
Little Meadows,Pennsylvania,PA,False,42,Clouds,-5.11,69,2.68
Monroeton,Pennsylvania,PA,False,42,Clouds,-4.09,58,0.89
New Milford,Connecticut,CT,False,9,Clouds,-1.93,55,1.79
South Gibson,Pennsylvania,PA,False,42,Clouds,-4.72,68,6.46
South Montrose,Pennsylvania,PA,False,42,Clouds,-6.52,69,4.02
Sugar Run,Pennsylvania,PA,False,42,Clouds,-3.91,52,2.24
Susquehanna,Pennsylvania,PA,False,42,Clouds,-4.06,57,6.86
Ulster,Pennsylvania,PA,False,42,Clouds,-3.69,60,6.59
Warren Center,Pennsylvania,PA,False,42,Clouds,-5.7,66,6.78
Wyalusing,Pennsylvania,PA,False,42,Clouds,-3.78,51,2.24
Wysox,Pennsylvania,PA,False,42,Clouds,-3.33,56,0.89
Bedminster,New Jersey,NJ,False,34,Clouds,-1.57,45,6.17
Blooming Glen,Pennsylvania,PA,False,42,Clouds,-2.82,55,7.2
Carversville,Pennsylvania,PA,False,42,Clouds,-2.41,54,7.2
Chalfont,Pennsylvania,PA,False,42,Clouds,-2.4,53,7.2
Colmar,Pennsylvania,PA,False,42,Clouds,-2.45,53,7.2
Danboro,Pennsylvania,PA,False,42,Clouds,-2.85,54,7.2
Erwinna,Pennsylvania,PA,False,42,Clouds,-1.98,57,6.17
Fountainville,Pennsylvania,PA,False,42,Clouds,-2.69,54,7.2
Franconia,New Hampshire,NH,False,33,Clouds,-10.93,79,3.16
Furlong,Pennsylvania,PA,False,42,Clouds,-2.47,53,6.17
Gardenville,Pennsylvania,PA,False,42,Clouds,-2.9,55,7.2
Hilltown,Pennsylvania,PA,False,42,Clouds,-3.2,55,7.2
Holicong,Pennsylvania,PA,False,42,Clouds,-2.35,54,6.17
Jamison,Pennsylvania,PA,False,42,Clouds,-2.49,53,6.17
Kintnersville,Pennsylvania,PA,False,42,Clouds,-2.28,60,3.13
Lahaska,Pennsylvania,PA,False,42,Clouds,-2.37,55,6.17
Line Lexington,Pennsylvania,PA,False,42,Clouds,-2.57,54,7.2
Lumberville,Pennsylvania,PA,False,42,Clouds,-2.03,55,6.17
Milford Square,Pennsylvania,PA,False,42,Clouds,-3.15,58,7.2
Montgomeryville,Pennsylvania,PA,False,42,Clouds,-2.82,53,7.2
Ottsville,Pennsylvania,PA,False,42,Clouds,-2.65,59,7.2
Penns Park,Pennsylvania,PA,False,42,Clouds,-2.41,53,6.17
Perkasie,Pennsylvania,PA,False,42,Clouds,-2.65,55,7.2
Pipersville,Pennsylvania,PA,False,42,Clouds,-2.79,57,7.2
Plumsteadville,Pennsylvania,PA,False,42,Clouds,-3.03,55,7.2
Quakertown,New Jersey,NJ,False,34,Clouds,-2.89,49,1.34
Richboro,Pennsylvania,PA,False,42,Clouds,-2.2,52,6.69
Richlandtown,Pennsylvania,PA,False,42,Clouds,-2.99,61,7.2
Rushland,Pennsylvania,PA,False,42,Clouds,-2.01,52,6.69
Salford,Pennsylvania,PA,False,42,Clouds,-2.46,53,7.2
Salfordville,Pennsylvania,PA,False,42,Clouds,-2.63,54,7.2
Sellersville,Pennsylvania,PA,False,42,Clouds,-2.75,55,7.2
Solebury,Pennsylvania,PA,False,42,Clouds,-2.36,54,6.17
Souderton,Pennsylvania,PA,False,42,Clouds,-2.8,55,7.2
Southampton,Massachusetts,MA,False,25,Clouds,-2.68,60,6.17
Spinnerstown,Pennsylvania,PA,False,42,Clouds,-3.24,58,7.2
Trumbauersville,Pennsylvania,PA,False,42,Clouds,-3.19,57,7.2
Tylersport,Pennsylvania,PA,False,42,Clouds,-3.08,55,7.2
Upper Black Eddy,Pennsylvania,PA,False,42,Clouds,-1.86,58,3.13
Warminster,Pennsylvania,PA,False,42,Clouds,-2.43,52,6.17
Warrington,Pennsylvania,PA,False,42,Clouds,-2.66,53,6.17
Washington Crossing,Pennsylvania,PA,False,42,Clouds,-1.66,53,6.17
Woxall,Pennsylvania,PA,False,42,Clouds,-2.77,53,7.2
Wycombe,Pennsylvania,PA,False,42,Clouds,-2.16,53,6.17
Zionhill,Pennsylvania,PA,False,42,Clouds,-3.26,58,7.2
Abington,Massachusetts,MA,False,25,Clouds,-2.61,54,1.79
Bala Cynwyd,Pennsylvania,PA,False,42,Clouds,-2.51,50,7.72
Huntingdon Valley,Pennsylvania,PA,False,42,Clouds,-1.95,50,6.69
Broomall,Pennsylvania,PA,False,42,Clouds,-2.91,52,5.66
Bryn Athyn,Pennsylvania,PA,False,42,Clouds,-2.27,50,6.69
Aston,Pennsylvania,PA,False,42,Clouds,-2.74,52,2.68
Chester Heights,Pennsylvania,PA,False,42,Clouds,-2.92,53,2.68
Clifton Heights,Pennsylvania,PA,False,42,Clouds,-2.43,52,1.79
Bensalem,Pennsylvania,PA,False,42,Clouds,-1.66,49,6.69
Crum Lynne,Pennsylvania,PA,False,42,Clouds,-2.29,52,2.68
Dresher,Pennsylvania,PA,False,42,Clouds,-2.32,52,5.36
Drexel Hill,Pennsylvania,PA,False,42,Clouds,-2.52,52,1.79
Elkins Park,Pennsylvania,PA,False,42,Clouds,-2.17,50,6.69
Essington,Pennsylvania,PA,False,42,Clouds,-2.19,52,1.79
Fairless Hills,Pennsylvania,PA,False,42,Clouds,-1.7,51,6.69
Flourtown,Pennsylvania,PA,False,42,Clouds,-2.32,51,5.36
Folcroft,Pennsylvania,PA,False,42,Clouds,-2.23,52,1.79
Gladwyne,Pennsylvania,PA,False,42,Clouds,-2.73,51,7.72
Glenolden,Pennsylvania,PA,False,42,Clouds,-2.31,51,1.79
Glenside,Pennsylvania,PA,False,42,Clouds,-2.44,51,5.36
Hatboro,Pennsylvania,PA,False,42,Clouds,-2.3,52,6.17
Haverford,Pennsylvania,PA,False,42,Clouds,-2.77,51,7.72
Holmes,New York,NY,False,36,Clouds,-3.15,57,2.68
Horsham,Pennsylvania,PA,False,42,Clouds,-2.33,52,6.17
Jenkintown,Pennsylvania,PA,False,42,Clouds,-2.42,50,6.69
Langhorne,Pennsylvania,PA,False,42,Clouds,-1.95,51,6.69
Lansdowne,Pennsylvania,PA,False,42,Clouds,-2.33,51,1.79
Lenni,Pennsylvania,PA,False,42,Clouds,-2.72,52,2.68
Feasterville Trevose,Pennsylvania,PA,False,42,Clouds,-1.92,50,6.69
Levittown,New York,NY,False,36,Clear,-1.09,42,7.2
Marcus Hook,Pennsylvania,PA,False,42,Clouds,-2.29,53,2.68
Narberth,Pennsylvania,PA,False,42,Clouds,-2.64,51,7.72
Newtown Square,Pennsylvania,PA,False,42,Clouds,-3.11,53,2.68
Oreland,Pennsylvania,PA,False,42,Clouds,-2.36,51,5.81
Prospect Park,Pennsylvania,PA,False,42,Clouds,-2.34,52,1.79
Ridley Park,Pennsylvania,PA,False,42,Clouds,-2.28,53,1.79
Sharon Hill,Pennsylvania,PA,False,42,Clouds,-2.11,50,7.72
Swarthmore,Pennsylvania,PA,False,42,Clouds,-2.5,52,2.68
Upper Darby,Pennsylvania,PA,False,42,Clouds,-2.23,52,1.79
Havertown,Pennsylvania,PA,False,42,Clouds,-2.73,52,5.14
Villanova,Pennsylvania,PA,False,42,Clouds,-3.09,52,5.14
Willow Grove,Pennsylvania,PA,False,42,Clouds,-2.43,51,5.36
Woodlyn,Pennsylvania,PA,False,42,Clouds,-2.33,52,2.68
Wyncote,Pennsylvania,PA,False,42,Clouds,-2.35,51,5.36
Atglen,Pennsylvania,PA,False,42,Clouds,-3.93,59,6.69
Brandamore,Pennsylvania,PA,False,42,Clouds,-4.16,58,6.69
Chadds Ford,Pennsylvania,PA,False,42,Clouds,-2.81,54,3.13
Cheyney,Pennsylvania,PA,False,42,Clouds,-3.03,53,4.92
Cochranville,Pennsylvania,PA,False,42,Clouds,-4.14,60,6.69
Concordville,Pennsylvania,PA,False,42,Clouds,-3.06,53,2.68
Devon,Pennsylvania,PA,False,42,Clouds,-3.31,53,5.14
Downingtown,Pennsylvania,PA,False,42,Clouds,-3.19,56,6.69
Exton,Pennsylvania,PA,False,42,Clouds,-3.23,54,3.13
Glen Mills,Pennsylvania,PA,False,42,Clouds,-2.66,53,3.13
Glenmoore,Pennsylvania,PA,False,42,Clouds,-3.85,57,6.69
Honey Brook,Pennsylvania,PA,False,42,Clouds,-4.4,59,6.69
Kelton,Pennsylvania,PA,False,42,Clouds,-4.13,59,6.69
Kemblesville,Pennsylvania,PA,False,42,Clouds,-3.63,57,3.58
Kennett Square,Pennsylvania,PA,False,42,Clouds,-3.39,56,6.69
Landenberg,Pennsylvania,PA,False,42,Clouds,-3.51,56,6.17
Lyndell,Pennsylvania,PA,False,42,Clouds,-3.6,56,6.69
Parkesburg,Pennsylvania,PA,False,42,Clouds,-3.97,59,6.69
Pocopson,Pennsylvania,PA,False,42,Clouds,-2.86,54,3.13
Sadsburyville,Pennsylvania,PA,False,42,Clouds,-4.24,59,6.69
Suplee,Pennsylvania,PA,False,42,Clouds,-4.27,59,6.69
Toughkenamon,Pennsylvania,PA,False,42,Clouds,-3.5,56,6.69
Wagontown,Pennsylvania,PA,False,42,Clouds,-3.79,58,6.69
West Grove,Pennsylvania,PA,False,42,Clouds,-3.77,58,6.69
Westtown,New York,NY,False,36,Clouds,-2.92,51,3.6
King Of Prussia,Pennsylvania,PA,False,42,Clouds,-2.5,52,5.14
Fairview Village,Pennsylvania,PA,False,42,Clouds,-2.91,52,5.14
Birchrunville,Pennsylvania,PA,False,42,Clouds,-3.52,53,4.63
Blue Bell,Pennsylvania,PA,False,42,Clouds,-2.7,52,5.14
Cedars,Pennsylvania,PA,False,42,Clouds,-2.51,52,5.14
Chester Springs,Pennsylvania,PA,False,42,Clouds,-3.07,53,4.63
Conshohocken,Pennsylvania,PA,False,42,Clouds,-2.46,52,5.14
Creamery,Pennsylvania,PA,False,42,Clouds,-2.51,53,5.14
Devault,Pennsylvania,PA,False,42,Clouds,-3.2,53,4.63
Gwynedd,Pennsylvania,PA,False,42,Clouds,-2.66,52,6.17
Gwynedd Valley,Pennsylvania,PA,False,42,Clouds,-2.47,53,5.14
Harleysville,Pennsylvania,PA,False,42,Clouds,-2.53,54,7.2
Kimberton,Pennsylvania,PA,False,42,Clouds,-2.81,53,4.63
Kulpsville,Pennsylvania,PA,False,42,Clouds,-2.49,53,7.2
Lansdale,Pennsylvania,PA,False,42,Clouds,-2.64,53,7.2
Lederach,Pennsylvania,PA,False,42,Clouds,-2.66,53,7.2
Mainland,Pennsylvania,PA,False,42,Clouds,-2.37,53,7.2
Mont Clare,Pennsylvania,PA,False,42,Clouds,-2.58,52,4.63
North Wales,Pennsylvania,PA,False,42,Clouds,-2.73,53,7.2
Parker Ford,Pennsylvania,PA,False,42,Clouds,-2.45,52,4.63
Phoenixville,Pennsylvania,PA,False,42,Clouds,-2.57,53,4.63
Pottstown,Pennsylvania,PA,False,42,Clouds,-2.59,52,4.63
Royersford,Pennsylvania,PA,False,42,Clouds,-2.6,52,4.63
Sassamansville,Pennsylvania,PA,False,42,Clouds,-2.82,53,4.63
Schwenksville,Pennsylvania,PA,False,42,Clouds,-2.29,53,4.63
Skippack,Pennsylvania,PA,False,42,Clouds,-2.4,53,5.14
Spring House,Pennsylvania,PA,False,42,Clouds,-2.57,52,6.17
Spring Mount,Pennsylvania,PA,False,42,Clouds,-2.28,53,7.2
Valley Forge,Pennsylvania,PA,False,42,Clouds,-2.8,52,5.14
Worcester,Massachusetts,MA,False,25,Clouds,-3.23,56,6.17
Bally,Pennsylvania,PA,False,42,Clouds,-3.05,56,4.63
Barto,Pennsylvania,PA,False,42,Clouds,-3.01,56,4.63
Bechtelsville,Pennsylvania,PA,False,42,Clouds,-2.96,55,4.63
Bernville,Pennsylvania,PA,False,42,Clouds,-2.98,58,7.2
Birdsboro,Pennsylvania,PA,False,42,Clouds,-2.97,55,7.2
Blandon,Pennsylvania,PA,False,42,Snow,-2.94,57,7.2
Bowers,Pennsylvania,PA,False,42,Clouds,-3.16,60,2.24
Boyertown,Pennsylvania,PA,False,42,Clouds,-2.91,54,4.63
Centerport,New York,NY,False,36,Clear,-1.14,44,7.2
Elverson,Pennsylvania,PA,False,42,Clouds,-4.26,57,6.69
Geigertown,Pennsylvania,PA,False,42,Clouds,-3.75,57,6.85
Kutztown,Pennsylvania,PA,False,42,Clouds,-3.07,60,2.24
Leesport,Pennsylvania,PA,False,42,Clouds,-2.76,56,7.2
Lenhartsville,Pennsylvania,PA,False,42,Clouds,-3.17,61,4.92
Limekiln,Pennsylvania,PA,False,42,Clouds,-3.5,56,7.72
Maxatawny,Pennsylvania,PA,False,42,Clouds,-3.19,60,6.69
Mertztown,Pennsylvania,PA,False,42,Clouds,-3.27,60,6.69
Mohnton,Pennsylvania,PA,False,42,Clouds,-3.36,60,4.02
Mohrsville,Pennsylvania,PA,False,42,Clouds,-2.74,56,7.2
Mount Aetna,Pennsylvania,PA,False,42,Clouds,-3.74,49,7.15
New Berlinville,Pennsylvania,PA,False,42,Clouds,-2.87,54,4.63
Oley,Pennsylvania,PA,False,42,Snow,-3.11,57,7.2
Pine Forge,Pennsylvania,PA,False,42,Clouds,-2.75,53,4.63
Rehrersburg,Pennsylvania,PA,False,42,Clouds,-3.61,56,7.66
Robesonia,Pennsylvania,PA,False,42,Clouds,-3.52,60,4.02
Shartlesville,Pennsylvania,PA,False,42,Clouds,-3.55,66,7.27
Shoemakersville,Pennsylvania,PA,False,42,Clouds,-2.95,57,7.2
Strausstown,Pennsylvania,PA,False,42,Clouds,-3.51,59,7.51
Virginville,Pennsylvania,PA,False,42,Clouds,-2.88,59,7.2
Wernersville,Pennsylvania,PA,False,42,Clouds,-3.42,59,4.02
Womelsdorf,Pennsylvania,PA,False,42,Clouds,-3.42,55,7.2
Bear,Delaware,DE,False,10,Clouds,-2.31,50,3.13
Claymont,Delaware,DE,False,10,Clouds,-2.35,52,2.68
Delaware City,Delaware,DE,False,10,Clouds,-2.01,50,1.34
Hockessin,Delaware,DE,False,10,Clouds,-3.2,55,2.24
Montchanin,Delaware,DE,False,10,Clouds,-2.96,54,2.24
Port Penn,Delaware,DE,False,10,Clouds,-2.03,51,1.34
Saint Georges,Delaware,DE,False,10,Clouds,-2.08,49,3.13
Winterthur,Delaware,DE,False,10,Clouds,-2.94,54,2.24
Yorklyn,Delaware,DE,False,10,Clouds,-3.07,55,2.24
Bethany Beach,Delaware,DE,False,10,Clouds,-1.09,52,10.02
Cheswold,Delaware,DE,False,10,Clouds,-1.83,45,9.26
Dagsboro,Delaware,DE,False,10,Clouds,-1.18,46,5.14
Fenwick Island,Delaware,DE,False,10,Clouds,-1.1,40,7.2
Frederica,Delaware,DE,False,10,Clouds,-1.82,46,9.26
Harbeson,Delaware,DE,False,10,Clouds,-1.44,50,6.26
Hartly,Delaware,DE,False,10,Clouds,-1.97,47,4.47
Lewes,Delaware,DE,False,10,Clouds,-1.36,51,4.47
Little Creek,Delaware,DE,False,10,Clouds,-1.05,38,9.26
Millsboro,Pennsylvania,PA,False,42,Clouds,-6.63,62,4.84
Nassau,New York,NY,False,36,Snow,-3.45,70,4.82
Rehoboth Beach,Delaware,DE,False,10,Clouds,-1.27,52,2.68
Woodside,New York,NY,False,36,Clear,-0.74,42,10.28
Dulles,Virginia,VA,False,51,Clouds,-3.16,51,5.14
Aldie,Virginia,VA,False,51,Clouds,-3.53,54,5.14
Amissville,Virginia,VA,False,51,Clouds,-3.31,45,3.37
Catlett,Virginia,VA,False,51,Clear,-2.65,47,4.63
Orlean,Virginia,VA,False,51,Clouds,-3.74,50,3.13
Paeonian Springs,Virginia,VA,False,51,Clouds,-4.06,55,5.14
Philomont,Virginia,VA,False,51,Clouds,-4.03,54,7.15
Purcellville,Virginia,VA,False,51,Clouds,-4.18,54,7.15
Bluemont,Virginia,VA,False,51,Clouds,-4.61,53,2.24
Broad Run,Virginia,VA,False,51,Clouds,-3.39,51,2.68
Calverton,New York,NY,False,36,Clouds,-0.73,47,10.73
Casanova,Virginia,VA,False,51,Clear,-2.81,46,4.63
Rectortown,Virginia,VA,False,51,Clouds,-3.92,52,1.79
Round Hill,Virginia,VA,False,51,Clouds,-4.17,54,7.15
Catharpin,Virginia,VA,False,51,Clear,-3.13,49,4.63
Delaplane,Virginia,VA,False,51,Clouds,-3.83,51,1.79
Chantilly,Virginia,VA,False,51,Clouds,-3.09,49,3.58
Haymarket,Virginia,VA,False,51,Clear,-3.24,50,4.63
Lovettsville,Virginia,VA,False,51,Clouds,-4.0,58,8.94
Nokesville,Virginia,VA,False,51,Clear,-2.89,49,4.63
Upperville,Virginia,VA,False,51,Clouds,-4.14,51,5.04
Reston,Virginia,VA,False,51,Clouds,-3.29,50,3.58
Abell,Maryland,MD,False,24,Clouds,-2.6,47,7.72
Accokeek,Maryland,MD,False,24,Clouds,-2.54,49,5.14
Aquasco,Maryland,MD,False,24,Clouds,-2.93,57,4.93
Avenue,Maryland,MD,False,24,Clouds,-1.32,52,2.24
Bel Alton,Maryland,MD,False,24,Clouds,-2.37,51,4.83
Broomes Island,Maryland,MD,False,24,Clear,-1.61,46,1.54
Bryans Road,Maryland,MD,False,24,Clouds,-2.64,47,5.14
Bryantown,Maryland,MD,False,24,Clouds,-2.67,53,4.56
Bushwood,Maryland,MD,False,24,Clouds,-1.63,52,1.34
Chaptico,Maryland,MD,False,24,Clouds,-1.69,51,1.34
Charlotte Hall,Maryland,MD,False,24,Clouds,-2.26,49,0.89
Cheltenham,Pennsylvania,PA,False,42,Clouds,-2.0,50,6.69
Cobb Island,Maryland,MD,False,24,Clouds,-1.37,52,1.34
Coltons Point,Maryland,MD,False,24,Clouds,-1.18,52,2.24
Dameron,Maryland,MD,False,24,Clouds,-1.38,45,1.79
Drayden,Maryland,MD,False,24,Clear,-1.4,46,1.54
Faulkner,Maryland,MD,False,24,Clouds,-2.23,51,0.89
Great Mills,Maryland,MD,False,24,Clear,-1.47,46,1.54
Huntingtown,Maryland,MD,False,24,Clouds,-3.05,45,5.98
Indian Head,Pennsylvania,PA,False,42,Clouds,-8.44,81,6.28
Ironsides,Maryland,MD,False,24,Clear,-2.08,42,5.14
Leonardtown,Maryland,MD,False,24,Clear,-1.41,48,1.79
Lexington Park,Maryland,MD,False,24,Clear,-1.65,45,1.54
Loveville,Maryland,MD,False,24,Clear,-1.78,49,1.54
Lusby,Maryland,MD,False,24,Clear,-1.81,46,1.54
Mount Victoria,Maryland,MD,False,24,Clouds,-1.89,51,0.89
Nanjemoy,Maryland,MD,False,24,Clear,-1.56,40,5.14
Park Hall,Maryland,MD,False,24,Clouds,-4.93,57,4.02
Patuxent River,Maryland,MD,False,24,Clear,-2.6,48,4.63
Piney Point,Maryland,MD,False,24,Clear,-1.23,46,1.54
Pomfret,Connecticut,CT,False,9,Clear,-3.07,56,0.89
Port Tobacco,Maryland,MD,False,24,Clouds,-2.46,51,4.44
Prince Frederick,Maryland,MD,False,24,Clouds,-2.27,44,5.81
Ridge,New York,NY,False,36,Clouds,-1.06,51,5.81
Saint Inigoes,Maryland,MD,False,24,Clouds,-1.28,45,1.79
Saint Leonard,Maryland,MD,False,24,Clear,-1.93,46,1.54
Solomons,Maryland,MD,False,24,Clear,-1.51,46,1.54
Sunderland,Massachusetts,MA,False,25,Clouds,-2.57,65,1.79
Tall Timbers,Maryland,MD,False,24,Clear,-2.5,46,3.6
Valley Lee,Maryland,MD,False,24,Clear,-1.43,46,1.54
Lanham,Maryland,MD,False,24,Snow,-2.5,48,9.77
Beltsville,Maryland,MD,False,24,Snow,-2.58,50,7.15
Lothian,Maryland,MD,False,24,Clouds,-2.85,50,2.24
Mount Rainier,Maryland,MD,False,24,Snow,-2.3,49,9.77
North Beach,Maryland,MD,False,24,Clouds,-2.67,48,1.34
Capitol Heights,Maryland,MD,False,24,Snow,-2.4,48,7.15
Chesapeake Beach,Maryland,MD,False,24,Clouds,-2.68,48,1.34
Churchton,Maryland,MD,False,24,Clouds,-2.52,49,1.79
Owings,Maryland,MD,False,24,Clouds,-2.84,51,0.89
College Park,Maryland,MD,False,24,Snow,-2.36,49,7.15
Fort Washington,Pennsylvania,PA,False,42,Clouds,-2.43,52,5.36
Oxon Hill,Maryland,MD,False,24,Clear,-2.43,50,5.66
Suitland,Maryland,MD,False,24,Clear,-2.66,49,5.66
District Heights,Maryland,MD,False,24,Clear,-2.62,49,5.66
Temple Hills,Maryland,MD,False,24,Clouds,-2.51,49,9.77
Deale,Maryland,MD,False,24,Clouds,-2.55,50,1.34
Shady Side,Maryland,MD,False,24,Clear,-2.4,48,3.6
Greenbelt,Maryland,MD,False,24,Snow,-2.61,49,7.15
Glenn Dale,Maryland,MD,False,24,Clear,-2.53,49,4.63
Upper Marlboro,Maryland,MD,False,24,Clear,-2.53,51,5.66
West River,Maryland,MD,False,24,Clear,-2.71,49,4.63
Tracys Landing,Maryland,MD,False,24,Clouds,-2.84,50,2.24
Hyattsville,Maryland,MD,False,24,Snow,-2.25,49,7.15
Jessup,Pennsylvania,PA,False,42,Clouds,-4.11,55,6.17
Glen Echo,Maryland,MD,False,24,Clear,-2.85,51,4.63
Chevy Chase,Maryland,MD,False,24,Clear,-3.04,51,4.63
Cabin John,Maryland,MD,False,24,Clouds,-2.75,52,1.79
Brookeville,Maryland,MD,False,24,Clouds,-3.6,52,3.58
Poolesville,Maryland,MD,False,24,Clouds,-3.45,53,3.6
Dickerson,Maryland,MD,False,24,Clouds,-3.47,54,3.6
Derwood,Maryland,MD,False,24,Clouds,-3.55,52,4.02
Sandy Spring,Maryland,MD,False,24,Clouds,-3.67,52,3.09
Brinklow,Maryland,MD,False,24,Clouds,-3.6,52,3.09
Burtonsville,Maryland,MD,False,24,Clear,-3.49,51,4.63
Gaithersburg,Maryland,MD,False,24,Clouds,-3.69,52,4.02
Washington Grove,Maryland,MD,False,24,Clouds,-3.7,52,4.02
Montgomery Village,Maryland,MD,False,24,Clouds,-3.56,52,4.02
Garrett Park,Maryland,MD,False,24,Clear,-3.1,51,4.63
Silver Spring,Pennsylvania,PA,False,42,Clouds,-3.66,59,5.66
Takoma Park,Maryland,MD,False,24,Snow,-2.84,50,7.15
Aberdeen Proving Ground,Maryland,MD,False,24,Clouds,-2.42,51,6.89
Gunpowder,Maryland,MD,False,24,Clouds,-2.57,49,4.02
Bel Air,Maryland,MD,False,24,Clouds,-3.56,51,0.89
Belcamp,Maryland,MD,False,24,Clouds,-2.58,51,2.68
Cockeysville,Maryland,MD,False,24,Clouds,-3.17,50,0.45
Hunt Valley,Maryland,MD,False,24,Clouds,-3.28,51,0.45
Crownsville,Maryland,MD,False,24,Clear,-2.57,46,5.66
Davidsonville,Maryland,MD,False,24,Clear,-2.71,49,4.63
Ellicott City,Maryland,MD,False,24,Clouds,-2.76,49,7.72
Finksburg,Maryland,MD,False,24,Clouds,-4.17,53,3.13
Fort Howard,Maryland,MD,False,24,Clouds,-2.17,46,5.66
Gambrills,Maryland,MD,False,24,Clouds,-2.43,46,5.66
Gibson Island,Maryland,MD,False,24,Clear,-2.1,45,6.69
Glen Arm,Maryland,MD,False,24,Clouds,-3.21,49,4.92
Glen Burnie,Maryland,MD,False,24,Clouds,-2.29,45,5.66
Elkridge,Maryland,MD,False,24,Clouds,-2.51,48,5.66
Harmans,Maryland,MD,False,24,Clouds,-2.59,47,5.66
Havre De Grace,Maryland,MD,False,24,Clouds,-2.61,49,6.44
Hydes,Maryland,MD,False,24,Clouds,-3.21,50,4.92
Jarrettsville,Maryland,MD,False,24,Clouds,-4.28,54,2.68
Lineboro,Maryland,MD,False,24,Clouds,-4.71,58,7.24
Linthicum Heights,Maryland,MD,False,24,Clouds,-2.56,47,5.66
Long Green,Maryland,MD,False,24,Clouds,-3.53,49,4.92
Marriottsville,Maryland,MD,False,24,Clouds,-3.63,51,4.02
Maryland Line,Maryland,MD,False,24,Clouds,-4.89,61,3.13
Monkton,Vermont,VT,False,50,Clouds,-8.5,83,0.45
Odenton,Maryland,MD,False,24,Clear,-2.59,47,5.66
Owings Mills,Maryland,MD,False,24,Clouds,-3.88,51,3.13
Perry Hall,Maryland,MD,False,24,Clouds,-2.92,48,4.92
Perryman,Maryland,MD,False,24,Clouds,-2.61,51,2.68
Pylesville,Maryland,MD,False,24,Clouds,-3.93,55,6.67
Randallstown,Maryland,MD,False,24,Clouds,-3.82,50,3.13
Reisterstown,Maryland,MD,False,24,Clouds,-4.37,53,3.13
Riderwood,Maryland,MD,False,24,Clouds,-3.21,49,0.89
Riva,Maryland,MD,False,24,Clear,-2.44,48,4.63
Severna Park,Maryland,MD,False,24,Clear,-2.35,46,5.66
Street,Maryland,MD,False,24,Clouds,-4.08,54,0.89
Upperco,Maryland,MD,False,24,Clouds,-4.74,53,6.71
Upper Falls,Maryland,MD,False,24,Clouds,-3.02,50,4.92
Whiteford,Maryland,MD,False,24,Clouds,-4.46,55,6.65
Towson,Maryland,MD,False,24,Clouds,-3.35,49,4.92
Gwynn Oak,Maryland,MD,False,24,Clouds,-3.1,48,5.66
Pikesville,Maryland,MD,False,24,Clouds,-3.53,50,3.13
Sparrows Point,Maryland,MD,False,24,Clouds,-2.22,46,5.66
Dundalk,Maryland,MD,False,24,Clouds,-2.24,46,7.72
Curtis Bay,Maryland,MD,False,24,Clouds,-2.31,46,5.66
Halethorpe,Maryland,MD,False,24,Clouds,-2.58,47,5.66
Catonsville,Maryland,MD,False,24,Clouds,-3.37,48,5.66
Parkville,Maryland,MD,False,24,Clouds,-3.05,48,4.92
Nottingham,New Hampshire,NH,False,33,Clouds,-5.51,59,5.67
Windsor Mill,Maryland,MD,False,24,Clouds,-3.55,50,5.66
Accident,Maryland,MD,False,24,Clouds,-10.08,83,7.22
Bittinger,Maryland,MD,False,24,Mist,-11.05,84,4.63
Corriganville,Maryland,MD,False,24,Clouds,-6.05,58,4.63
Eckhart Mines,Maryland,MD,False,24,Clouds,-8.09,59,4.63
Frostburg,Maryland,MD,False,24,Clouds,-8.25,59,4.63
Kitzmiller,Maryland,MD,False,24,Clouds,-8.55,81,9.4
Lonaconing,Maryland,MD,False,24,Clouds,-7.95,63,4.63
Luke,Maryland,MD,False,24,Clouds,-6.73,74,3.13
Mount Savage,Maryland,MD,False,24,Clouds,-6.89,60,4.63
Pinto,Maryland,MD,False,24,Clouds,-5.86,60,4.63
Spring Gap,Maryland,MD,False,24,Clouds,-5.09,56,4.63
Westernport,Maryland,MD,False,24,Clouds,-6.7,71,3.13
Barclay,Maryland,MD,False,24,Clouds,-2.49,51,7.35
Betterton,Maryland,MD,False,24,Clouds,-1.99,51,2.24
Bozman,Maryland,MD,False,24,Clouds,-1.7,52,6.17
Church Creek,Maryland,MD,False,24,Clouds,-1.9,49,4.92
Claiborne,Maryland,MD,False,24,Clear,-1.69,50,6.69
Crapo,Maryland,MD,False,24,Clouds,-1.69,49,2.68
Crocheron,Maryland,MD,False,24,Clouds,-1.67,49,2.68
Crumpton,Maryland,MD,False,24,Clouds,-2.18,51,7.37
East New Market,Maryland,MD,False,24,Clouds,-1.82,48,4.92
Federalsburg,Maryland,MD,False,24,Clouds,-1.37,50,7.99
Fishing Creek,Maryland,MD,False,24,Clouds,-1.78,49,9.59
Grasonville,Maryland,MD,False,24,Clear,-1.63,51,7.6
Hurlock,Maryland,MD,False,24,Clouds,-1.73,47,4.63
Kennedyville,Maryland,MD,False,24,Clouds,-2.13,52,2.24
Mcdaniel,Maryland,MD,False,24,Clouds,-1.69,51,6.69
Marydel,Delaware,DE,False,10,Clouds,-2.17,48,7.36
Massey,Maryland,MD,False,24,Clouds,-2.48,55,6.89
Neavitt,Maryland,MD,False,24,Clouds,-1.72,53,1.34
Queen Anne,Maryland,MD,False,24,Clouds,-1.82,48,6.17
Queenstown,Maryland,MD,False,24,Clear,-1.78,51,7.6
Rhodesdale,Maryland,MD,False,24,Clouds,-1.83,47,4.63
Rock Hall,Maryland,MD,False,24,Clear,-2.11,48,6.69
Secretary,Maryland,MD,False,24,Clouds,-1.8,49,4.92
Still Pond,Maryland,MD,False,24,Clouds,-2.03,51,2.24
Sudlersville,Maryland,MD,False,24,Clouds,-2.42,50,7.27
Taylors Island,Maryland,MD,False,24,Clouds,-2.04,52,8.27
Templeville,Maryland,MD,False,24,Clouds,-2.22,48,7.41
Tilghman,Maryland,MD,False,24,Clouds,-1.91,51,10.16
Trappe,Maryland,MD,False,24,Clouds,-1.84,50,6.17
Wittman,Maryland,MD,False,24,Clouds,-1.71,52,6.17
Woolford,Maryland,MD,False,24,Clouds,-1.92,49,4.92
Worton,Maryland,MD,False,24,Clouds,-1.99,50,8.79
Wye Mills,Maryland,MD,False,24,Clouds,-1.78,51,6.17
Chestertown,New York,NY,False,36,Clouds,-5.98,70,5.7
Adamstown,Pennsylvania,PA,False,42,Clouds,-3.8,60,4.02
Big Pool,Maryland,MD,False,24,Clouds,-4.26,51,4.47
Boonsboro,Maryland,MD,False,24,Clouds,-4.23,55,3.13
Braddock Heights,Maryland,MD,False,24,Clouds,-4.91,55,5.81
Buckeystown,Maryland,MD,False,24,Clouds,-3.54,52,5.81
Burkittsville,Maryland,MD,False,24,Clouds,-4.31,57,6.53
Cavetown,Maryland,MD,False,24,Clouds,-4.41,57,9.83
Chewsville,Maryland,MD,False,24,Clouds,-4.24,57,9.26
Clear Spring,Maryland,MD,False,24,Clouds,-4.35,51,9.26
Emmitsburg,Maryland,MD,False,24,Clouds,-3.67,57,1.79
Funkstown,Maryland,MD,False,24,Clouds,-3.9,55,9.26
Glenelg,Maryland,MD,False,24,Clouds,-4.11,51,3.58
Ijamsville,Maryland,MD,False,24,Clouds,-3.83,55,6.65
Keedysville,Maryland,MD,False,24,Clouds,-4.02,57,3.13
Keymar,Maryland,MD,False,24,Clouds,-3.74,54,6.83
Ladiesburg,Maryland,MD,False,24,Clouds,-3.89,54,1.34
Libertytown,Maryland,MD,False,24,Clouds,-4.0,55,6.73
Little Orleans,Maryland,MD,False,24,Clouds,-4.36,51,5.64
Maugansville,Maryland,MD,False,24,Clouds,-4.17,55,9.26
Myersville,Maryland,MD,False,24,Clouds,-4.38,56,9.83
New Midway,Maryland,MD,False,24,Clouds,-3.81,54,2.68
Rohrersville,Maryland,MD,False,24,Clouds,-4.51,57,3.13
Sabillasville,Maryland,MD,False,24,Clouds,-5.07,59,4.02
Smithsburg,Maryland,MD,False,24,Clouds,-4.57,57,9.26
Sykesville,Pennsylvania,PA,False,42,Clouds,-7.09,70,6.69
Taneytown,Maryland,MD,False,24,Clouds,-4.01,56,6.89
Thurmont,Maryland,MD,False,24,Clouds,-3.93,57,2.68
Union Bridge,Maryland,MD,False,24,Clouds,-3.85,55,6.84
West Friendship,Maryland,MD,False,24,Clouds,-3.97,52,3.58
Bivalve,Maryland,MD,False,24,Clouds,-1.89,49,6.77
Crisfield,Maryland,MD,False,24,Clouds,1.0,48,12.41
Deal Island,Maryland,MD,False,24,Clouds,-1.67,47,9.68
Ewell,Maryland,MD,False,24,Clear,0.62,47,8.75
Girdletree,Maryland,MD,False,24,Clear,-2.01,46,5.14
Linkwood,Maryland,MD,False,24,Clouds,-1.82,48,4.92
Manokin,Maryland,MD,False,24,Clouds,-2.23,50,8.23
Mardela Springs,Maryland,MD,False,24,Clouds,-2.16,49,7.54
Nanticoke,Pennsylvania,PA,False,42,Clouds,-3.53,53,3.13
Ocean City,New Jersey,NJ,False,34,Clouds,-1.71,49,5.81
Parsonsburg,Maryland,MD,False,24,Clouds,-2.13,47,8.23
Pocomoke City,Maryland,MD,False,24,Clear,-1.95,46,5.14
Powellville,Maryland,MD,False,24,Clouds,-2.02,48,8.23
Princess Anne,Maryland,MD,False,24,Clouds,-2.18,51,6.05
Rehobeth,Maryland,MD,False,24,Clouds,-1.94,43,8.52
Sharptown,Maryland,MD,False,24,Clouds,-1.93,51,8.35
Showell,Maryland,MD,False,24,Clear,-1.64,47,4.12
Tyaskin,Maryland,MD,False,24,Clouds,-1.98,48,6.38
Tylerton,Maryland,MD,False,24,Clear,0.7,47,8.75
Upper Fairmount,Maryland,MD,False,24,Clouds,-2.17,46,9.36
Whaleyville,Maryland,MD,False,24,Clear,-1.85,47,8.23
Willards,Maryland,MD,False,24,Clouds,-1.97,48,8.23
North East,Pennsylvania,PA,False,42,Clouds,-4.96,73,11.5
Perry Point,Maryland,MD,False,24,Clouds,-2.96,50,6.43
Port Deposit,Maryland,MD,False,24,Clouds,-3.62,54,6.39
Cecilton,Maryland,MD,False,24,Clouds,-2.51,50,0.89
Chesapeake City,Maryland,MD,False,24,Clouds,-2.42,48,3.13
Childs,Maryland,MD,False,24,Clouds,-3.01,54,4.47
Colora,Maryland,MD,False,24,Clouds,-3.84,57,6.57
Conowingo,Maryland,MD,False,24,Clouds,-3.89,51,6.56
Earleville,Maryland,MD,False,24,Clouds,-2.42,49,0.89
Elk Mills,Maryland,MD,False,24,Clouds,-2.84,51,7.72
Dumfries,Virginia,VA,False,51,Clear,-1.92,45,3.6
Dunn Loring,Virginia,VA,False,51,Clouds,-3.23,51,3.58
Fairfax Station,Virginia,VA,False,51,Clear,-3.18,50,8.75
Falls Church,Virginia,VA,False,51,Clear,-3.03,51,3.58
Fort Belvoir,Virginia,VA,False,51,Clear,-2.4,49,5.66
West Mclean,Virginia,VA,False,51,Clouds,-3.07,51,3.58
Oakton,Virginia,VA,False,51,Clouds,-3.3,50,8.75
Occoquan,Virginia,VA,False,51,Clear,-2.36,49,2.06
Quantico,Maryland,MD,False,24,Clouds,-2.18,49,0.89
Triangle,Virginia,VA,False,51,Clear,-2.03,43,3.6
Brooke,Virginia,VA,False,51,Clear,-1.67,42,3.6
Burgess,Virginia,VA,False,51,Clouds,-0.8,61,1.79
Burr Hill,Virginia,VA,False,51,Clouds,-2.11,48,2.37
Caret,Virginia,VA,False,51,Clear,-0.99,37,0.0
Center Cross,Virginia,VA,False,51,Clear,-1.22,39,0.0
Champlain,New York,NY,False,36,Clouds,-10.07,83,5.43
Coles Point,Virginia,VA,False,51,Clear,-1.03,53,2.57
Colonial Beach,Virginia,VA,False,51,Clouds,-1.42,52,0.45
Dogue,Virginia,VA,False,51,Clear,-1.7,48,3.64
Dunnsville,Virginia,VA,False,51,Clear,-0.97,37,0.0
Farnham,New York,NY,False,36,Clouds,-4.12,54,7.72
Garrisonville,Virginia,VA,False,51,Clear,-2.11,44,3.6
Hartwood,Virginia,VA,False,51,Clear,-2.27,44,2.57
Heathsville,Virginia,VA,False,51,Clear,-0.77,58,0.45
Hustle,Virginia,VA,False,51,Clear,-1.67,41,3.41
Kilmarnock,Virginia,VA,False,51,Clear,-0.65,44,4.08
King George,Virginia,VA,False,51,Clear,-1.98,51,4.05
Kinsale,Virginia,VA,False,51,Clear,-0.95,47,2.57
Laneview,Virginia,VA,False,51,Clear,-1.48,40,0.0
Lively,Virginia,VA,False,51,Clear,-4.3,53,4.13
Lottsburg,Virginia,VA,False,51,Clear,-0.85,54,6.75
Merry Point,Virginia,VA,False,51,Clouds,-0.33,37,4.07
Mollusk,Virginia,VA,False,51,Clear,-1.12,43,2.86
Montross,Virginia,VA,False,51,Clear,-1.61,52,0.89
Morattico,Virginia,VA,False,51,Clear,-1.23,44,2.81
Ninde,Virginia,VA,False,51,Clouds,-1.79,51,2.68
Nuttsville,Virginia,VA,False,51,Clear,-1.17,46,3.85
Oldhams,Virginia,VA,False,51,Clear,-1.61,51,5.05
Ophelia,Virginia,VA,False,51,Clouds,-0.72,64,1.34
Partlow,Virginia,VA,False,51,Clear,-1.92,42,0.45
Reedville,Virginia,VA,False,51,Clouds,-0.76,66,1.79
Rhoadesville,Virginia,VA,False,51,Clear,-2.04,44,0.0
Rollins Fork,Virginia,VA,False,51,Clouds,-1.77,51,5.09
Ruther Glen,Virginia,VA,False,51,Clear,-1.19,41,2.0
Sealston,Virginia,VA,False,51,Clear,-1.63,42,2.57
Sharps,Virginia,VA,False,51,Clear,-1.25,40,0.0
Spotsylvania,Virginia,VA,False,51,Clear,-2.01,45,2.06
Tappahannock,Virginia,VA,False,51,Clear,-0.75,37,0.0
Village,Virginia,VA,False,51,Clouds,-0.02,33,0.45
Weems,Virginia,VA,False,51,Clear,-0.54,41,3.02
Sandy Point,Maine,ME,False,23,Clouds,-8.97,59,3.41
Wicomico Church,Virginia,VA,False,51,Clear,-0.76,58,1.79
Zacata,Virginia,VA,False,51,Clouds,-1.52,53,0.89
Brucetown,Virginia,VA,False,51,Clouds,-4.72,54,5.14
Chester Gap,Virginia,VA,False,51,Clouds,-5.48,49,4.76
Clear Brook,Virginia,VA,False,51,Clouds,-4.84,55,5.14
Cross Junction,Virginia,VA,False,51,Clouds,-5.85,59,4.02
Flint Hill,Virginia,VA,False,51,Clouds,-0.33,33,0.45
Front Royal,Virginia,VA,False,51,Clouds,-4.1,50,1.79
Huntly,Virginia,VA,False,51,Clouds,-4.28,49,4.66
Maurertown,Virginia,VA,False,51,Clear,-4.58,54,0.89
Rileyville,Virginia,VA,False,51,Clear,-3.43,46,3.13
Star Tannery,Virginia,VA,False,51,Clouds,-5.22,58,5.2
Stephens City,Virginia,VA,False,51,Clouds,-4.72,54,3.6
Toms Brook,Virginia,VA,False,51,Clear,-4.63,53,0.89
White Post,Virginia,VA,False,51,Clouds,-4.56,53,3.6
Culpeper,Virginia,VA,False,51,Clear,-2.74,43,0.0
Aroda,Virginia,VA,False,51,Clear,-1.85,36,0.0
Banco,Virginia,VA,False,51,Clear,-2.64,61,2.06
Bealeton,Virginia,VA,False,51,Clear,-2.45,44,2.68
Brandy Station,Virginia,VA,False,51,Clear,-2.53,43,2.57
Elkwood,Virginia,VA,False,51,Clear,-2.45,43,2.57
Etlan,Virginia,VA,False,51,Clear,-3.08,41,0.89
Goldvein,Virginia,VA,False,51,Clear,-2.43,44,2.57
Jeffersonton,Virginia,VA,False,51,Clear,-2.9,44,2.68
Lignum,Virginia,VA,False,51,Clear,-2.64,45,0.0
Mitchells,Virginia,VA,False,51,Clouds,-2.61,44,2.22
Oakpark,Virginia,VA,False,51,Clear,-2.08,39,0.0
Pratts,Virginia,VA,False,51,Clear,-2.02,40,2.25
Radiant,Virginia,VA,False,51,Clear,-1.64,35,1.54
Rapidan,Virginia,VA,False,51,Clear,-1.4,39,0.0
Richardsville,Virginia,VA,False,51,Clear,-2.42,46,0.0
Rixeyville,Virginia,VA,False,51,Clear,-2.7,43,0.0
Sperryville,Virginia,VA,False,51,Clear,-3.31,41,3.13
Stevensburg,Virginia,VA,False,51,Clouds,-7.57,71,4.93
Sumerduck,Virginia,VA,False,51,Clear,-2.46,44,2.57
Syria,Virginia,VA,False,51,Clear,-3.08,42,0.89
Viewtown,Virginia,VA,False,51,Clouds,-2.89,44,3.1
Wolftown,Virginia,VA,False,51,Clear,-2.41,40,2.52
Basye,Virginia,VA,False,51,Clear,-6.47,64,4.56
Bergton,Virginia,VA,False,51,Clear,-6.31,61,0.45
Criders,Virginia,VA,False,51,Clear,-6.67,60,0.45
Fulks Run,Virginia,VA,False,51,Clear,-5.34,54,3.76
Keezletown,Virginia,VA,False,51,Clear,-4.88,46,3.09
Lacey Spring,Virginia,VA,False,51,Clear,-4.59,47,3.58
Mount Crawford,Virginia,VA,False,51,Clear,-4.36,43,3.09
Mount Jackson,Virginia,VA,False,51,Clear,-3.21,39,3.09
Mount Solon,Virginia,VA,False,51,Clear,-4.08,42,3.09
Orkney Springs,Virginia,VA,False,51,Clear,-6.47,62,4.36
Penn Laird,Virginia,VA,False,51,Clear,-4.81,46,3.09
Quicksburg,Virginia,VA,False,51,Clear,-3.57,43,3.09
Singers Glen,Virginia,VA,False,51,Clear,-5.75,49,1.34
Timberville,Virginia,VA,False,51,Clear,-4.23,46,3.58
Covesville,Virginia,VA,False,51,Clear,-1.79,39,3.13
Crozet,Virginia,VA,False,51,Clear,-1.83,40,0.45
Dyke,Virginia,VA,False,51,Clear,-2.0,39,3.6
Earlysville,Virginia,VA,False,51,Clear,-1.62,38,3.6
Esmont,Virginia,VA,False,51,Clear,-1.16,39,0.45
Faber,Virginia,VA,False,51,Clear,-1.26,40,3.27
Fishersville,Virginia,VA,False,51,Clear,-3.22,42,2.57
Free Union,Virginia,VA,False,51,Clear,-1.4,39,3.6
Ivy,Virginia,VA,False,51,Clouds,-7.99,69,3.6
Locust Dale,Virginia,VA,False,51,Clear,-2.67,42,2.42
Lovingston,Virginia,VA,False,51,Clear,-1.6,38,2.66
Lyndhurst,New Jersey,NJ,False,34,Clouds,-1.01,40,7.2
Nellysford,Virginia,VA,False,51,Clear,-1.34,40,2.24
North Garden,Virginia,VA,False,51,Clear,-1.61,39,2.92
Piney River,Virginia,VA,False,51,Clear,-1.33,38,1.79
Quinque,Virginia,VA,False,51,Clear,-1.91,39,3.6
Ruckersville,Virginia,VA,False,51,Clear,-1.65,38,3.6
Stanardsville,Virginia,VA,False,51,Clear,-2.35,43,3.6
Achilles,Virginia,VA,False,51,Clear,0.4,36,4.63
Amelia Court House,Virginia,VA,False,51,Clear,-0.2,38,4.05
Ark,Virginia,VA,False,51,Clear,-0.56,40,0.0
Arvonia,Virginia,VA,False,51,Clear,-0.37,38,0.45
Aylett,Virginia,VA,False,51,Clear,-0.82,42,2.19
Barhamsville,Virginia,VA,False,51,Clear,-0.52,38,0.0
Bohannon,Virginia,VA,False,51,Clear,0.1,37,4.26
Bremo Bluff,Virginia,VA,False,51,Clear,0.0,38,3.03
Bruington,Virginia,VA,False,51,Clear,-1.02,37,0.0
Bumpass,Virginia,VA,False,51,Clear,-2.1,40,0.45
Cardinal,Virginia,VA,False,51,Clear,-0.06,40,0.89
Christchurch,Virginia,VA,False,51,Clear,-0.92,41,2.29
Church View,Virginia,VA,False,51,Clear,-1.32,42,0.0
Cobbs Creek,Virginia,VA,False,51,Clear,-0.34,40,0.89
Crozier,Virginia,VA,False,51,Clear,-1.82,44,4.01
Deltaville,Virginia,VA,False,51,Clear,-0.28,40,4.55
Diggs,Virginia,VA,False,51,Clear,-0.05,38,6.1
Doswell,Virginia,VA,False,51,Clear,-1.54,40,3.09
Fork Union,Virginia,VA,False,51,Clear,-0.53,38,2.96
Gloucester Point,Virginia,VA,False,51,Clear,0.53,37,4.63
Goochland,Virginia,VA,False,51,Clear,-1.45,43,3.86
Grimstead,Virginia,VA,False,51,Clear,-0.19,39,5.42
Gum Spring,Virginia,VA,False,51,Clouds,-8.82,73,3.13
Gwynn,Virginia,VA,False,51,Clear,0.08,35,6.03
Hadensville,Virginia,VA,False,51,Clear,-1.23,43,3.2
Hallieford,Virginia,VA,False,51,Clear,-0.23,40,4.88
Hartfield,Virginia,VA,False,51,Clear,-0.59,41,3.1
Hudgins,Virginia,VA,False,51,Clear,-0.16,39,4.88
Jetersville,Virginia,VA,False,51,Clear,-0.15,19,4.04
Kents Store,Virginia,VA,False,51,Clear,-1.54,39,2.93
King And Queen Court House,Virginia,VA,False,51,Clear,-0.66,41,0.0
King William,Virginia,VA,False,51,Clouds,-0.94,42,2.17
Lanexa,Virginia,VA,False,51,Clear,-0.76,37,0.45
Lightfoot,Virginia,VA,False,51,Clear,-0.54,40,3.09
Little Plymouth,Virginia,VA,False,51,Clear,-0.85,41,0.0
Locust Hill,Virginia,VA,False,51,Clouds,-2.76,49,0.45
Maidens,Virginia,VA,False,51,Clear,-1.48,43,3.86
Mannboro,Virginia,VA,False,51,Clear,-1.66,48,4.24
Manquin,Virginia,VA,False,51,Clear,-1.05,43,2.2
Maryus,Virginia,VA,False,51,Clear,0.44,36,4.63
Mattaponi,Virginia,VA,False,51,Clear,-0.6,37,0.0
Millers Tavern,Virginia,VA,False,51,Clear,-1.08,37,0.0
Moon,Virginia,VA,False,51,Clear,-0.06,38,5.53
Moseley,Virginia,VA,False,51,Clear,-1.37,45,0.45
New Kent,Virginia,VA,False,51,Clear,-1.06,35,2.06
Norge,Virginia,VA,False,51,Clear,-0.51,39,3.09
Oilville,Virginia,VA,False,51,Clear,-3.22,58,2.06
Onemo,Virginia,VA,False,51,Clear,0.01,38,6.03
Ordinary,Virginia,VA,False,51,Clear,0.32,38,3.09
Port Haywood,Virginia,VA,False,51,Clear,0.04,37,5.42
Providence Forge,Virginia,VA,False,51,Clear,-1.11,34,2.06
Ruthville,Virginia,VA,False,51,Clear,-1.2,35,2.06
Saint Stephens Church,Virginia,VA,False,51,Clear,-1.16,37,0.0
Sandston,Virginia,VA,False,51,Clouds,-1.07,39,2.57
Schley,Virginia,VA,False,51,Clear,0.09,39,0.89
Shacklefords,Virginia,VA,False,51,Clear,-0.73,40,0.0
Studley,Virginia,VA,False,51,Clear,-1.38,40,3.09
Susan,Virginia,VA,False,51,Clear,0.13,36,5.42
Toano,Virginia,VA,False,51,Clear,-0.67,39,3.09
Topping,Virginia,VA,False,51,Clear,-0.62,41,2.72
Trevilians,Virginia,VA,False,51,Clear,-1.67,38,3.6
Urbanna,Virginia,VA,False,51,Clear,-0.96,42,2.21
Wake,Virginia,VA,False,51,Clear,-0.52,40,3.1
Ware Neck,Virginia,VA,False,51,Clear,-0.27,39,0.89
Water View,Virginia,VA,False,51,Clear,-1.25,40,2.53
White Marsh,Maryland,MD,False,24,Clouds,-2.62,48,3.58
Wicomico,Virginia,VA,False,51,Clear,0.47,38,4.63
Accomac,Virginia,VA,False,51,Clear,-0.99,47,5.14
Assawoman,Virginia,VA,False,51,Clear,-1.94,46,5.14
Battery Park,Virginia,VA,False,51,Clear,1.03,37,5.14
Belle Haven,Virginia,VA,False,51,Clear,-0.57,62,5.14
Birdsnest,Virginia,VA,False,51,Clear,-0.13,54,7.94
Bloxom,Virginia,VA,False,51,Clear,-1.97,46,5.14
Cape Charles,Virginia,VA,False,51,Clear,0.59,45,0.89
Capeville,Virginia,VA,False,51,Clear,0.55,45,0.89
Carrsville,Virginia,VA,False,51,Clear,-0.08,32,3.09
Cheriton,Virginia,VA,False,51,Clear,0.56,45,0.89
Chincoteague Island,Virginia,VA,False,51,Clear,-1.94,46,5.14
Wallops Island,Virginia,VA,False,51,Clear,-1.94,46,5.14
Craddockville,Virginia,VA,False,51,Clear,-0.67,56,5.14
Davis Wharf,Virginia,VA,False,51,Clear,-0.63,56,5.14
Eastville,Virginia,VA,False,51,Clear,0.54,45,0.89
Exmore,Virginia,VA,False,51,Clear,-0.68,56,5.14
Greenbackville,Virginia,VA,False,51,Clear,-1.94,46,5.14
Hacksneck,Virginia,VA,False,51,Clear,-0.7,55,5.14
Hallwood,Virginia,VA,False,51,Clear,-1.97,46,5.14
Harborton,Virginia,VA,False,51,Clear,-0.76,54,5.14
Horntown,Virginia,VA,False,51,Clear,-2.0,46,5.14
Isle Of Wight,Virginia,VA,False,51,Clear,0.37,41,3.3
Locustville,Virginia,VA,False,51,Clear,-0.94,47,5.14
Machipongo,Virginia,VA,False,51,Clear,0.22,52,7.8
Mappsville,Virginia,VA,False,51,Clear,-2.02,46,5.14
Melfa,Virginia,VA,False,51,Clear,-0.9,53,5.14
Modest Town,Virginia,VA,False,51,Clear,-1.99,46,5.14
Nassawadox,Virginia,VA,False,51,Clouds,-0.58,62,8.45
Nelsonia,Virginia,VA,False,51,Clear,-2.02,46,5.14
New Church,Virginia,VA,False,51,Clear,-1.98,46,5.14
Onancock,Virginia,VA,False,51,Clear,-0.88,52,5.14
Onley,Virginia,VA,False,51,Clear,-0.92,52,5.14
Oyster,Virginia,VA,False,51,Clear,0.6,45,0.89
Painter,Virginia,VA,False,51,Clear,-0.57,62,5.14
Parksley,Virginia,VA,False,51,Clear,-1.15,47,5.14
Pungoteague,Virginia,VA,False,51,Clear,-0.78,54,5.14
Quinby,Virginia,VA,False,51,Clear,-0.51,62,5.14
Saxis,Virginia,VA,False,51,Clouds,-1.94,45,11.0
Suffolk,Virginia,VA,False,51,Clear,0.97,37,2.06
Tangier,Virginia,VA,False,51,Clouds,-1.1,47,12.44
Tasley,Virginia,VA,False,51,Clear,-0.93,52,5.14
Temperanceville,Virginia,VA,False,51,Clear,-2.0,46,5.14
Virginia Beach,Virginia,VA,False,51,Clouds,1.34,39,4.63
Wachapreague,Virginia,VA,False,51,Clear,-0.92,47,5.14
Wardtown,Virginia,VA,False,51,Clear,-0.63,57,5.14
Willis Wharf,Virginia,VA,False,51,Clear,-0.62,56,5.14
Withams,Virginia,VA,False,51,Clear,-1.95,46,5.14
Newport News,Virginia,VA,False,51,Clear,1.41,38,5.66
Poquoson,Virginia,VA,False,51,Clear,1.12,35,5.66
Seaford,New York,NY,False,36,Clouds,-1.0,42,8.23
Fort Lee,New Jersey,NJ,False,34,Clouds,-1.4,41,8.23
Ammon,Virginia,VA,False,51,Clear,-1.73,49,4.21
Boykins,Virginia,VA,False,51,Clear,0.19,35,4.43
Colonial Heights,Virginia,VA,False,51,Clear,-0.78,40,3.09
Dendron,Virginia,VA,False,51,Clear,-0.78,39,0.0
Dinwiddie,Virginia,VA,False,51,Clear,-1.25,38,2.57
Disputanta,Virginia,VA,False,51,Clear,1.02,34,4.35
Dolphin,Virginia,VA,False,51,Clear,0.69,30,1.54
Drewryville,Virginia,VA,False,51,Clear,0.05,32,0.0
Ebony,Virginia,VA,False,51,Clear,1.57,37,0.89
Gasburg,Virginia,VA,False,51,Clear,1.24,37,0.0
Ivor,Virginia,VA,False,51,Clear,-0.81,39,0.0
Jarratt,Virginia,VA,False,51,Clear,-0.38,37,0.45
Meredithville,Virginia,VA,False,51,Clear,0.54,28,1.54
Newsoms,Virginia,VA,False,51,Clear,-0.11,35,4.0
Prince George,Virginia,VA,False,51,Clear,-0.78,33,2.57
Rawlings,Maryland,MD,False,24,Clouds,-5.65,63,5.14
Sedley,Virginia,VA,False,51,Clear,-0.08,32,4.12
Skippers,Virginia,VA,False,51,Clear,-0.12,32,0.0
Stony Creek,New York,NY,False,36,Clouds,-5.0,63,5.98
Surry,Maine,ME,False,23,Clear,-8.83,60,3.6
Valentines,Virginia,VA,False,51,Clear,0.97,37,4.11
Wilsons,Virginia,VA,False,51,Clear,-1.26,38,3.6
Baskerville,Virginia,VA,False,51,Clear,-0.57,39,1.54
Boydton,Virginia,VA,False,51,Clear,-0.27,37,1.54
Bracey,Virginia,VA,False,51,Clear,1.21,38,1.54
Brodnax,Virginia,VA,False,51,Clear,0.27,35,1.54
Charlotte Court House,Virginia,VA,False,51,Clear,-1.77,46,4.09
Chase City,Virginia,VA,False,51,Clear,-0.47,36,1.54
Crewe,Virginia,VA,False,51,Clear,-0.25,25,3.6
Dillwyn,Virginia,VA,False,51,Clear,-0.58,43,3.34
Drakes Branch,Virginia,VA,False,51,Clear,-1.34,45,4.18
Hampden Sydney,Virginia,VA,False,51,Clear,0.1,40,3.53
Kenbridge,Virginia,VA,False,51,Clear,0.43,30,4.63
Lunenburg,Massachusetts,MA,False,25,Clouds,-3.87,59,6.69
Meherrin,Virginia,VA,False,51,Clear,-0.09,37,1.79
Nottoway,Virginia,VA,False,51,Clear,-0.33,23,3.6
Pamplin,Virginia,VA,False,51,Clear,-1.98,42,3.41
Phenix,Virginia,VA,False,51,Clear,-1.5,45,3.81
Saxe,Virginia,VA,False,51,Clear,-1.11,45,3.82
Skipwith,Virginia,VA,False,51,Clear,-0.92,36,1.54
South Hill,Virginia,VA,False,51,Clear,0.03,32,1.54
Wylliesburg,Virginia,VA,False,51,Clear,-1.16,34,1.54
Axton,Virginia,VA,False,51,Clouds,0.0,38,3.24
Belspring,Virginia,VA,False,51,Clear,-2.51,46,6.17
Bent Mountain,Virginia,VA,False,51,Clouds,-4.25,40,3.58
Boones Mill,Virginia,VA,False,51,Clouds,-1.17,39,4.49
Check,Virginia,VA,False,51,Clouds,-4.27,45,5.29
Claudville,Virginia,VA,False,51,Clear,-0.4,36,2.57
Copper Hill,Virginia,VA,False,51,Clear,-1.27,44,3.09
Critz,Virginia,VA,False,51,Clear,-0.25,29,2.06
Eggleston,Virginia,VA,False,51,Clear,-2.54,48,6.17
Ferrum,Virginia,VA,False,51,Clouds,-1.87,41,4.08
Fieldale,Virginia,VA,False,51,Clear,0.34,23,2.06
Fincastle,Virginia,VA,False,51,Clouds,-1.63,41,0.89
Glen Lyn,Virginia,VA,False,51,Clouds,-2.67,45,1.34
Goodview,Virginia,VA,False,51,Clouds,-0.72,37,1.79
Huddleston,Virginia,VA,False,51,Clouds,-0.97,42,4.41
Meadows Of Dan,Virginia,VA,False,51,Clouds,-5.81,51,4.83
Moneta,Virginia,VA,False,51,Clouds,-0.59,37,4.42
Montvale,New Jersey,NJ,False,34,Clear,-1.7,47,2.68
Narrows,Virginia,VA,False,51,Clouds,-2.4,44,1.34
Oriskany,New York,NY,False,36,Mist,-4.68,85,8.23
Paint Bank,Virginia,VA,False,51,Clear,-4.43,50,6.26
Patrick Springs,Virginia,VA,False,51,Clear,-0.59,29,2.06
Pearisburg,Virginia,VA,False,51,Clouds,-2.8,47,1.34
Penhook,Virginia,VA,False,51,Clouds,-0.81,35,4.11
Pilot,Virginia,VA,False,51,Clear,-3.7,47,2.57
Radford,Virginia,VA,False,51,Clear,-2.82,44,6.17
Rich Creek,Virginia,VA,False,51,Clouds,-2.96,44,1.34
Riner,Virginia,VA,False,51,Clear,-3.32,46,2.68
Ripplemead,Virginia,VA,False,51,Clouds,-2.76,48,5.08
Sandy Level,Virginia,VA,False,51,Clear,0.81,32,2.06
Shawsville,Virginia,VA,False,51,Clear,-1.84,43,2.57
Stanleytown,Virginia,VA,False,51,Clear,0.19,23,2.06
Troutville,Pennsylvania,PA,False,42,Clouds,-9.09,88,5.14
Union Hall,Virginia,VA,False,51,Clouds,-0.39,37,4.07
Villamont,Virginia,VA,False,51,Clear,-1.49,37,3.09
Wirtz,Virginia,VA,False,51,Clouds,-1.09,38,0.89
Woolwine,Virginia,VA,False,51,Clouds,-1.5,44,4.28
Appalachia,Virginia,VA,False,51,Clouds,-2.6,48,1.72
Ben Hur,Virginia,VA,False,51,Clouds,-1.97,54,1.73
Big Stone Gap,Virginia,VA,False,51,Clouds,-1.99,48,1.75
Birchleaf,Virginia,VA,False,51,Clouds,-2.38,48,2.11
Clinchco,Virginia,VA,False,51,Clouds,-2.63,48,2.1
Clintwood,Virginia,VA,False,51,Clear,-3.14,47,2.06
Coeburn,Virginia,VA,False,51,Clear,-2.89,44,2.06
Duffield,Virginia,VA,False,51,Clear,-1.49,47,1.86
Dungannon,Virginia,VA,False,51,Clear,-1.41,45,2.06
East Stone Gap,Virginia,VA,False,51,Clouds,-2.33,48,1.78
Fort Blackmore,Virginia,VA,False,51,Clouds,-1.38,48,2.4
Gate City,Virginia,VA,False,51,Clear,-0.84,52,2.45
Haysi,Virginia,VA,False,51,Clouds,-1.91,48,2.09
Hiltons,Virginia,VA,False,51,Clear,-0.63,53,2.68
Honaker,Virginia,VA,False,51,Clouds,-5.78,51,2.33
Keokee,Virginia,VA,False,51,Clouds,-3.19,51,1.73
Nickelsville,Virginia,VA,False,51,Clear,-2.9,45,2.49
Pennington Gap,Virginia,VA,False,51,Clouds,-1.65,54,1.77
Weber City,Virginia,VA,False,51,Clear,-0.8,39,3.0
Whitetop,Virginia,VA,False,51,Clear,-5.52,57,5.55
Barren Springs,Virginia,VA,False,51,Clouds,-3.88,50,5.44
Bastian,Virginia,VA,False,51,Clear,-5.08,52,5.14
Broadford,Virginia,VA,False,51,Clouds,-2.67,49,2.5
Cana,Virginia,VA,False,51,Clear,-1.15,43,2.57
Chilhowie,Virginia,VA,False,51,Clear,-2.92,55,1.34
Dugspur,Virginia,VA,False,51,Clouds,-4.97,54,5.88
Fancy Gap,Virginia,VA,False,51,Clear,-5.25,49,0.89
Fries,Virginia,VA,False,51,Clouds,-3.47,45,1.34
Galax,Virginia,VA,False,51,Clear,-3.56,47,3.58
Glade Spring,Virginia,VA,False,51,Clear,-3.37,58,1.34
Hillsville,Pennsylvania,PA,False,42,Clouds,-7.7,76,5.14
Hiwassee,Virginia,VA,False,51,Clear,-4.69,48,6.17
Lambsburg,Virginia,VA,False,51,Clear,-1.26,43,1.79
Laurel Fork,Virginia,VA,False,51,Clouds,-7.44,68,0.89
Max Meadows,Virginia,VA,False,51,Clouds,-2.68,44,5.61
Meadowview,Virginia,VA,False,51,Clear,-0.76,36,3.58
Mouth Of Wilson,Virginia,VA,False,51,Clear,-3.82,50,7.2
Rocky Gap,Virginia,VA,False,51,Clear,-4.18,49,5.14
Rural Retreat,Virginia,VA,False,51,Clear,-4.01,42,7.72
Saltville,Virginia,VA,False,51,Clouds,-3.01,58,1.98
Tannersville,New York,NY,False,36,Clouds,-6.42,68,3.58
Wytheville,Virginia,VA,False,51,Clouds,-3.07,44,1.79
Augusta Springs,Virginia,VA,False,51,Clear,-4.58,49,1.79
Bacova,Virginia,VA,False,51,Clear,-6.35,56,5.77
Churchville,New York,NY,False,36,Snow,-4.67,71,9.26
Clifton Forge,Virginia,VA,False,51,Clear,-2.4,43,4.93
Crimora,Virginia,VA,False,51,Clear,-3.51,42,2.57
Doe Hill,Virginia,VA,False,51,Clear,-8.5,69,6.78
Glen Wilton,Virginia,VA,False,51,Clear,-2.16,43,4.72
Grottoes,Virginia,VA,False,51,Clear,-4.34,45,2.06
Iron Gate,Virginia,VA,False,51,Clear,-2.23,43,4.78
Middlebrook,Virginia,VA,False,51,Clear,-4.86,48,1.79
Millboro,Virginia,VA,False,51,Clear,-3.57,43,5.08
Mint Spring,Virginia,VA,False,51,Clear,-3.88,46,2.57
Mount Sidney,Virginia,VA,False,51,Clear,-4.0,43,2.57
Mustoe,Virginia,VA,False,51,Clear,-1.75,44,2.57
Port Republic,New Jersey,NJ,False,34,Clouds,-2.07,50,9.77
Raphine,Virginia,VA,False,51,Clear,-5.33,50,3.13
Steeles Tavern,Virginia,VA,False,51,Clear,-5.01,50,3.13
Stuarts Draft,Virginia,VA,False,51,Clear,-3.65,46,2.57
Swoope,Virginia,VA,False,51,Clear,-4.22,47,0.45
Vesuvius,Virginia,VA,False,51,Clear,-4.64,50,3.13
West Augusta,Virginia,VA,False,51,Clear,-4.98,50,5.41
Weyers Cave,Virginia,VA,False,51,Clear,-4.25,43,2.06
Altavista,Virginia,VA,False,51,Clouds,-0.86,39,3.64
Appomattox,Virginia,VA,False,51,Clear,-1.09,44,3.35
Big Island,Virginia,VA,False,51,Clear,-0.29,38,0.45
Blairs,Virginia,VA,False,51,Clear,0.22,35,2.57
Brookneal,Virginia,VA,False,51,Clear,-0.64,39,3.12
Callands,Virginia,VA,False,51,Clouds,-1.13,35,4.21
Cluster Springs,Virginia,VA,False,51,Clear,0.85,25,2.06
Coleman Falls,Virginia,VA,False,51,Clouds,-1.24,45,3.62
Crystal Hill,Virginia,VA,False,51,Clear,-0.46,38,2.06
Dry Fork,Virginia,VA,False,51,Clouds,0.01,35,1.79
Evington,Virginia,VA,False,51,Clear,-1.8,46,2.06
Gladys,Virginia,VA,False,51,Clear,-0.59,35,3.14
Goode,Virginia,VA,False,51,Clear,-1.57,45,2.06
Howardsville,Virginia,VA,False,51,Clear,-0.81,39,3.48
Hurt,Virginia,VA,False,51,Clouds,-0.83,39,3.77
Keeling,Virginia,VA,False,51,Clear,0.09,36,2.57
Lynch Station,Virginia,VA,False,51,Clouds,-1.56,40,3.79
Naruna,Virginia,VA,False,51,Clear,-0.19,32,3.08
Nathalie,Virginia,VA,False,51,Clear,-1.2,44,3.11
Natural Bridge Station,Virginia,VA,False,51,Clouds,-2.35,41,4.53
Rustburg,Virginia,VA,False,51,Clear,-1.3,40,2.06
South Boston,Virginia,VA,False,51,Clear,0.58,33,2.06
Spout Spring,Virginia,VA,False,51,Clear,-0.98,40,3.41
Sweet Briar,Virginia,VA,False,51,Clear,-4.01,45,2.57
Vernon Hill,Virginia,VA,False,51,Clouds,0.05,41,4.06
Virgilina,Virginia,VA,False,51,Clear,0.65,25,2.06
Wingina,Virginia,VA,False,51,Clear,-0.88,45,3.1
Amonate,Virginia,VA,False,51,Clouds,-4.88,51,4.09
Bandy,Virginia,VA,False,51,Clouds,-6.87,53,3.6
Boissevain,Virginia,VA,False,51,Clear,-5.88,51,5.14
Breaks,Virginia,VA,False,51,Clouds,-2.87,49,2.11
Burkes Garden,Virginia,VA,False,51,Clouds,-7.03,57,4.02
Doran,Virginia,VA,False,51,Clouds,-4.62,53,2.86
Falls Mills,Virginia,VA,False,51,Clear,-5.13,50,5.14
Grundy,Virginia,VA,False,51,Clouds,-3.27,64,2.5
Horsepen,Virginia,VA,False,51,Clouds,-5.31,52,4.6
Jewell Ridge,Virginia,VA,False,51,Clouds,-6.09,50,3.56
Keen Mountain,Virginia,VA,False,51,Clouds,-4.11,64,2.88
Mavisdale,Virginia,VA,False,51,Clouds,-4.03,64,2.71
Maxie,Virginia,VA,False,51,Clouds,-3.03,56,2.25
North Tazewell,Virginia,VA,False,51,Clouds,-5.98,57,4.34
Pounding Mill,Virginia,VA,False,51,Clouds,-6.88,54,3.27
Red Ash,Virginia,VA,False,51,Clouds,-5.73,52,2.77
Shortt Gap,Virginia,VA,False,51,Clouds,-6.2,51,3.04
Swords Creek,Virginia,VA,False,51,Clouds,-5.6,53,2.35
Vansant,Virginia,VA,False,51,Clouds,-3.46,64,2.47
Bluefield,Virginia,VA,False,51,Clear,-5.6,49,5.14
Beeson,West Virginia,WV,False,54,Clear,-5.32,51,5.14
Bramwell,West Virginia,WV,False,54,Clear,-5.01,49,5.14
Bud,West Virginia,WV,False,54,Clear,-3.8,63,4.78
Covel,West Virginia,WV,False,54,Clouds,-4.51,67,5.06
Kegley,West Virginia,WV,False,54,Clear,-5.06,49,5.14
Kellysville,West Virginia,WV,False,54,Clouds,-3.01,47,5.32
Lashmeet,West Virginia,WV,False,54,Clear,-5.22,49,5.14
Matoaka,West Virginia,WV,False,54,Clear,-5.16,49,5.14
Montcalm,West Virginia,WV,False,54,Clear,-5.13,49,5.14
Nemours,West Virginia,WV,False,54,Clear,-5.15,49,5.14
Wolfe,West Virginia,WV,False,54,Clear,-5.27,49,5.14
Anawalt,West Virginia,WV,False,54,Clouds,-4.12,53,4.72
Berwind,West Virginia,WV,False,54,Clouds,-4.17,49,4.2
Brenton,West Virginia,WV,False,54,Clear,-1.83,51,3.68
Clear Fork,West Virginia,WV,False,54,Clear,-2.02,54,3.66
Coal Mountain,West Virginia,WV,False,54,Clear,-3.28,57,3.53
Cucumber,West Virginia,WV,False,54,Clouds,-5.62,49,4.27
Cyclone,Pennsylvania,PA,False,42,Mist,-8.3,84,7.2
Davy,West Virginia,WV,False,54,Clear,-2.1,54,3.75
Eckman,West Virginia,WV,False,54,Clouds,-4.08,51,4.46
Fanrock,West Virginia,WV,False,54,Clear,-2.02,51,3.13
Iaeger,West Virginia,WV,False,54,Clouds,-3.39,72,2.93
Ikes Fork,West Virginia,WV,False,54,Clouds,-4.54,72,2.8
Isaban,West Virginia,WV,False,54,Clouds,-4.52,72,2.67
Itmann,West Virginia,WV,False,54,Clear,-3.77,62,4.25
Jenkinjones,West Virginia,WV,False,54,Clear,-4.89,49,5.14
Jesse,West Virginia,WV,False,54,Clear,-2.31,52,0.89
Jolo,West Virginia,WV,False,54,Clouds,-3.81,64,3.34
Kopperston,West Virginia,WV,False,54,Clear,-2.95,48,0.89
Lynco,West Virginia,WV,False,54,Clear,-2.88,54,3.16
Matheny,West Virginia,WV,False,54,Clear,-2.32,49,0.89
Maybeury,West Virginia,WV,False,54,Clear,-5.08,49,5.14
Northfork,West Virginia,WV,False,54,Clouds,-3.95,67,4.27
North Spring,West Virginia,WV,False,54,Clouds,-3.68,70,2.76
Oceana,West Virginia,WV,False,54,Clear,-2.21,49,0.89
Pageton,West Virginia,WV,False,54,Clouds,-3.75,54,4.32
Panther,West Virginia,WV,False,54,Clouds,-3.61,72,2.64
Premier,West Virginia,WV,False,54,Clouds,-2.49,50,3.49
Raysal,West Virginia,WV,False,54,Clouds,-3.49,64,3.42
Rock View,West Virginia,WV,False,54,Clear,-2.94,55,3.57
Roderfield,West Virginia,WV,False,54,Clouds,-2.6,49,3.22
Simon,West Virginia,WV,False,54,Clear,-2.65,59,2.85
Squire,West Virginia,WV,False,54,Clouds,-5.0,52,4.02
Switchback,West Virginia,WV,False,54,Clear,-4.55,49,5.14
Thorpe,West Virginia,WV,False,54,Clouds,-2.8,53,4.11
War,West Virginia,WV,False,54,Clouds,-3.99,50,3.9
Warriormine,West Virginia,WV,False,54,Clouds,-4.71,49,3.83
Wilcoe,West Virginia,WV,False,54,Clouds,-2.81,51,3.9
Fairlea,West Virginia,WV,False,54,Clear,-5.7,50,2.06
Arbovale,West Virginia,WV,False,54,Clouds,-9.7,79,2.68
Ballard,West Virginia,WV,False,54,Clear,-4.18,45,1.34
Cass,West Virginia,WV,False,54,Clouds,-9.6,81,1.34
Crawley,West Virginia,WV,False,54,Clear,-7.06,52,2.24
Dunmore,West Virginia,WV,False,54,Clouds,-9.53,82,6.64
Gap Mills,West Virginia,WV,False,54,Clear,-5.92,49,0.89
Grassy Meadows,West Virginia,WV,False,54,Clear,-6.51,49,5.15
Green Bank,West Virginia,WV,False,54,Clouds,-9.58,79,7.11
Lindside,West Virginia,WV,False,54,Clear,-3.94,45,1.34
Marlinton,West Virginia,WV,False,54,Clouds,-7.45,60,6.49
Maxwelton,West Virginia,WV,False,54,Clear,-6.06,51,3.13
Pence Springs,West Virginia,WV,False,54,Clear,-3.41,44,0.45
Peterstown,West Virginia,WV,False,54,Clouds,-2.89,45,1.79
Ronceverte,West Virginia,WV,False,54,Clear,-4.66,49,2.06
Secondcreek,West Virginia,WV,False,54,Clear,-5.11,49,1.79
Sinks Grove,West Virginia,WV,False,54,Clear,-5.51,48,1.79
Talcott,West Virginia,WV,False,54,Clear,-3.33,44,0.45
Waiteville,West Virginia,WV,False,54,Clear,-4.92,51,5.65
Wolfcreek,West Virginia,WV,False,54,Clear,-4.02,46,0.45
Alloy,West Virginia,WV,False,54,Clouds,-3.42,69,3.24
Alum Creek,West Virginia,WV,False,54,Clouds,-3.53,55,1.96
Amma,West Virginia,WV,False,54,Clouds,-5.54,79,2.51
Artie,West Virginia,WV,False,54,Clear,-4.51,62,3.64
Bickmore,West Virginia,WV,False,54,Clouds,-4.95,65,2.6
Bim,West Virginia,WV,False,54,Clouds,-2.97,65,3.26
Bloomingrose,West Virginia,WV,False,54,Clouds,-3.19,59,2.79
Blount,West Virginia,WV,False,54,Clouds,-4.4,61,2.6
Bob White,West Virginia,WV,False,54,Clouds,-2.75,62,3.15
Bomont,West Virginia,WV,False,54,Clouds,-5.32,68,2.55
Cabin Creek,West Virginia,WV,False,54,Clouds,-3.62,66,1.34
Charlton Heights,West Virginia,WV,False,54,Clouds,-3.46,69,3.35
Clendenin,West Virginia,WV,False,54,Clouds,-5.07,78,2.43
Clothier,West Virginia,WV,False,54,Clear,-2.3,46,3.09
Dawes,West Virginia,WV,False,54,Clear,-3.68,68,1.34
Deep Water,West Virginia,WV,False,54,Clouds,-3.34,69,3.34
Dorothy,New Jersey,NJ,False,34,Clouds,-2.77,52,5.91
Duck,West Virginia,WV,False,54,Clouds,-6.76,77,0.45
East Bank,West Virginia,WV,False,54,Clouds,-3.39,66,1.34
Eleanor,West Virginia,WV,False,54,Clouds,-3.22,57,1.85
Elkview,West Virginia,WV,False,54,Clouds,-4.2,57,2.25
Eskdale,West Virginia,WV,False,54,Clear,-4.49,70,3.19
Falling Rock,West Virginia,WV,False,54,Clouds,-4.13,60,2.34
Fraziers Bottom,West Virginia,WV,False,54,Clouds,-3.35,60,1.88
Gallagher,West Virginia,WV,False,54,Clouds,-4.25,67,1.34
Gauley Bridge,West Virginia,WV,False,54,Clouds,-3.5,68,3.17
Glen Ferris,West Virginia,WV,False,54,Clouds,-3.2,69,3.27
Handley,West Virginia,WV,False,54,Clouds,-3.09,67,3.08
Hansford,West Virginia,WV,False,54,Clouds,-3.32,67,2.99
Hernshaw,West Virginia,WV,False,54,Clouds,-3.42,52,1.34
Hewett,West Virginia,WV,False,54,Clear,-2.23,47,3.09
Hugheston,West Virginia,WV,False,54,Clouds,-3.72,67,3.02
Indore,West Virginia,WV,False,54,Clouds,-4.79,60,2.65
Institute,West Virginia,WV,False,54,Clouds,-3.1,53,0.89
Ivydale,West Virginia,WV,False,54,Clouds,-3.28,52,0.89
Jeffrey,West Virginia,WV,False,54,Clear,-2.96,47,3.09
Kanawha Falls,West Virginia,WV,False,54,Clouds,-3.76,69,3.27
Lizemores,West Virginia,WV,False,54,Clouds,-4.57,67,2.7
Maysel,West Virginia,WV,False,54,Clouds,-5.58,67,1.34
Mount Carbon,West Virginia,WV,False,54,Clouds,-3.04,70,3.24
Naoma,West Virginia,WV,False,54,Clear,-3.97,63,3.71
Nellis,West Virginia,WV,False,54,Clouds,-3.09,59,2.53
Nitro,West Virginia,WV,False,54,Clouds,-3.47,53,1.7
Orgas,West Virginia,WV,False,54,Clear,-3.71,70,3.13
Peytona,West Virginia,WV,False,54,Clouds,-3.38,57,2.72
Pinch,West Virginia,WV,False,54,Clouds,-4.0,56,2.31
Poca,West Virginia,WV,False,54,Clouds,-3.54,54,1.71
Pond Gap,West Virginia,WV,False,54,Clouds,-4.64,65,2.85
Powellton,West Virginia,WV,False,54,Clouds,-5.5,71,3.35
Procious,West Virginia,WV,False,54,Clouds,-5.29,70,2.51
Red House,Virginia,VA,False,51,Clouds,-3.23,58,1.84
Robson,West Virginia,WV,False,54,Clouds,-3.38,69,3.45
Seth,West Virginia,WV,False,54,Clouds,-3.35,63,3.01
Sharples,West Virginia,WV,False,54,Clear,-2.51,45,3.09
Smithers,West Virginia,WV,False,54,Clouds,-4.21,67,3.13
Tad,West Virginia,WV,False,54,Clouds,-3.54,55,2.48
Tornado,West Virginia,WV,False,54,Clouds,-2.9,53,0.45
Turtle Creek,Pennsylvania,PA,False,42,Clouds,-6.47,72,5.66
Twilight,West Virginia,WV,False,54,Clouds,-3.85,73,3.34
Uneeda,West Virginia,WV,False,54,Clouds,-3.01,63,0.89
Widen,West Virginia,WV,False,54,Clouds,-7.72,73,3.06
Winifrede,West Virginia,WV,False,54,Clouds,-3.51,61,1.34
Advent,West Virginia,WV,False,54,Clouds,-4.88,60,2.13
Arnoldsburg,West Virginia,WV,False,54,Clouds,-6.52,76,2.81
Chloe,West Virginia,WV,False,54,Clouds,-6.63,77,2.69
Gandeeville,West Virginia,WV,False,54,Clouds,-6.33,66,2.5
Given,West Virginia,WV,False,54,Clouds,-5.06,66,2.27
Letart,West Virginia,WV,False,54,Clouds,-4.38,60,2.28
Looneyville,West Virginia,WV,False,54,Clouds,-6.27,71,2.51
Mount Alto,West Virginia,WV,False,54,Clouds,-4.81,60,0.45
Normantown,West Virginia,WV,False,54,Clouds,-7.23,78,3.16
Orma,West Virginia,WV,False,54,Clouds,-6.56,74,2.79
Reedy,West Virginia,WV,False,54,Clouds,-6.04,69,0.89
Wallback,West Virginia,WV,False,54,Clouds,-5.99,79,2.51
Bakerton,West Virginia,WV,False,54,Clouds,-4.48,57,5.36
Berkeley Springs,West Virginia,WV,False,54,Clouds,-5.28,53,4.47
Charles Town,West Virginia,WV,False,54,Clouds,-4.7,56,5.14
Falling Waters,West Virginia,WV,False,54,Clouds,-4.21,52,5.14
Gerrardstown,West Virginia,WV,False,54,Clouds,-5.18,53,5.14
Glengary,West Virginia,WV,False,54,Clouds,-4.92,54,5.14
Great Cacapon,West Virginia,WV,False,54,Clouds,-4.81,53,4.02
Hedgesville,West Virginia,WV,False,54,Clouds,-4.83,52,5.14
Kearneysville,West Virginia,WV,False,54,Clouds,-4.77,55,5.36
Levels,West Virginia,WV,False,54,Clouds,-6.08,57,4.86
Points,West Virginia,WV,False,54,Clouds,-6.01,57,4.92
Ranson,West Virginia,WV,False,54,Clouds,-4.65,55,5.14
Rippon,West Virginia,WV,False,54,Clouds,-4.7,56,3.58
Shenandoah Junction,West Virginia,WV,False,54,Clouds,-4.7,55,5.36
Shepherdstown,West Virginia,WV,False,54,Clouds,-4.47,56,5.36
Slanesville,West Virginia,WV,False,54,Clouds,-6.21,59,0.89
Summit Point,West Virginia,WV,False,54,Clouds,-4.94,55,6.17
Alkol,West Virginia,WV,False,54,Clouds,-4.54,75,2.2
Apple Grove,West Virginia,WV,False,54,Clouds,-4.1,73,3.03
Barboursville,Virginia,VA,False,51,Clouds,-3.06,60,0.45
Branchland,West Virginia,WV,False,54,Clouds,-3.63,67,0.45
Ceredo,West Virginia,WV,False,54,Clouds,-2.18,50,1.74
Chapmanville,West Virginia,WV,False,54,Clear,-3.19,64,3.09
Dunlow,West Virginia,WV,False,54,Clouds,-2.76,49,1.75
Fort Gay,West Virginia,WV,False,54,Clouds,-2.17,49,1.79
Gallipolis Ferry,West Virginia,WV,False,54,Clouds,-4.36,63,2.29
Griffithsville,West Virginia,WV,False,54,Clouds,-3.99,70,0.45
Harts,West Virginia,WV,False,54,Clouds,-2.99,71,0.89
Kenova,West Virginia,WV,False,54,Clouds,-2.24,50,1.73
Kiahsville,West Virginia,WV,False,54,Clouds,-2.52,53,2.0
Lavalette,West Virginia,WV,False,54,Clouds,-2.37,55,0.45
Lesage,West Virginia,WV,False,54,Clouds,-3.32,60,1.8
Pecks Mill,West Virginia,WV,False,54,Clear,-2.06,48,3.09
Point Pleasant,Pennsylvania,PA,False,42,Clouds,-2.12,55,5.66
Prichard,West Virginia,WV,False,54,Clouds,-2.37,50,1.84
Salt Rock,West Virginia,WV,False,54,Clouds,-3.56,63,2.01
Scott Depot,West Virginia,WV,False,54,Clouds,-3.22,53,1.74
Sod,West Virginia,WV,False,54,Clouds,-3.96,59,2.02
Spurlockville,West Virginia,WV,False,54,Clouds,-4.46,73,2.21
Sumerco,West Virginia,WV,False,54,Clouds,-4.4,64,2.09
Teays,West Virginia,WV,False,54,Clouds,-3.23,55,0.45
West Hamlin,West Virginia,WV,False,54,Clouds,-3.47,64,2.14
Yawkey,West Virginia,WV,False,54,Clouds,-4.06,69,0.45
Accoville,West Virginia,WV,False,54,Clear,-2.8,58,3.09
Amherstdale,West Virginia,WV,False,54,Clear,-3.32,57,3.09
Baisden,West Virginia,WV,False,54,Clear,-2.24,52,3.09
Davin,West Virginia,WV,False,54,Clear,-2.74,61,3.09
Henlawson,West Virginia,WV,False,54,Clear,-1.55,45,3.09
Kistler,West Virginia,WV,False,54,Clear,-3.29,56,3.09
Lorado,West Virginia,WV,False,54,Clear,-3.42,55,3.09
Lyburn,West Virginia,WV,False,54,Clear,-2.6,54,3.09
Mallory,New York,NY,False,36,Snow,-3.68,79,6.08
Man,West Virginia,WV,False,54,Clear,-2.53,57,3.09
Mount Gay,West Virginia,WV,False,54,Clear,-2.38,51,3.09
Omar,West Virginia,WV,False,54,Clear,-3.05,56,3.09
Peach Creek,West Virginia,WV,False,54,Clear,-1.83,47,3.09
Sarah Ann,West Virginia,WV,False,54,Clear,-3.48,68,3.09
Stollings,West Virginia,WV,False,54,Clear,-1.78,51,3.09
Switzer,West Virginia,WV,False,54,Clear,-2.24,54,3.09
Verdunville,West Virginia,WV,False,54,Clear,-1.71,39,3.09
Verner,West Virginia,WV,False,54,Clouds,-3.12,72,2.8
Wharncliffe,West Virginia,WV,False,54,Clouds,-3.86,71,2.55
Yolyn,West Virginia,WV,False,54,Clear,-2.78,53,3.09
Borderland,West Virginia,WV,False,54,Clouds,-1.03,50,1.74
Breeden,West Virginia,WV,False,54,Clouds,-2.87,64,1.89
Crum,West Virginia,WV,False,54,Clouds,-2.29,51,1.71
Delbarton,West Virginia,WV,False,54,Clouds,-3.79,49,1.97
Dingess,West Virginia,WV,False,54,Clouds,-3.12,64,1.96
Matewan,West Virginia,WV,False,54,Clouds,-3.56,71,2.1
Naugatuck,Connecticut,CT,False,9,Clouds,-1.93,54,5.36
North Matewan,West Virginia,WV,False,54,Clouds,-3.68,71,2.1
Rawl,West Virginia,WV,False,54,Clouds,-3.81,49,1.92
Red Jacket,West Virginia,WV,False,54,Clouds,-3.83,71,2.1
Wilsondale,West Virginia,WV,False,54,Clouds,-2.8,64,1.83
Beckley,West Virginia,WV,False,54,Clear,-6.05,52,4.63
Allen Junction,West Virginia,WV,False,54,Clouds,-4.14,62,4.59
Amigo,West Virginia,WV,False,54,Clouds,-4.45,59,4.59
Ansted,West Virginia,WV,False,54,Clouds,-4.96,65,3.42
Bolt,West Virginia,WV,False,54,Clear,-4.96,53,0.89
Cool Ridge,West Virginia,WV,False,54,Clear,-7.17,54,4.63
Danese,West Virginia,WV,False,54,Clouds,-7.14,56,4.99
Daniels,West Virginia,WV,False,54,Clear,-6.72,55,4.63
Eccles,West Virginia,WV,False,54,Clear,-5.63,52,4.63
Flat Top,West Virginia,WV,False,54,Clear,-7.89,56,3.58
Glen Daniel,West Virginia,WV,False,54,Clear,-5.04,51,4.63
Glen Fork,West Virginia,WV,False,54,Clouds,-3.47,52,0.89
Glen Jean,West Virginia,WV,False,54,Clear,-4.97,50,4.63
Glen Rogers,West Virginia,WV,False,54,Clouds,-4.79,54,4.09
Glen White,West Virginia,WV,False,54,Clear,-5.81,54,4.63
Hilltop,West Virginia,WV,False,54,Clear,-4.77,50,4.63
Layland,West Virginia,WV,False,54,Clear,-7.03,52,4.63
Lochgelly,West Virginia,WV,False,54,Clouds,-5.48,53,3.87
Mabscott,West Virginia,WV,False,54,Clear,-6.01,52,4.63
Saulsville,West Virginia,WV,False,54,Clouds,-4.78,56,3.89
Mullens,West Virginia,WV,False,54,Clouds,-4.75,63,4.42
Odd,West Virginia,WV,False,54,Clear,-6.81,57,3.58
Pax,West Virginia,WV,False,54,Clear,-4.59,51,4.63
Piney View,West Virginia,WV,False,54,Clear,-6.18,53,4.63
Prince,West Virginia,WV,False,54,Clear,-3.95,53,4.63
Princewick,West Virginia,WV,False,54,Clear,-5.88,55,4.63
Ravencliff,West Virginia,WV,False,54,Clouds,-4.56,54,0.89
Rhodell,West Virginia,WV,False,54,Clouds,-4.83,58,4.68
Sabine,West Virginia,WV,False,54,Clouds,-4.3,54,0.89
Scarbro,West Virginia,WV,False,54,Clear,-4.75,51,4.63
Shady Spring,West Virginia,WV,False,54,Clear,-7.04,55,4.63
Skelton,West Virginia,WV,False,54,Clear,-6.06,53,4.63
Slab Fork,West Virginia,WV,False,54,Clouds,-5.32,55,0.89
Spanishburg,West Virginia,WV,False,54,Clear,-4.44,50,5.14
Stanaford,West Virginia,WV,False,54,Clear,-6.13,53,4.63
Surveyor,West Virginia,WV,False,54,Clear,-5.37,51,4.63
Wyco,West Virginia,WV,False,54,Clouds,-4.66,60,4.59
Charmco,West Virginia,WV,False,54,Clouds,-7.06,53,6.07
Rainelle,West Virginia,WV,False,54,Clouds,-6.79,56,5.9
Green Sulphur Springs,West Virginia,WV,False,54,Clear,-5.06,53,4.87
Jumping Branch,West Virginia,WV,False,54,Clear,-6.17,54,4.63
Lerona,West Virginia,WV,False,54,Clear,-5.51,52,5.29
Meadow Bridge,West Virginia,WV,False,54,Clear,-6.94,56,5.09
Meadow Creek,West Virginia,WV,False,54,Clear,-4.29,53,4.63
Nimitz,West Virginia,WV,False,54,Clear,-6.3,55,0.45
Pipestem,West Virginia,WV,False,54,Clear,-5.93,53,5.26
Quinwood,West Virginia,WV,False,54,Clouds,-8.67,73,6.0
Spring Dale,West Virginia,WV,False,54,Clear,-7.42,56,5.42
Beech Bottom,West Virginia,WV,False,54,Clouds,-5.82,64,5.66
Benwood,West Virginia,WV,False,54,Clouds,-5.94,71,5.66
Colliers,West Virginia,WV,False,54,Clouds,-6.49,63,0.89
Follansbee,West Virginia,WV,False,54,Clouds,-6.25,64,5.66
Glen Dale,West Virginia,WV,False,54,Clouds,-5.74,71,0.89
Glen Easton,West Virginia,WV,False,54,Clouds,-7.73,71,5.81
Mcmechen,West Virginia,WV,False,54,Clouds,-5.8,72,0.89
Moundsville,West Virginia,WV,False,54,Clouds,-6.48,71,0.45
New Cumberland,Pennsylvania,PA,False,42,Clouds,-3.38,59,7.72
New Manchester,West Virginia,WV,False,54,Clouds,-7.44,70,4.62
Short Creek,West Virginia,WV,False,54,Clouds,-5.5,63,5.66
Triadelphia,West Virginia,WV,False,54,Clouds,-6.4,74,5.66
Valley Grove,West Virginia,WV,False,54,Clouds,-6.59,71,5.66
Weirton,West Virginia,WV,False,54,Clouds,-6.58,63,0.89
Brohard,West Virginia,WV,False,54,Clouds,-8.0,80,3.09
Friendly,West Virginia,WV,False,54,Clouds,-7.59,67,3.38
Macfarlan,West Virginia,WV,False,54,Clouds,-7.79,81,3.05
Middlebourne,West Virginia,WV,False,54,Clouds,-7.38,67,3.48
New Martinsville,West Virginia,WV,False,54,Clouds,-7.82,72,2.68
Paden City,West Virginia,WV,False,54,Clouds,-7.33,69,3.52
Porters Falls,West Virginia,WV,False,54,Clouds,-7.66,72,2.68
Ravenswood,West Virginia,WV,False,54,Clouds,-4.32,62,0.89
Reader,West Virginia,WV,False,54,Clouds,-7.8,74,3.8
Sistersville,West Virginia,WV,False,54,Clouds,-7.49,66,3.45
Buckhannon,West Virginia,WV,False,54,Clear,-7.86,73,3.09
Erbacon,West Virginia,WV,False,54,Clouds,-7.06,68,3.52
Craigsville,Virginia,VA,False,51,Clouds,-4.52,49,4.02
Cowen,West Virginia,WV,False,54,Clouds,-8.31,65,0.45
Camden On Gauley,West Virginia,WV,False,54,Clouds,-8.2,64,0.45
Snowshoe,West Virginia,WV,False,54,Clouds,-14.18,87,2.68
French Creek,West Virginia,WV,False,54,Clear,-7.94,70,3.09
Frenchton,West Virginia,WV,False,54,Clear,-8.03,70,3.09
Hacker Valley,West Virginia,WV,False,54,Clouds,-7.3,71,3.9
Helvetia,West Virginia,WV,False,54,Clouds,-9.4,71,4.93
Kanawha Head,West Virginia,WV,False,54,Clouds,-8.35,70,0.45
Lorentz,West Virginia,WV,False,54,Clear,-7.98,70,3.09
Rock Cave,West Virginia,WV,False,54,Clear,-8.38,70,3.09
Selbyville,Delaware,DE,False,10,Clear,-1.62,48,4.12
Tallmansville,West Virginia,WV,False,54,Clear,-8.53,72,3.09
Belington,West Virginia,WV,False,54,Clouds,-8.38,80,4.99
Bowden,West Virginia,WV,False,54,Clouds,-9.56,84,2.24
Dailey,West Virginia,WV,False,54,Clouds,-8.58,81,2.24
Dryfork,West Virginia,WV,False,54,Clouds,-8.67,87,7.88
Durbin,West Virginia,WV,False,54,Clouds,-9.85,73,2.24
Upperglade,West Virginia,WV,False,54,Clouds,-8.49,67,0.45
Ellamore,West Virginia,WV,False,54,Clear,-8.8,78,3.09
Glady,West Virginia,WV,False,54,Clouds,-9.86,79,3.09
Hambleton,West Virginia,WV,False,54,Clouds,-7.65,78,2.24
Harman,West Virginia,WV,False,54,Clouds,-9.07,87,7.73
Huttonsville,West Virginia,WV,False,54,Clouds,-7.97,73,0.89
Junior,West Virginia,WV,False,54,Clouds,-8.65,82,0.45
Mabie,West Virginia,WV,False,54,Clouds,-9.38,82,2.24
Monterville,West Virginia,WV,False,54,Clouds,-10.49,75,0.45
Webster Springs,West Virginia,WV,False,54,Clouds,-6.97,70,0.45
Red Creek,New York,NY,False,36,Snow,-3.81,73,9.22
Valley Bend,West Virginia,WV,False,54,Clouds,-8.38,76,1.34
Whitmer,West Virginia,WV,False,54,Clouds,-9.49,73,7.42
Bergoo,West Virginia,WV,False,54,Clouds,-8.11,73,5.61
Alum Bridge,West Virginia,WV,False,54,Clouds,-7.77,65,3.58
Anmoore,West Virginia,WV,False,54,Clouds,-6.23,67,3.09
Gypsy,West Virginia,WV,False,54,Clouds,-6.12,67,3.09
Haywood,Virginia,VA,False,51,Clouds,-6.18,68,3.09
Hepzibah,West Virginia,WV,False,54,Clouds,-6.09,67,3.09
Horner,West Virginia,WV,False,54,Clear,-7.58,73,3.09
Jacksonburg,West Virginia,WV,False,54,Clouds,-7.97,74,3.92
Jane Lew,West Virginia,WV,False,54,Clear,-6.75,68,3.09
Lumberport,West Virginia,WV,False,54,Clouds,-6.05,68,3.09
Meadowbrook,West Virginia,WV,False,54,Clouds,-4.14,55,0.45
Moatsville,West Virginia,WV,False,54,Clouds,-6.74,69,1.79
New Milton,West Virginia,WV,False,54,Clouds,-7.14,67,3.59
Pennsboro,West Virginia,WV,False,54,Clouds,-7.18,66,1.34
Philippi,West Virginia,WV,False,54,Clouds,-7.02,70,4.32
Reynoldsville,Pennsylvania,PA,False,42,Clouds,-7.4,73,7.72
Rosemont,New Jersey,NJ,False,34,Clouds,-2.02,54,6.17
Rowlesburg,West Virginia,WV,False,54,Clouds,-7.57,74,5.2
Sand Fork,West Virginia,WV,False,54,Clouds,-7.26,83,3.34
Shinnston,West Virginia,WV,False,54,Clouds,-6.22,68,3.09
Smithburg,West Virginia,WV,False,54,Clouds,-7.22,66,3.56
Spelter,West Virginia,WV,False,54,Clouds,-6.06,68,3.09
Walkersville,Maryland,MD,False,24,Clouds,-3.65,55,9.26
West Milford,New Jersey,NJ,False,34,Clouds,-2.72,50,0.89
Albright,West Virginia,WV,False,54,Clouds,-7.92,77,1.34
Blacksville,West Virginia,WV,False,54,Clouds,-6.65,67,4.13
Bretz,West Virginia,WV,False,54,Clouds,-8.74,77,1.34
Bruceton Mills,West Virginia,WV,False,54,Clouds,-8.16,76,4.92
Dellslow,West Virginia,WV,False,54,Clouds,-7.23,75,3.13
Maidsville,West Virginia,WV,False,54,Clouds,-6.81,72,3.13
Masontown,Pennsylvania,PA,False,42,Clouds,-6.34,48,4.5
Pentress,West Virginia,WV,False,54,Clouds,-6.73,69,2.24
Pursglove,West Virginia,WV,False,54,Clouds,-6.5,70,3.13
Barrackville,West Virginia,WV,False,54,Clouds,-6.46,69,1.34
Big Run,Pennsylvania,PA,False,42,Clouds,-7.2,74,2.68
Carolina,Rhode Island,RI,False,44,Clear,-2.31,54,2.06
Four States,West Virginia,WV,False,54,Clouds,-6.77,69,0.45
Grant Town,West Virginia,WV,False,54,Clouds,-6.65,69,1.34
Hundred,West Virginia,WV,False,54,Clouds,-7.62,71,1.79
Idamay,West Virginia,WV,False,54,Clouds,-7.1,69,3.9
Kingmont,West Virginia,WV,False,54,Clouds,-6.46,69,3.09
Mannington,West Virginia,WV,False,54,Clouds,-7.07,69,4.0
Rachel,West Virginia,WV,False,54,Clouds,-6.71,69,3.94
Rivesville,West Virginia,WV,False,54,Clouds,-6.47,70,1.79
Wana,West Virginia,WV,False,54,Clouds,-7.04,68,1.79
Birch River,West Virginia,WV,False,54,Clouds,-6.92,78,3.4
Copen,West Virginia,WV,False,54,Clouds,-7.43,76,3.13
Dille,West Virginia,WV,False,54,Clouds,-7.44,66,3.19
Frametown,West Virginia,WV,False,54,Clouds,-7.29,77,2.98
Gassaway,West Virginia,WV,False,54,Clouds,-7.2,73,0.89
Heaters,West Virginia,WV,False,54,Clouds,-7.18,72,0.89
Little Birch,West Virginia,WV,False,54,Clouds,-7.93,73,3.31
Napier,West Virginia,WV,False,54,Clouds,-7.43,70,2.96
Shock,West Virginia,WV,False,54,Clouds,-6.99,77,2.95
Belva,West Virginia,WV,False,54,Clouds,-4.27,73,2.99
Canvas,West Virginia,WV,False,54,Clouds,-8.12,67,3.8
Drennen,West Virginia,WV,False,54,Clouds,-5.49,72,3.01
Gilboa,New York,NY,False,36,Clouds,-5.34,69,7.46
Keslers Cross Lanes,West Virginia,WV,False,54,Clouds,-6.66,72,3.36
Leivasy,West Virginia,WV,False,54,Clouds,-8.87,66,0.89
Mount Lookout,West Virginia,WV,False,54,Clouds,-7.51,71,3.83
Mount Nebo,West Virginia,WV,False,54,Clouds,-8.47,77,3.58
Nallen,West Virginia,WV,False,54,Clouds,-7.76,71,4.63
Nettie,West Virginia,WV,False,54,Clouds,-9.32,66,0.89
Pool,West Virginia,WV,False,54,Clouds,-8.03,71,4.14
Swiss,West Virginia,WV,False,54,Clouds,-4.61,73,3.03
Capon Bridge,West Virginia,WV,False,54,Clouds,-5.68,61,2.68
Delray,West Virginia,WV,False,54,Clouds,-6.11,61,1.79
Eglon,West Virginia,WV,False,54,Clouds,-10.29,83,7.12
Elk Garden,West Virginia,WV,False,54,Clouds,-9.6,76,8.87
Fort Ashby,West Virginia,WV,False,54,Clouds,-5.43,59,6.17
Gormania,West Virginia,WV,False,54,Clouds,-10.06,82,1.79
Green Spring,West Virginia,WV,False,54,Clouds,-5.18,54,6.17
Keyser,West Virginia,WV,False,54,Clouds,-6.01,67,1.79
Lahmansville,West Virginia,WV,False,54,Clear,-5.4,59,10.29
Mount Storm,West Virginia,WV,False,54,Clouds,-11.06,81,2.68
New Creek,West Virginia,WV,False,54,Clear,-6.82,64,7.43
Ridgeley,West Virginia,WV,False,54,Clouds,-5.74,60,6.17
Shanks,West Virginia,WV,False,54,Clouds,-5.86,59,5.28
Terra Alta,West Virginia,WV,False,54,Clouds,-10.25,80,6.19
Wiley Ford,West Virginia,WV,False,54,Clouds,-5.8,60,6.17
Brandywine,Maryland,MD,False,24,Clear,-3.12,54,5.66
High View,West Virginia,WV,False,54,Clouds,-6.47,61,2.68
Lost City,West Virginia,WV,False,54,Clear,-6.87,61,5.28
Mathias,West Virginia,WV,False,54,Clear,-6.76,62,5.14
Bloomery,West Virginia,WV,False,54,Clouds,-6.2,59,1.79
Capon Springs,West Virginia,WV,False,54,Clouds,-6.71,63,5.81
Old Fields,West Virginia,WV,False,54,Clear,-5.06,61,0.89
Wardensville,West Virginia,WV,False,54,Clouds,-5.96,61,6.11
Purgitsville,West Virginia,WV,False,54,Clouds,-5.62,59,2.68
Cabins,West Virginia,WV,False,54,Clear,-5.12,55,10.29
Yellow Spring,West Virginia,WV,False,54,Clouds,-5.93,62,6.13
Upper Tract,West Virginia,WV,False,54,Clouds,-5.81,59,3.13
Seneca Rocks,West Virginia,WV,False,54,Clouds,-6.01,58,3.13
Onego,West Virginia,WV,False,54,Clouds,-6.7,58,6.79
Ararat,Virginia,VA,False,51,Clear,-1.7,43,2.06
Belews Creek,North Carolina,NC,False,37,Clouds,0.1,44,0.45
Bethania,North Carolina,NC,False,37,Clear,0.01,41,0.89
Clemmons,North Carolina,NC,False,37,Clear,-0.12,43,0.89
Cooleemee,North Carolina,NC,False,37,Clear,0.21,39,3.25
Dobson,North Carolina,NC,False,37,Clear,-0.25,38,2.06
East Bend,North Carolina,NC,False,37,Clear,-0.25,41,0.89
Germanton,North Carolina,NC,False,37,Clear,0.8,42,2.92
Hamptonville,North Carolina,NC,False,37,Clear,-1.43,36,4.99
Lawsonville,North Carolina,NC,False,37,Clouds,0.3,42,2.86
Lowgap,North Carolina,NC,False,37,Clear,-1.03,45,1.79
Mayodan,North Carolina,NC,False,37,Clear,0.74,37,2.57
Mocksville,North Carolina,NC,False,37,Clear,0.07,41,4.72
Pfafftown,North Carolina,NC,False,37,Clear,0.13,41,0.89
Pilot Mountain,North Carolina,NC,False,37,Clear,-0.55,38,2.06
Pine Hall,North Carolina,NC,False,37,Clear,0.95,44,3.57
Pinnacle,North Carolina,NC,False,37,Clear,-0.4,41,2.06
Rural Hall,North Carolina,NC,False,37,Clear,-0.03,41,2.56
Sandy Ridge,Pennsylvania,PA,False,42,Clouds,-8.71,77,0.89
Toast,North Carolina,NC,False,37,Clear,-0.4,40,2.06
Tobaccoville,North Carolina,NC,False,37,Clear,0.07,41,2.32
Walkertown,North Carolina,NC,False,37,Clear,-2.99,39,3.58
Walnut Cove,North Carolina,NC,False,37,Clear,1.15,42,0.89
Woodleaf,North Carolina,NC,False,37,Clear,0.53,35,1.54
Yadkinville,North Carolina,NC,False,37,Clear,0.18,38,4.58
Winston Salem,North Carolina,NC,False,37,Clear,-0.23,42,3.76
Alamance,North Carolina,NC,False,37,Clear,1.32,36,3.6
Altamahaw,North Carolina,NC,False,37,Clear,1.19,35,3.6
Asheboro,North Carolina,NC,False,37,Clear,0.76,44,3.02
Blanch,North Carolina,NC,False,37,Clear,0.83,37,2.57
Bonlee,North Carolina,NC,False,37,Clear,-0.57,44,2.08
Browns Summit,North Carolina,NC,False,37,Clear,0.08,37,0.89
Candor,New York,NY,False,36,Snow,-5.03,74,7.47
Cumnock,North Carolina,NC,False,37,Clear,0.59,38,0.0
Eagle Springs,North Carolina,NC,False,37,Clear,0.47,45,2.69
Efland,North Carolina,NC,False,37,Clear,-0.48,48,0.89
Elon,North Carolina,NC,False,37,Clear,1.03,36,3.6
Ether,North Carolina,NC,False,37,Clear,-1.83,43,2.15
Franklinville,New Jersey,NJ,False,34,Clouds,-2.68,54,6.62
Gibsonville,North Carolina,NC,False,37,Clear,1.1,35,3.6
Goldston,North Carolina,NC,False,37,Clear,-0.16,44,2.29
Gulf,North Carolina,NC,False,37,Clear,0.0,44,0.0
Haw River,North Carolina,NC,False,37,Clear,0.64,41,3.6
H P,North Carolina,NC,False,37,Clear,-0.01,50,2.53
Hillsborough,New Hampshire,NH,False,33,Clouds,-4.85,63,5.8
Jackson Springs,North Carolina,NC,False,37,Clear,2.03,43,2.12
Kernersville,North Carolina,NC,False,37,Clouds,-0.57,42,1.54
Mebane,North Carolina,NC,False,37,Clear,-0.52,44,3.6
Pleasant Garden,North Carolina,NC,False,37,Clear,-0.5,42,0.45
Prospect Hill,North Carolina,NC,False,37,Clear,-0.82,45,1.54
Ramseur,North Carolina,NC,False,37,Clear,0.91,40,2.6
Randleman,North Carolina,NC,False,37,Clear,-0.03,43,0.45
Saxapahaw,North Carolina,NC,False,37,Clear,0.25,32,3.6
Seagrove,North Carolina,NC,False,37,Clear,1.79,30,0.0
Semora,North Carolina,NC,False,37,Clear,0.25,38,2.57
Siler City,North Carolina,NC,False,37,Clear,-0.61,44,2.1
Snow Camp,North Carolina,NC,False,37,Clear,1.08,36,3.6
Sophia,West Virginia,WV,False,54,Clear,-6.04,54,4.63
Southmont,North Carolina,NC,False,37,Clouds,-0.4,42,1.54
Staley,North Carolina,NC,False,37,Clear,0.36,37,2.58
Stokesdale,North Carolina,NC,False,37,Clouds,-0.28,43,1.54
Swepsonville,North Carolina,NC,False,37,Clear,0.72,32,3.6
Wallburg,North Carolina,NC,False,37,Clear,-0.32,47,0.45
West End,North Carolina,NC,False,37,Clear,0.54,47,2.3
Yanceyville,North Carolina,NC,False,37,Clear,0.61,29,2.57
Angier,North Carolina,NC,False,37,Clear,0.67,45,2.57
Apex,North Carolina,NC,False,37,Clear,0.36,43,2.77
Bahama,North Carolina,NC,False,37,Clear,0.16,45,1.54
Buies Creek,North Carolina,NC,False,37,Clear,1.22,46,2.57
Bullock,North Carolina,NC,False,37,Clear,-0.11,37,0.0
Bunn,North Carolina,NC,False,37,Clear,0.77,38,0.0
Butner,North Carolina,NC,False,37,Clear,0.45,47,2.72
Carrboro,North Carolina,NC,False,37,Clear,-0.04,50,2.46
Creedmoor,North Carolina,NC,False,37,Clear,0.47,48,2.86
Four Oaks,North Carolina,NC,False,37,Clear,0.93,44,1.54
Fuquay Varina,North Carolina,NC,False,37,Clear,0.5,44,0.45
Hurdle Mills,North Carolina,NC,False,37,Clear,-0.53,44,1.54
Kenly,North Carolina,NC,False,37,Clear,0.67,47,0.89
Kittrell,North Carolina,NC,False,37,Clear,0.44,47,4.01
Knightdale,North Carolina,NC,False,37,Clear,0.61,43,3.36
Lillington,North Carolina,NC,False,37,Clear,1.43,45,2.57
Mamers,North Carolina,NC,False,37,Clear,1.82,45,2.57
Micro,North Carolina,NC,False,37,Clear,0.91,44,1.54
Middlesex,New Jersey,NJ,False,34,Clouds,-1.38,44,6.17
Moncure,North Carolina,NC,False,37,Clear,0.85,42,0.0
New Hill,North Carolina,NC,False,37,Clear,0.6,43,0.0
Norlina,North Carolina,NC,False,37,Clear,-0.07,44,3.02
Rolesville,North Carolina,NC,False,37,Clear,0.65,43,0.45
Rougemont,North Carolina,NC,False,37,Clear,-0.26,41,1.54
Roxboro,North Carolina,NC,False,37,Clear,-0.58,41,1.54
Stem,North Carolina,NC,False,37,Clear,0.27,50,3.16
Stovall,North Carolina,NC,False,37,Clear,-0.9,31,0.0
Timberlake,North Carolina,NC,False,37,Clear,2.17,43,1.54
Townsville,North Carolina,NC,False,37,Clear,-0.41,34,0.0
Wake Forest,North Carolina,NC,False,37,Clear,0.71,44,0.45
Willow Spring,North Carolina,NC,False,37,Clear,0.57,44,2.57
Wilsons Mills,North Carolina,NC,False,37,Clear,0.91,42,1.54
Wise,Virginia,VA,False,51,Clear,-3.64,45,2.06
Aulander,North Carolina,NC,False,37,Clear,-0.01,37,0.0
Battleboro,North Carolina,NC,False,37,Clear,-0.16,34,4.28
Belhaven,North Carolina,NC,False,37,Clear,-0.54,45,4.47
Blounts Creek,North Carolina,NC,False,37,Clear,-1.08,58,2.5
Chocowinity,North Carolina,NC,False,37,Clear,0.26,46,2.06
Conetoe,North Carolina,NC,False,37,Clear,0.27,40,1.54
Edward,North Carolina,NC,False,37,Clear,-1.08,46,2.26
Elm City,North Carolina,NC,False,37,Clear,2.03,32,2.57
Engelhard,North Carolina,NC,False,37,Clear,1.0,44,7.14
Everetts,North Carolina,NC,False,37,Clear,0.93,40,3.17
Falkland,North Carolina,NC,False,37,Clear,0.84,44,0.0
Farmville,Virginia,VA,False,51,Clear,-0.12,45,3.12
Garysburg,North Carolina,NC,False,37,Clear,-0.03,47,1.54
Grimesland,North Carolina,NC,False,37,Clear,0.57,43,2.06
Halifax,Massachusetts,MA,False,25,Clear,-2.82,55,5.14
Hassell,North Carolina,NC,False,37,Clear,-0.07,39,3.26
Henrico,Virginia,VA,False,51,Clouds,-1.71,43,3.09
Hobgood,North Carolina,NC,False,37,Clear,-0.09,40,1.54
Jamesville,New York,NY,False,36,Snow,-4.35,71,8.23
Kelford,North Carolina,NC,False,37,Clear,-0.06,37,0.0
Lewiston Woodville,North Carolina,NC,False,37,Clear,-0.03,37,0.0
Lucama,North Carolina,NC,False,37,Clear,0.9,49,3.09
Macclesfield,North Carolina,NC,False,37,Clear,1.05,43,4.59
Margarettsville,North Carolina,NC,False,37,Clear,0.14,34,5.51
Pantego,North Carolina,NC,False,37,Clear,-0.54,52,3.75
Parmele,North Carolina,NC,False,37,Clear,0.71,38,3.84
Pinetops,North Carolina,NC,False,37,Clear,0.47,40,1.54
Pinetown,North Carolina,NC,False,37,Clear,1.01,37,2.06
Potecasi,North Carolina,NC,False,37,Clear,0.01,37,0.0
Rich Square,North Carolina,NC,False,37,Clear,-0.03,37,0.0
Roanoke Rapids,North Carolina,NC,False,37,Clear,0.13,47,1.54
Robersonville,North Carolina,NC,False,37,Clear,0.9,39,3.51
Roxobel,North Carolina,NC,False,37,Clear,-0.07,37,0.0
Scotland Neck,North Carolina,NC,False,37,Clear,-0.11,39,2.79
Seaboard,North Carolina,NC,False,37,Clear,0.01,34,5.11
Severn,Maryland,MD,False,24,Clouds,-2.97,48,5.66
Speed,North Carolina,NC,False,37,Clear,-0.06,40,1.54
Spring Hope,North Carolina,NC,False,37,Clear,0.58,35,4.22
Stantonsburg,North Carolina,NC,False,37,Clear,1.56,37,3.25
Stokes,North Carolina,NC,False,37,Clear,0.77,41,0.0
Swanquarter,North Carolina,NC,False,37,Clear,2.09,46,6.62
Tarboro,North Carolina,NC,False,37,Clear,0.0,40,1.54
Tillery,North Carolina,NC,False,37,Clear,0.12,47,0.0
Walstonburg,North Carolina,NC,False,37,Clear,1.0,43,3.36
Whitakers,North Carolina,NC,False,37,Clear,-0.16,36,3.8
Elizabeth City,North Carolina,NC,False,37,Clear,-0.31,48,5.14
Ahoskie,North Carolina,NC,False,37,Clear,-0.97,40,0.0
Aydlett,North Carolina,NC,False,37,Clear,0.02,40,1.54
Barco,North Carolina,NC,False,37,Clear,0.05,40,1.54
Cofield,North Carolina,NC,False,37,Clear,-0.06,55,4.96
Coinjock,North Carolina,NC,False,37,Clear,0.11,40,1.54
Corapeake,North Carolina,NC,False,37,Clear,-0.03,40,2.06
Corolla,North Carolina,NC,False,37,Clear,0.02,40,1.54
Currituck,North Carolina,NC,False,37,Clear,-0.17,40,1.54
Edenton,North Carolina,NC,False,37,Clear,1.11,49,1.34
Eure,North Carolina,NC,False,37,Clear,-0.02,55,4.67
Harbinger,North Carolina,NC,False,37,Clear,2.16,45,6.69
Harrellsville,North Carolina,NC,False,37,Clear,-0.08,55,4.54
Hatteras,North Carolina,NC,False,37,Clear,3.19,73,6.69
Hertford,North Carolina,NC,False,37,Clear,0.28,51,4.26
Hobbsville,North Carolina,NC,False,37,Clear,-0.06,55,3.25
Jarvisburg,North Carolina,NC,False,37,Clear,2.12,50,7.5
Kill Devil Hills,North Carolina,NC,False,37,Clear,2.11,42,6.69
Kitty Hawk,North Carolina,NC,False,37,Clear,2.15,44,6.69
Knotts Island,North Carolina,NC,False,37,Clear,-0.84,51,1.54
Manns Harbor,North Carolina,NC,False,37,Clear,2.43,43,6.69
Manteo,North Carolina,NC,False,37,Clear,2.49,44,6.69
Merry Hill,North Carolina,NC,False,37,Clear,2.05,50,4.12
Moyock,North Carolina,NC,False,37,Clear,-0.88,54,3.51
Nags Head,North Carolina,NC,False,37,Clear,2.49,44,6.69
Ocracoke,North Carolina,NC,False,37,Clear,5.62,51,11.9
Point Harbor,North Carolina,NC,False,37,Clear,2.17,43,6.69
Poplar Branch,North Carolina,NC,False,37,Clear,0.26,40,1.54
Powellsville,North Carolina,NC,False,37,Clear,-0.11,36,3.94
Rodanthe,North Carolina,NC,False,37,Clear,2.23,60,6.71
Roduco,North Carolina,NC,False,37,Clear,-0.05,55,4.34
Roper,North Carolina,NC,False,37,Clear,-0.06,58,3.22
Salvo,North Carolina,NC,False,37,Clear,2.23,60,6.71
Shawboro,North Carolina,NC,False,37,Clear,-0.34,44,1.54
South Mills,North Carolina,NC,False,37,Clear,-1.33,52,2.95
Stumpy Point,North Carolina,NC,False,37,Clear,2.58,43,5.56
Wanchese,North Carolina,NC,False,37,Clear,2.65,45,6.69
Waves,North Carolina,NC,False,37,Clear,2.22,60,6.71
Winfall,North Carolina,NC,False,37,Clear,0.21,52,1.34
Albemarle,North Carolina,NC,False,37,Clear,-0.43,48,0.0
Ansonville,North Carolina,NC,False,37,Clear,0.8,47,0.0
Badin,North Carolina,NC,False,37,Clear,-0.78,49,0.0
Barium Springs,North Carolina,NC,False,37,Clear,0.62,38,2.57
Bessemer City,North Carolina,NC,False,37,Clear,1.51,35,0.0
Bostic,North Carolina,NC,False,37,Clear,1.63,31,0.45
Caroleen,North Carolina,NC,False,37,Clear,2.22,26,2.06
Casar,North Carolina,NC,False,37,Clear,0.81,29,3.13
China Grove,North Carolina,NC,False,37,Clear,0.65,41,1.54
Cliffside,North Carolina,NC,False,37,Clear,2.75,22,2.06
Cramerton,North Carolina,NC,False,37,Clear,1.64,46,0.45
Crouse,North Carolina,NC,False,37,Clear,0.81,40,2.57
Earl,North Carolina,NC,False,37,Clear,2.34,24,2.06
East Spencer,North Carolina,NC,False,37,Clear,-0.41,44,0.0
Ellenboro,West Virginia,WV,False,54,Clouds,-7.88,70,1.34
Fallston,Maryland,MD,False,24,Clouds,-3.87,52,0.89
Gastonia,North Carolina,NC,False,37,Clear,1.52,42,0.0
Huntersville,North Carolina,NC,False,37,Clear,1.06,44,0.0
Granite Quarry,North Carolina,NC,False,37,Clear,-0.76,47,1.81
Indian Trail,North Carolina,NC,False,37,Clear,2.24,40,2.06
Iron Station,North Carolina,NC,False,37,Clear,0.69,45,2.57
Kannapolis,North Carolina,NC,False,37,Clear,0.47,44,1.54
Landis,North Carolina,NC,False,37,Clear,0.42,43,1.54
Lattimore,North Carolina,NC,False,37,Clear,1.92,25,2.06
Lilesville,North Carolina,NC,False,37,Clear,0.29,47,0.0
Locust,North Carolina,NC,False,37,Clear,0.48,42,0.89
Marshville,North Carolina,NC,False,37,Clear,1.11,48,1.03
Misenheimer,North Carolina,NC,False,37,Clear,-0.28,51,0.0
Mooresboro,North Carolina,NC,False,37,Clear,2.13,25,2.06
Mount Mourne,North Carolina,NC,False,37,Clear,0.79,46,0.22
Mount Ulla,North Carolina,NC,False,37,Clear,0.82,42,1.54
Oakboro,North Carolina,NC,False,37,Clear,0.19,41,0.82
Paw Creek,North Carolina,NC,False,37,Clear,1.49,44,0.87
Peachland,North Carolina,NC,False,37,Clear,0.94,47,0.0
Polkton,North Carolina,NC,False,37,Clear,1.61,47,0.0
Polkville,North Carolina,NC,False,37,Clear,1.09,27,1.34
Rutherfordton,North Carolina,NC,False,37,Clear,1.7,31,2.14
Spindale,North Carolina,NC,False,37,Clear,1.43,33,2.14
Troutman,North Carolina,NC,False,37,Clear,1.22,36,2.57
Wadesboro,North Carolina,NC,False,37,Clear,0.31,47,0.0
Waxhaw,North Carolina,NC,False,37,Clear,1.68,42,2.06
Autryville,North Carolina,NC,False,37,Clear,3.64,39,2.69
Bladenboro,North Carolina,NC,False,37,Clear,3.04,40,2.58
Bunnlevel,North Carolina,NC,False,37,Clear,1.95,32,2.57
Calypso,North Carolina,NC,False,37,Clear,2.35,38,2.94
Ellerbe,North Carolina,NC,False,37,Clear,2.67,42,1.41
Faison,North Carolina,NC,False,37,Clear,2.15,38,2.06
Godwin,North Carolina,NC,False,37,Clear,1.38,40,2.57
Hope Mills,North Carolina,NC,False,37,Clear,2.41,43,1.54
Laurinburg,North Carolina,NC,False,37,Clear,1.04,45,3.09
Lemon Springs,North Carolina,NC,False,37,Clear,1.69,42,2.63
Lumber Bridge,North Carolina,NC,False,37,Clear,1.87,48,3.06
Maxton,North Carolina,NC,False,37,Clear,2.02,41,3.09
Newton Grove,North Carolina,NC,False,37,Clear,0.65,38,2.85
Orrum,North Carolina,NC,False,37,Clear,5.05,33,4.63
Parkton,Maryland,MD,False,24,Clouds,-4.4,59,3.13
Pinebluff,North Carolina,NC,False,37,Clear,2.66,34,1.54
Raeford,North Carolina,NC,False,37,Clear,2.05,51,2.89
Red Springs,North Carolina,NC,False,37,Clear,2.35,43,3.09
Rockingham,North Carolina,NC,False,37,Clear,3.05,30,0.0
Roseboro,North Carolina,NC,False,37,Clear,2.05,38,1.54
Rowland,Pennsylvania,PA,False,42,Clouds,-4.35,64,6.7
Saint Pauls,North Carolina,NC,False,37,Clear,1.78,46,2.89
Salemburg,North Carolina,NC,False,37,Clear,1.97,38,1.54
Southern Pines,North Carolina,NC,False,37,Clear,1.94,33,1.54
Stedman,North Carolina,NC,False,37,Clear,4.0,30,1.54
Tar Heel,North Carolina,NC,False,37,Clear,2.0,45,2.57
Vass,North Carolina,NC,False,37,Clear,2.23,32,0.0
Wade,North Carolina,NC,False,37,Clear,3.65,30,3.6
Wagram,North Carolina,NC,False,37,Clear,2.79,41,3.09
Ash,North Carolina,NC,False,37,Clear,3.54,48,1.72
Bolivia,North Carolina,NC,False,37,Clear,2.28,51,1.03
Burgaw,North Carolina,NC,False,37,Clear,-0.04,48,1.35
Carolina Beach,North Carolina,NC,False,37,Clear,3.57,47,0.45
Castle Hayne,North Carolina,NC,False,37,Clear,3.42,42,4.12
Chadbourn,North Carolina,NC,False,37,Clear,3.67,35,1.54
Delco,North Carolina,NC,False,37,Clear,0.37,47,1.65
Fair Bluff,North Carolina,NC,False,37,Clear,2.7,49,2.06
Hallsboro,North Carolina,NC,False,37,Clear,4.06,35,1.54
Hampstead,New Hampshire,NH,False,33,Clouds,-5.23,59,2.57
Harrells,North Carolina,NC,False,37,Clear,0.63,41,1.99
Kure Beach,North Carolina,NC,False,37,Clear,2.92,39,1.03
Lake Waccamaw,North Carolina,NC,False,37,Clear,4.06,44,1.97
Nakina,North Carolina,NC,False,37,Clear,3.55,35,1.54
Riegelwood,North Carolina,NC,False,37,Clear,0.39,46,1.69
Rocky Point,New York,NY,False,36,Clouds,-1.47,48,6.69
Shallotte,North Carolina,NC,False,37,Clear,2.18,57,2.17
Sneads Ferry,North Carolina,NC,False,37,Clear,1.45,50,0.45
Southport,Maine,ME,False,23,Clear,-6.76,63,5.36
Supply,North Carolina,NC,False,37,Clear,1.69,59,1.51
Tabor City,North Carolina,NC,False,37,Clear,2.64,48,0.45
Teachey,North Carolina,NC,False,37,Clear,2.77,42,2.13
Calabash,North Carolina,NC,False,37,Clear,3.7,44,1.54
Ocean Isle Beach,North Carolina,NC,False,37,Clear,2.25,56,3.32
Winnabow,North Carolina,NC,False,37,Clear,3.16,49,1.32
Wrightsville Beach,North Carolina,NC,False,37,Clear,2.48,46,4.12
Albertson,New York,NY,False,36,Clouds,-1.47,44,8.23
Ayden,North Carolina,NC,False,37,Clear,-0.09,51,0.0
Bayboro,North Carolina,NC,False,37,Clear,1.62,48,1.96
Beulaville,North Carolina,NC,False,37,Clear,0.74,49,2.58
Cedar Island,North Carolina,NC,False,37,Clear,-0.53,45,4.34
Chinquapin,North Carolina,NC,False,37,Clear,0.66,52,2.28
Cove City,North Carolina,NC,False,37,Clear,1.59,44,2.4
Deep Run,North Carolina,NC,False,37,Clear,1.74,40,3.06
Ernul,North Carolina,NC,False,37,Clear,1.86,44,2.38
Gloucester,Massachusetts,MA,False,25,Clouds,-3.75,58,4.92
Grantsboro,North Carolina,NC,False,37,Clear,1.88,40,3.6
Grifton,North Carolina,NC,False,37,Clear,-0.12,51,2.98
Harkers Island,North Carolina,NC,False,37,Clear,2.53,47,4.63
Hobucken,North Carolina,NC,False,37,Clear,-0.56,48,5.28
Hookerton,North Carolina,NC,False,37,Clear,0.4,49,2.8
Hubert,North Carolina,NC,False,37,Clear,1.74,47,2.97
Camp Lejeune,North Carolina,NC,False,37,Clear,1.37,51,2.77
Tarawa Terrace,North Carolina,NC,False,37,Clear,0.22,54,2.24
Midway Park,North Carolina,NC,False,37,Clear,0.45,54,2.35
Marshallberg,North Carolina,NC,False,37,Clear,2.59,48,4.63
Maury,North Carolina,NC,False,37,Clear,0.49,49,2.95
Morehead City,North Carolina,NC,False,37,Clear,2.07,47,4.63
New Bern,North Carolina,NC,False,37,Clear,1.99,40,3.6
Oriental,North Carolina,NC,False,37,Clear,-0.14,56,3.38
Pink Hill,North Carolina,NC,False,37,Clear,1.18,47,2.98
Pollocksville,North Carolina,NC,False,37,Clear,1.73,42,3.6
Richlands,Virginia,VA,False,51,Clouds,-5.31,57,2.63
Salter Path,North Carolina,NC,False,37,Clear,1.54,49,0.89
Sealevel,North Carolina,NC,False,37,Clear,2.28,54,6.59
Seven Springs,North Carolina,NC,False,37,Clear,-1.52,46,0.45
Snow Hill,Maryland,MD,False,24,Clouds,-2.09,56,6.71
Swansboro,North Carolina,NC,False,37,Clear,2.02,47,2.24
Vanceboro,Maine,ME,False,23,Clouds,-10.38,53,4.4
Vandemere,North Carolina,NC,False,37,Clear,-0.55,61,3.13
Emerald Isle,North Carolina,NC,False,37,Clear,1.87,48,2.24
Banner Elk,North Carolina,NC,False,37,Clear,-7.92,70,4.92
Blowing Rock,North Carolina,NC,False,37,Clear,-7.45,69,4.02
Boomer,West Virginia,WV,False,54,Clouds,-3.58,70,0.45
Collettsville,North Carolina,NC,False,37,Clear,-0.19,43,0.0
Crossnore,North Carolina,NC,False,37,Clear,-6.13,61,5.36
Crumpler,North Carolina,NC,False,37,Clear,-3.97,54,7.2
Elkin,North Carolina,NC,False,37,Clear,0.7,41,4.27
Elk Park,North Carolina,NC,False,37,Clear,-6.48,68,0.89
Ennice,North Carolina,NC,False,37,Clear,-3.84,47,4.92
Statesville,North Carolina,NC,False,37,Clear,0.16,41,0.91
Fleetwood,Pennsylvania,PA,False,42,Snow,-3.37,62,5.36
Glade Valley,North Carolina,NC,False,37,Clear,-4.13,48,4.92
Glen Alpine,North Carolina,NC,False,37,Clear,0.26,40,1.79
Glendale Springs,North Carolina,NC,False,37,Clear,-5.13,49,7.2
Grassy Creek,North Carolina,NC,False,37,Clear,-2.81,40,2.68
Lenoir,North Carolina,NC,False,37,Clear,-0.05,41,0.89
Hiddenite,North Carolina,NC,False,37,Clear,0.77,37,2.57
Hildebran,North Carolina,NC,False,37,Clear,0.44,41,0.45
Jonas Ridge,North Carolina,NC,False,37,Clear,-6.09,52,5.36
Laurel Springs,North Carolina,NC,False,37,Clear,-4.86,46,7.2
Linville,Virginia,VA,False,51,Clear,-5.65,49,1.54
Linville Falls,North Carolina,NC,False,37,Clear,-4.84,51,2.68
Maiden,North Carolina,NC,False,37,Clear,1.59,37,2.57
Millers Creek,North Carolina,NC,False,37,Clear,-0.5,41,1.54
Moravian Falls,North Carolina,NC,False,37,Clear,0.12,41,2.24
North Wilkesboro,North Carolina,NC,False,37,Clear,0.41,42,2.24
Newland,North Carolina,NC,False,37,Clear,-7.1,66,5.36
Pineola,North Carolina,NC,False,37,Clear,-6.85,61,5.36
Piney Creek,North Carolina,NC,False,37,Clear,-4.6,45,7.2
Plumtree,North Carolina,NC,False,37,Clear,-5.33,61,5.36
Purlear,North Carolina,NC,False,37,Clear,-0.56,41,1.54
Icard,North Carolina,NC,False,37,Clear,0.4,40,0.89
Rhodhiss,North Carolina,NC,False,37,Clear,0.46,42,0.89
Roaring Gap,North Carolina,NC,False,37,Clear,-3.92,46,2.58
Roaring River,North Carolina,NC,False,37,Clear,0.4,41,1.79
Ronda,North Carolina,NC,False,37,Clear,0.69,39,1.54
Rutherford College,North Carolina,NC,False,37,Clear,0.44,38,2.24
Sherrills Ford,North Carolina,NC,False,37,Clear,0.53,40,2.57
State Road,North Carolina,NC,False,37,Clear,-0.15,41,3.47
Stony Point,New York,NY,False,36,Clear,-1.63,50,0.89
Thurmond,West Virginia,WV,False,54,Clouds,-5.03,55,4.22
Todd,Pennsylvania,PA,False,42,Clouds,-6.51,60,6.78
Traphill,North Carolina,NC,False,37,Clear,-0.12,40,1.79
Turnersburg,North Carolina,NC,False,37,Clear,0.1,43,4.17
Valdese,North Carolina,NC,False,37,Clear,0.33,38,2.24
Valle Crucis,North Carolina,NC,False,37,Clear,-5.92,70,4.92
Warrensville,North Carolina,NC,False,37,Clear,-4.3,54,7.2
Wilkesboro,North Carolina,NC,False,37,Clear,0.23,42,2.24
Zionville,North Carolina,NC,False,37,Clear,-7.03,71,4.75
Arden,New York,NY,False,36,Clouds,-2.68,52,6.12
Balsam,North Carolina,NC,False,37,Clear,-3.98,42,0.45
Balsam Grove,North Carolina,NC,False,37,Clear,-2.4,52,1.52
Barnardsville,North Carolina,NC,False,37,Clear,-2.6,39,1.34
Bat Cave,North Carolina,NC,False,37,Clear,-0.1,35,2.61
Black Mountain,North Carolina,NC,False,37,Clear,-2.03,36,3.58
Brevard,North Carolina,NC,False,37,Clear,-1.1,49,0.45
Bryson City,North Carolina,NC,False,37,Clear,0.1,46,2.22
Cashiers,North Carolina,NC,False,37,Clear,-2.34,29,2.48
Cedar Mountain,North Carolina,NC,False,37,Clear,-2.35,44,1.67
Chimney Rock,North Carolina,NC,False,37,Clear,-1.87,33,2.56
Cullowhee,North Carolina,NC,False,37,Clear,-0.09,31,0.0
East Flat Rock,North Carolina,NC,False,37,Clear,-1.28,39,4.12
Edneyville,North Carolina,NC,False,37,Clear,-1.42,37,4.12
Enka,North Carolina,NC,False,37,Clear,-1.62,42,4.12
Fontana Dam,North Carolina,NC,False,37,Clear,-2.35,46,0.62
Gerton,North Carolina,NC,False,37,Clear,-2.66,36,2.24
Green Mountain,North Carolina,NC,False,37,Clear,-3.24,44,1.98
Horse Shoe,North Carolina,NC,False,37,Clear,-1.31,42,2.7
Lake Junaluska,North Carolina,NC,False,37,Clear,-2.34,36,1.61
Lake Lure,North Carolina,NC,False,37,Clear,1.41,32,0.89
Lake Toxaway,North Carolina,NC,False,37,Clear,-1.0,23,1.95
Leicester,Massachusetts,MA,False,25,Clouds,-4.49,61,1.34
Little Switzerland,North Carolina,NC,False,37,Clear,-4.4,39,0.89
Maggie Valley,North Carolina,NC,False,37,Clear,-3.13,51,0.45
Mars Hill,Maine,ME,False,23,Clouds,-14.69,76,4.24
Micaville,North Carolina,NC,False,37,Clear,-3.35,44,0.89
Montreat,North Carolina,NC,False,37,Clear,-2.82,36,2.68
Mills River,North Carolina,NC,False,37,Clear,-1.44,43,2.9
Penland,North Carolina,NC,False,37,Clear,-3.01,39,2.68
Pisgah Forest,North Carolina,NC,False,37,Clear,-1.23,48,0.45
Robbinsville,North Carolina,NC,False,37,Clear,-0.09,47,1.5
Rosman,North Carolina,NC,False,37,Clear,-1.24,50,1.38
Sapphire,North Carolina,NC,False,37,Clear,-1.18,20,2.43
Scaly Mountain,North Carolina,NC,False,37,Clear,-2.51,34,3.13
Skyland,North Carolina,NC,False,37,Clear,-2.15,41,5.14
Swannanoa,North Carolina,NC,False,37,Clear,-2.22,38,2.68
Sylva,North Carolina,NC,False,37,Clear,-0.37,39,2.06
Topton,Pennsylvania,PA,False,42,Clouds,-3.49,59,4.02
Tuckasegee,North Carolina,NC,False,37,Clear,-0.04,27,2.06
Tuxedo,North Carolina,NC,False,37,Clear,-0.84,39,1.79
Zirconia,North Carolina,NC,False,37,Clear,-1.15,39,1.79
Asheville,North Carolina,NC,False,37,Clear,-2.14,42,5.14
Brasstown,North Carolina,NC,False,37,Clear,-0.62,44,1.26
Culberson,North Carolina,NC,False,37,Clear,-0.1,43,0.45
Warne,North Carolina,NC,False,37,Clear,-0.47,45,1.54
Alcolu,South Carolina,SC,False,45,Clear,2.95,41,0.0
Ballentine,South Carolina,SC,False,45,Clear,0.85,65,0.83
Bamberg,South Carolina,SC,False,45,Clear,4.48,37,0.66
Batesburg,South Carolina,SC,False,45,Clear,1.0,65,1.49
Bishopville,Maryland,MD,False,24,Clouds,-2.76,57,8.2
Blackstock,South Carolina,SC,False,45,Clear,1.28,41,0.39
Blythewood,South Carolina,SC,False,45,Clear,1.53,57,0.0
Cassatt,South Carolina,SC,False,45,Clear,0.84,44,0.0
Cayce,South Carolina,SC,False,45,Clear,2.44,59,2.06
Chappells,South Carolina,SC,False,45,Clear,2.49,56,1.34
Davis Station,South Carolina,SC,False,45,Clear,2.92,41,0.0
Eastover,South Carolina,SC,False,45,Clear,2.38,48,0.0
Elloree,South Carolina,SC,False,45,Clear,3.06,41,0.84
Eutawville,South Carolina,SC,False,45,Clear,3.52,40,1.45
Gable,South Carolina,SC,False,45,Clear,0.58,34,1.62
Greeleyville,South Carolina,SC,False,45,Clear,-0.03,64,0.0
Heath Springs,South Carolina,SC,False,45,Clear,-0.34,42,1.35
Holly Hill,South Carolina,SC,False,45,Clear,2.54,56,2.72
Irmo,South Carolina,SC,False,45,Clear,1.52,65,2.06
Jenkinsville,South Carolina,SC,False,45,Clear,0.95,61,0.0
Kershaw,South Carolina,SC,False,45,Clear,1.64,41,1.71
Little Mountain,South Carolina,SC,False,45,Clear,0.73,65,1.03
Lugoff,South Carolina,SC,False,45,Clear,1.67,46,0.0
Ehrhardt,South Carolina,SC,False,45,Clear,3.98,38,0.21
Lodge,South Carolina,SC,False,45,Clear,5.2,38,0.18
Mayesville,South Carolina,SC,False,45,Clear,2.95,49,1.65
Monetta,South Carolina,SC,False,45,Clear,1.11,39,2.01
Neeses,South Carolina,SC,False,45,Clear,3.47,47,0.0
New Zion,South Carolina,SC,False,45,Clear,0.55,57,1.97
North,Virginia,VA,False,51,Clear,-6.88,68,2.06
Olanta,Pennsylvania,PA,False,42,Clouds,-7.5,77,4.12
Orangeburg,New York,NY,False,36,Clear,-1.56,48,3.13
Peak,South Carolina,SC,False,45,Clear,1.08,64,1.02
Pelion,South Carolina,SC,False,45,Clear,1.57,37,0.88
Pinewood,South Carolina,SC,False,45,Clear,2.46,39,0.7
Pomaria,South Carolina,SC,False,45,Clear,1.1,61,1.08
Prosperity,Pennsylvania,PA,False,42,Clouds,-6.57,71,4.12
Rembert,South Carolina,SC,False,45,Clear,2.33,48,0.0
Ridge Spring,South Carolina,SC,False,45,Clear,2.75,39,2.38
Rion,South Carolina,SC,False,45,Clear,1.99,53,0.0
Rowesville,South Carolina,SC,False,45,Clear,3.76,52,0.0
Saint Matthews,South Carolina,SC,False,45,Clear,3.24,40,0.42
Salley,South Carolina,SC,False,45,Clear,4.16,41,1.47
Saluda,Virginia,VA,False,51,Clear,-2.43,53,0.45
Silverstreet,South Carolina,SC,False,45,Clear,3.13,65,1.22
State Park,South Carolina,SC,False,45,Clear,2.43,55,0.0
Summerton,South Carolina,SC,False,45,Clear,2.92,41,0.0
Sumter,South Carolina,SC,False,45,Clear,2.97,49,0.0
Swansea,Massachusetts,MA,False,25,Clouds,-2.4,53,3.6
Timmonsville,South Carolina,SC,False,45,Clear,1.89,51,0.45
Turbeville,South Carolina,SC,False,45,Clear,0.5,57,2.05
Wagener,South Carolina,SC,False,45,Clear,3.75,35,1.55
Wedgefield,South Carolina,SC,False,45,Clear,0.59,57,0.0
White Rock,South Carolina,SC,False,45,Clear,0.67,65,0.89
Whitmire,South Carolina,SC,False,45,Clear,0.84,51,1.24
Spartanburg,South Carolina,SC,False,45,Clear,2.91,29,1.87
Boiling Springs,Pennsylvania,PA,False,42,Clouds,-3.77,55,3.58
Campobello,South Carolina,SC,False,45,Clear,2.71,30,0.89
Chesnee,South Carolina,SC,False,45,Clear,2.69,19,2.19
Cowpens,South Carolina,SC,False,45,Clear,3.09,25,1.9
Cross Anchor,South Carolina,SC,False,45,Clear,0.62,55,2.06
Cross Hill,South Carolina,SC,False,45,Clear,2.09,34,2.06
Enoree,South Carolina,SC,False,45,Clear,2.25,49,1.88
Fairforest,South Carolina,SC,False,45,Clear,2.76,30,1.94
Fingerville,South Carolina,SC,False,45,Clear,2.78,20,2.13
Gaffney,South Carolina,SC,False,45,Clear,2.69,20,2.02
Gramling,South Carolina,SC,False,45,Clear,2.35,31,2.27
Joanna,South Carolina,SC,False,45,Clear,1.69,52,2.06
Kinards,South Carolina,SC,False,45,Clear,2.44,49,0.91
Landrum,South Carolina,SC,False,45,Clear,2.29,30,0.89
Mountville,Pennsylvania,PA,False,42,Clouds,-3.72,60,9.26
Pacolet,South Carolina,SC,False,45,Clear,2.56,37,1.54
Pacolet Mills,South Carolina,SC,False,45,Clear,3.19,36,1.54
Pauline,South Carolina,SC,False,45,Clear,2.86,29,1.95
Reidville,South Carolina,SC,False,45,Clear,2.38,37,1.54
Roebuck,South Carolina,SC,False,45,Clear,2.7,32,2.04
Startex,South Carolina,SC,False,45,Clear,2.47,34,2.06
Wellford,South Carolina,SC,False,45,Clear,2.46,34,2.06
White Stone,Virginia,VA,False,51,Clear,-1.15,49,3.89
Hanahan,South Carolina,SC,False,45,Clear,4.76,52,0.0
North Charleston,South Carolina,SC,False,45,Clear,4.72,53,0.0
Adams Run,South Carolina,SC,False,45,Clear,1.6,69,1.11
Awendaw,South Carolina,SC,False,45,Clear,2.46,68,2.2
Bethera,South Carolina,SC,False,45,Clear,1.82,60,1.13
Bonneau,South Carolina,SC,False,45,Clear,2.04,58,0.0
Canadys,South Carolina,SC,False,45,Clear,2.95,61,0.0
Cordesville,South Carolina,SC,False,45,Clear,3.88,56,0.0
Cottageville,West Virginia,WV,False,54,Clouds,-5.23,64,0.89
Cross,South Carolina,SC,False,45,Clear,2.38,66,0.0
Edisto Island,South Carolina,SC,False,45,Clear,5.54,59,2.02
Folly Beach,South Carolina,SC,False,45,Clouds,4.45,55,0.0
Goose Creek,South Carolina,SC,False,45,Clear,4.84,53,0.0
Harleyville,South Carolina,SC,False,45,Clear,3.78,56,0.83
Huger,South Carolina,SC,False,45,Clear,3.74,44,0.98
Isle Of Palms,South Carolina,SC,False,45,Clear,4.22,57,0.0
Jacksonboro,South Carolina,SC,False,45,Clear,1.79,69,1.0
Johns Island,South Carolina,SC,False,45,Clear,4.64,52,0.0
Ladson,South Carolina,SC,False,45,Clear,4.65,55,0.0
Moncks Corner,South Carolina,SC,False,45,Clear,3.84,57,0.0
Pinopolis,South Carolina,SC,False,45,Clear,3.8,58,0.0
Ravenel,South Carolina,SC,False,45,Clear,4.65,44,1.03
Reevesville,South Carolina,SC,False,45,Clear,3.86,59,0.75
Round O,South Carolina,SC,False,45,Clear,2.2,65,0.0
Ruffin,North Carolina,NC,False,37,Clouds,-1.16,42,2.69
Smoaks,South Carolina,SC,False,45,Clear,1.98,41,0.5
Sullivans Island,South Carolina,SC,False,45,Clear,4.33,57,0.0
Wadmalaw Island,South Carolina,SC,False,45,Clear,5.15,59,1.41
Walterboro,South Carolina,SC,False,45,Clear,2.04,64,0.0
Aynor,South Carolina,SC,False,45,Clear,0.52,62,2.38
Bennettsville,South Carolina,SC,False,45,Clear,0.22,69,0.0
Blenheim,South Carolina,SC,False,45,Clear,0.44,67,0.0
Cades,South Carolina,SC,False,45,Clear,-0.02,64,0.0
Centenary,South Carolina,SC,False,45,Clear,2.08,48,0.0
Coward,South Carolina,SC,False,45,Clear,0.62,57,1.94
Fork,Maryland,MD,False,24,Clear,-3.7,51,4.63
Galivants Ferry,South Carolina,SC,False,45,Clear,1.02,56,0.0
Green Sea,South Carolina,SC,False,45,Clear,2.5,51,2.16
Hemingway,South Carolina,SC,False,45,Clear,3.5,34,2.26
Kingstree,South Carolina,SC,False,45,Clear,0.03,64,0.0
Latta,South Carolina,SC,False,45,Clear,1.97,48,0.0
Longs,South Carolina,SC,False,45,Clear,3.46,45,0.0
Loris,South Carolina,SC,False,45,Clear,2.1,52,1.99
Myrtle Beach,South Carolina,SC,False,45,Clear,3.11,57,2.8
Mullins,South Carolina,SC,False,45,Clear,1.76,48,0.0
Murrells Inlet,South Carolina,SC,False,45,Clear,2.82,52,3.29
Nesmith,South Carolina,SC,False,45,Clear,3.83,32,2.29
North Myrtle Beach,South Carolina,SC,False,45,Clear,3.84,42,0.0
Pamplico,South Carolina,SC,False,45,Clear,0.58,37,2.01
Patrick,South Carolina,SC,False,45,Clear,0.15,61,0.0
Pawleys Island,South Carolina,SC,False,45,Clear,2.09,59,3.54
Rains,South Carolina,SC,False,45,Clear,1.97,48,0.0
Salters,South Carolina,SC,False,45,Clear,0.03,64,0.0
Sellers,South Carolina,SC,False,45,Clear,2.01,48,0.0
Society Hill,South Carolina,SC,False,45,Clear,0.16,67,0.0
Calhoun Falls,South Carolina,SC,False,45,Clear,6.1,45,3.05
Clemson,South Carolina,SC,False,45,Clear,3.89,35,0.0
Conestee,South Carolina,SC,False,45,Clear,2.41,43,2.06
Donalds,South Carolina,SC,False,45,Clear,2.6,47,2.63
Due West,South Carolina,SC,False,45,Clear,2.66,47,2.78
Easley,South Carolina,SC,False,45,Clear,2.83,39,0.0
Fountain Inn,South Carolina,SC,False,45,Clear,2.21,42,2.09
Gray Court,South Carolina,SC,False,45,Clear,1.97,48,1.4
Honea Path,South Carolina,SC,False,45,Clear,2.4,47,2.34
Iva,South Carolina,SC,False,45,Clear,6.08,43,4.08
La France,South Carolina,SC,False,45,Clear,3.32,36,0.67
Lowndesville,South Carolina,SC,False,45,Clear,6.03,31,3.6
Mauldin,South Carolina,SC,False,45,Clear,2.22,43,2.06
Mountain Rest,South Carolina,SC,False,45,Clear,2.07,30,0.89
Newry,Maine,ME,False,23,Clouds,-9.74,68,4.13
Ninety Six,South Carolina,SC,False,45,Clear,2.87,54,0.45
Pelzer,South Carolina,SC,False,45,Clear,3.06,40,3.09
Sandy Springs,South Carolina,SC,False,45,Clear,2.95,36,1.08
Six Mile,South Carolina,SC,False,45,Clear,3.48,29,0.0
Starr,South Carolina,SC,False,45,Clear,3.01,44,4.05
Tamassee,South Carolina,SC,False,45,Clear,3.39,27,0.89
Taylors,South Carolina,SC,False,45,Clear,2.07,41,2.06
Tigerville,South Carolina,SC,False,45,Clear,1.97,37,0.45
Townville,Pennsylvania,PA,False,42,Snow,-8.46,95,5.2
Travelers Rest,South Carolina,SC,False,45,Clear,1.7,42,0.45
Ware Shoals,South Carolina,SC,False,45,Clear,2.7,53,2.29
Blacksburg,Virginia,VA,False,51,Clear,-3.55,49,4.63
Fort Mill,South Carolina,SC,False,45,Clear,1.07,47,1.77
Clover,Virginia,VA,False,51,Clear,-1.98,43,2.57
Edgemoor,South Carolina,SC,False,45,Clear,-0.69,43,0.0
Fort Lawn,South Carolina,SC,False,45,Clear,-0.46,47,0.0
Hickory Grove,South Carolina,SC,False,45,Clear,0.79,46,2.15
Lando,South Carolina,SC,False,45,Clear,-0.71,45,0.0
Mount Croghan,South Carolina,SC,False,45,Clear,1.03,43,1.18
Pageland,South Carolina,SC,False,45,Clear,0.52,43,1.45
Richburg,New York,NY,False,36,Clouds,-8.44,79,8.75
Rock Hill,New York,NY,False,36,Clouds,-6.12,83,6.74
Van Wyck,South Carolina,SC,False,45,Clear,0.05,53,0.0
New Ellenton,South Carolina,SC,False,45,Clear,3.7,55,1.8
Barnwell,South Carolina,SC,False,45,Clear,3.02,48,0.0
Hilda,South Carolina,SC,False,45,Clear,2.99,48,0.0
Blackville,South Carolina,SC,False,45,Clear,4.28,48,0.0
Edgefield,South Carolina,SC,False,45,Clear,2.64,46,2.09
Gloverville,South Carolina,SC,False,45,Clear,3.61,52,0.0
Graniteville,Vermont,VT,False,50,Snow,-10.94,84,2.57
North Augusta,South Carolina,SC,False,45,Clear,3.34,51,1.54
Beech Island,South Carolina,SC,False,45,Clear,3.28,52,1.54
Olar,South Carolina,SC,False,45,Clear,3.12,35,0.64
Plum Branch,South Carolina,SC,False,45,Clear,2.89,48,1.78
Ulmer,South Carolina,SC,False,45,Clear,3.96,56,0.0
Vaucluse,South Carolina,SC,False,45,Clear,3.51,50,0.0
Parris Island,South Carolina,SC,False,45,Clear,5.31,60,0.0
Brunson,South Carolina,SC,False,45,Clear,4.0,56,0.0
Coosawhatchie,South Carolina,SC,False,45,Clear,6.07,37,1.21
Crocketville,South Carolina,SC,False,45,Clear,4.06,56,0.0
Daufuskie Island,South Carolina,SC,False,45,Clear,6.09,53,2.21
Early Branch,South Carolina,SC,False,45,Clear,5.75,37,0.97
Estill,South Carolina,SC,False,45,Clear,4.06,38,1.86
Saint Helena Island,South Carolina,SC,False,45,Clear,5.68,55,0.45
Hilton Head Island,South Carolina,SC,False,45,Clear,5.52,61,2.76
Hardeeville,South Carolina,SC,False,45,Clear,5.18,52,1.11
Islandton,South Carolina,SC,False,45,Clear,2.06,38,0.33
Lobeco,South Carolina,SC,False,45,Clear,4.99,56,0.0
Miley,South Carolina,SC,False,45,Clear,4.11,37,0.48
Tillman,South Carolina,SC,False,45,Clear,3.4,72,1.4
Varnville,South Carolina,SC,False,45,Clear,4.05,37,1.1
Yemassee,South Carolina,SC,False,45,Clear,5.65,37,0.68
Avondale Estates,Georgia,GA,False,13,Clear,3.2,46,2.06
Alpharetta,Georgia,GA,False,13,Clear,2.52,49,2.57
Conyers,Georgia,GA,False,13,Clouds,3.55,44,3.09
Dacula,Georgia,GA,False,13,Clear,3.46,42,2.57
Suwanee,Georgia,GA,False,13,Clear,3.54,42,2.57
Social Circle,Georgia,GA,False,13,Clouds,3.78,42,3.09
Lithonia,Georgia,GA,False,13,Clear,3.83,42,2.74
Snellville,Georgia,GA,False,13,Clear,3.7,42,2.57
Lilburn,Georgia,GA,False,13,Clear,3.54,43,2.57
Newborn,Georgia,GA,False,13,Clouds,4.02,45,3.09
Porterdale,Georgia,GA,False,13,Clouds,4.1,42,3.09
Pine Lake,Georgia,GA,False,13,Clear,3.45,43,2.06
Redan,Georgia,GA,False,13,Clear,3.27,45,2.06
Scottdale,Pennsylvania,PA,False,42,Clouds,-6.58,76,3.13
Stone Mountain,Georgia,GA,False,13,Clear,3.28,45,2.06
Acworth,New Hampshire,NH,False,33,Clouds,-5.75,64,1.34
Adairsville,Georgia,GA,False,13,Clouds,1.75,59,0.0
Armuchee,Georgia,GA,False,13,Clouds,2.06,56,1.54
Austell,Georgia,GA,False,13,Clear,2.71,49,0.0
Ball Ground,Georgia,GA,False,13,Clear,1.51,43,1.54
Bowdon Junction,Georgia,GA,False,13,Clear,2.4,57,0.0
Cartersville,Virginia,VA,False,51,Clear,-0.56,38,2.06
Lithia Springs,Georgia,GA,False,13,Clear,2.27,49,0.0
Cave Spring,Georgia,GA,False,13,Clear,1.44,59,1.23
Cedartown,Georgia,GA,False,13,Clear,1.75,57,1.4
Mableton,Georgia,GA,False,13,Clear,2.76,47,0.0
Coosa,Georgia,GA,False,13,Clear,1.65,54,1.18
Douglasville,Georgia,GA,False,13,Clear,1.61,55,0.45
Esom Hill,Georgia,GA,False,13,Clear,0.21,66,1.24
Kennesaw,Georgia,GA,False,13,Clear,1.78,53,1.63
Mount Berry,Georgia,GA,False,13,Clouds,2.09,55,1.54
Mount Zion,West Virginia,WV,False,54,Clouds,-8.2,79,2.96
Rockmart,Georgia,GA,False,13,Clear,1.82,46,0.0
Roopville,Georgia,GA,False,13,Clear,2.24,54,0.0
Rydal,Georgia,GA,False,13,Clear,2.62,57,1.5
Talking Rock,Georgia,GA,False,13,Clear,0.81,47,0.0
Tate,Georgia,GA,False,13,Clear,1.21,45,1.54
Villa Rica,Georgia,GA,False,13,Clear,1.5,57,1.99
Waleska,Georgia,GA,False,13,Clear,2.11,46,1.54
Experiment,Georgia,GA,False,13,Clear,3.16,45,0.0
Flovilla,Georgia,GA,False,13,Clear,4.87,48,2.06
Gay,West Virginia,WV,False,54,Clouds,-6.4,72,2.59
Haralson,Georgia,GA,False,13,Clear,2.84,58,0.0
Hogansville,Georgia,GA,False,13,Clear,3.12,59,1.77
Jenkinsburg,Georgia,GA,False,13,Clear,4.0,46,2.1
Luthersville,Georgia,GA,False,13,Clear,2.11,60,1.9
Mcdonough,Georgia,GA,False,13,Clear,3.57,41,0.45
Meansville,Georgia,GA,False,13,Clear,2.88,55,1.54
Milner,Georgia,GA,False,13,Clear,3.33,48,0.0
Molena,Georgia,GA,False,13,Clear,3.76,61,1.54
Newnan,Georgia,GA,False,13,Clear,2.85,59,2.05
Orchard Hill,Georgia,GA,False,13,Clear,3.21,47,0.0
Peachtree City,Georgia,GA,False,13,Clear,3.2,54,0.0
Rex,North Carolina,NC,False,37,Clear,1.15,49,2.99
Senoia,Georgia,GA,False,13,Clear,3.18,54,0.0
Sunny Side,Georgia,GA,False,13,Clear,3.32,41,0.0
The Rock,Georgia,GA,False,13,Clear,2.55,57,1.54
Conley,Georgia,GA,False,13,Clear,3.74,53,2.43
Turin,New York,NY,False,36,Snow,-5.57,86,6.45
Ellenwood,Georgia,GA,False,13,Clear,2.53,48,0.0
Zebulon,North Carolina,NC,False,37,Clear,0.88,37,1.34
Swainsboro,Georgia,GA,False,13,Clear,3.03,65,0.0
Ailey,Georgia,GA,False,13,Clear,6.06,61,0.0
Alston,Georgia,GA,False,13,Clear,6.05,61,0.0
Brooklet,Georgia,GA,False,13,Clear,4.05,52,0.0
Claxton,Georgia,GA,False,13,Clear,2.86,75,0.0
Cobbtown,Georgia,GA,False,13,Clear,6.05,41,2.85
Hagan,Georgia,GA,False,13,Clear,2.84,75,0.0
Manassas,Virginia,VA,False,51,Clear,-3.66,50,6.69
Metter,Georgia,GA,False,13,Clear,2.82,41,2.76
Midville,Georgia,GA,False,13,Clear,3.23,41,2.93
Millen,Georgia,GA,False,13,Clear,6.48,42,2.72
Newington,New Hampshire,NH,False,33,Clouds,-5.34,58,0.89
Norristown,Pennsylvania,PA,False,42,Clouds,-2.65,54,4.47
Nunez,Georgia,GA,False,13,Clear,3.1,65,0.0
Oliver,Pennsylvania,PA,False,42,Clouds,-6.73,52,1.34
Register,Georgia,GA,False,13,Clear,4.0,52,0.0
Reidsville,North Carolina,NC,False,37,Clear,-0.06,35,2.06
Soperton,Georgia,GA,False,13,Clear,6.01,42,2.57
Statesboro,Georgia,GA,False,13,Clear,3.88,52,0.0
Stillmore,Georgia,GA,False,13,Clear,3.1,41,2.88
Tarrytown,New York,NY,False,36,Clouds,-2.02,49,6.17
Twin City,Georgia,GA,False,13,Clear,3.05,41,2.86
Uvalda,Georgia,GA,False,13,Clear,7.12,43,2.52
Chestnut Mountain,Georgia,GA,False,13,Clear,3.2,42,4.63
Blairsville,Pennsylvania,PA,False,42,Clouds,-6.71,80,5.11
Braselton,Georgia,GA,False,13,Clear,3.59,42,4.63
Canon,Georgia,GA,False,13,Clear,4.62,34,2.57
Carnesville,Georgia,GA,False,13,Clear,5.17,34,2.57
Cherry Log,Georgia,GA,False,13,Clear,-0.17,59,1.5
Clarkesville,Georgia,GA,False,13,Clear,2.7,41,3.03
Cornelia,Georgia,GA,False,13,Clear,2.58,35,1.34
Dahlonega,Georgia,GA,False,13,Clear,1.41,47,1.93
Dawsonville,Georgia,GA,False,13,Clear,1.19,47,1.96
Demorest,Georgia,GA,False,13,Clear,3.03,35,1.34
Ellijay,Georgia,GA,False,13,Clouds,0.38,47,0.0
Eastanollee,Georgia,GA,False,13,Clear,4.02,30,3.09
East Ellijay,Georgia,GA,False,13,Clouds,0.21,47,0.0
Flowery Branch,Georgia,GA,False,13,Clear,3.07,42,4.63
Gillsville,Georgia,GA,False,13,Clear,3.85,35,4.63
Helen,Maryland,MD,False,24,Clear,-2.54,51,2.57
Hiawassee,Georgia,GA,False,13,Clear,-0.78,46,1.74
Hoschton,Georgia,GA,False,13,Clear,3.63,43,0.0
Lakemont,New York,NY,False,36,Clouds,-4.77,68,8.75
Lavonia,Georgia,GA,False,13,Clear,4.64,35,2.57
Mineral Bluff,Georgia,GA,False,13,Clear,0.22,54,0.89
Morganton,North Carolina,NC,False,37,Clear,0.11,39,2.68
Pendergrass,Georgia,GA,False,13,Clear,3.71,40,4.63
Suches,Georgia,GA,False,13,Clear,-2.46,37,2.06
Tallulah Falls,Georgia,GA,False,13,Clear,1.82,37,3.09
Talmo,Georgia,GA,False,13,Clear,3.61,40,4.63
Tiger,Georgia,GA,False,13,Clear,0.94,40,2.16
Toccoa,Georgia,GA,False,13,Clear,3.66,32,3.09
Turnerville,Georgia,GA,False,13,Clear,1.72,41,3.09
Young Harris,Georgia,GA,False,13,Clear,-0.9,46,2.06
Arnoldsville,Georgia,GA,False,13,Clear,4.28,42,2.06
Bogart,Georgia,GA,False,13,Clear,3.39,41,0.0
Buckhead,Georgia,GA,False,13,Clear,2.89,48,2.06
Comer,Georgia,GA,False,13,Clear,5.31,34,3.64
Danielsville,Pennsylvania,PA,False,42,Clouds,-3.47,52,5.66
Dewy Rose,Georgia,GA,False,13,Clear,5.51,32,3.6
Elberton,Georgia,GA,False,13,Clear,5.82,31,3.6
Franklin Springs,New York,NY,False,36,Snow,-5.3,84,1.79
Hartwell,Georgia,GA,False,13,Clear,4.88,30,2.57
High Shoals,North Carolina,NC,False,37,Clear,0.3,45,2.57
Ila,Georgia,GA,False,13,Clear,4.6,35,4.13
Rayle,Georgia,GA,False,13,Clear,3.31,51,3.54
Royston,Georgia,GA,False,13,Clear,4.73,34,2.57
Siloam,North Carolina,NC,False,37,Clear,0.11,40,3.09
Statham,Georgia,GA,False,13,Clear,3.33,41,1.34
Tignall,Georgia,GA,False,13,Clear,5.9,52,2.95
Union Point,Georgia,GA,False,13,Clear,5.11,50,3.18
Maxeys,Georgia,GA,False,13,Clear,4.33,50,3.41
Watkinsville,Georgia,GA,False,13,Clear,4.38,42,3.37
Winder,Georgia,GA,False,13,Clear,3.09,41,0.0
Chickamauga,Georgia,GA,False,13,Clouds,1.43,56,2.06
Cohutta,Georgia,GA,False,13,Clear,-0.24,60,2.24
Eton,Georgia,GA,False,13,Clear,0.79,47,0.0
Flintstone,Maryland,MD,False,24,Clouds,-6.19,50,3.6
Lyerly,Georgia,GA,False,13,Clear,2.03,51,1.27
Resaca,Georgia,GA,False,13,Clouds,0.98,56,0.0
Rising Fawn,Georgia,GA,False,13,Clear,2.77,53,0.79
Rock Spring,Georgia,GA,False,13,Clouds,0.5,60,0.0
Rocky Face,Georgia,GA,False,13,Clear,0.26,58,0.45
Fort Oglethorpe,Georgia,GA,False,13,Clouds,1.31,55,2.06
Sugar Valley,Georgia,GA,False,13,Clouds,1.95,51,0.0
Tennga,Georgia,GA,False,13,Clear,-1.04,49,2.08
Trion,Georgia,GA,False,13,Clouds,2.01,53,0.0
Tunnel Hill,Georgia,GA,False,13,Clear,-0.02,61,0.45
Varnell,Georgia,GA,False,13,Clear,-0.03,61,0.45
Appling,Georgia,GA,False,13,Clear,4.69,47,1.54
Avera,Georgia,GA,False,13,Clear,5.26,41,3.29
Boneville,Georgia,GA,False,13,Clear,4.1,47,1.54
Camak,Georgia,GA,False,13,Clear,3.73,48,1.54
Gough,Georgia,GA,False,13,Clear,5.69,42,3.1
Grovetown,Georgia,GA,False,13,Clear,4.86,45,0.45
Hephzibah,Georgia,GA,False,13,Clear,4.13,52,2.67
Keysville,Virginia,VA,False,51,Clear,-1.7,39,3.92
Lincolnton,North Carolina,NC,False,37,Clear,0.32,41,2.57
Mesena,Georgia,GA,False,13,Clear,3.78,48,1.54
Wrens,Georgia,GA,False,13,Clear,5.31,42,3.31
Allentown,New Jersey,NJ,False,34,Clouds,-2.08,53,5.66
Bolingbroke,Georgia,GA,False,13,Clear,3.24,52,1.92
Bonaire,Georgia,GA,False,13,Clear,5.45,52,2.06
Byromville,Georgia,GA,False,13,Clear,4.92,47,1.78
Cadwell,Georgia,GA,False,13,Clear,2.89,65,0.0
Cordele,Georgia,GA,False,13,Clear,4.99,60,0.0
Clinchfield,Georgia,GA,False,13,Clear,5.4,55,0.0
Cochran,Georgia,GA,False,13,Clear,2.93,47,2.3
Culloden,West Virginia,WV,False,54,Clouds,-4.03,62,1.86
Davisboro,Georgia,GA,False,13,Clear,6.3,42,2.83
Dry Branch,Georgia,GA,False,13,Clear,6.76,36,2.06
Eatonton,Georgia,GA,False,13,Clear,5.22,42,2.3
East Dublin,Georgia,GA,False,13,Clear,5.03,51,1.34
Haddock,Georgia,GA,False,13,Clear,4.72,41,2.16
Hawkinsville,Georgia,GA,False,13,Clear,6.81,47,2.09
Irwinton,Georgia,GA,False,13,Clear,3.84,44,2.09
Juliette,Georgia,GA,False,13,Clear,4.73,53,1.94
Lilly,Pennsylvania,PA,False,42,Clouds,-9.32,83,8.32
Lizella,Georgia,GA,False,13,Clear,5.17,47,1.95
Mauk,Georgia,GA,False,13,Clear,0.77,69,0.0
Musella,Georgia,GA,False,13,Clear,3.6,57,1.81
Oglethorpe,Georgia,GA,False,13,Clear,6.31,48,1.74
Pineview,Georgia,GA,False,13,Clear,5.97,61,0.0
Pitts,Georgia,GA,False,13,Clear,4.85,47,1.84
Rentz,Georgia,GA,False,13,Clear,4.16,51,2.68
Rhine,Georgia,GA,False,13,Clear,3.15,47,2.01
Roberta,Georgia,GA,False,13,Clear,5.01,55,1.79
Shady Dale,Georgia,GA,False,13,Clear,5.03,52,2.31
Smarr,Georgia,GA,False,13,Clear,2.8,57,1.97
Warner Robins,Georgia,GA,False,13,Clear,6.01,49,2.06
Tennille,Georgia,GA,False,13,Clear,5.99,42,0.89
Toomsboro,Georgia,GA,False,13,Clear,4.19,44,2.15
Warthen,Georgia,GA,False,13,Clear,5.89,42,2.71
Yatesville,Georgia,GA,False,13,Clear,2.11,55,1.54
Allenhurst,New Jersey,NJ,False,34,Clouds,-1.74,45,5.14
Clyo,Georgia,GA,False,13,Clear,3.31,74,1.67
Ellabell,Georgia,GA,False,13,Clear,6.93,41,1.67
Hinesville,Georgia,GA,False,13,Clear,5.98,49,0.0
Guyton,Georgia,GA,False,13,Clear,3.27,74,1.8
Fort Stewart,Georgia,GA,False,13,Clear,5.93,49,0.0
Ludowici,Georgia,GA,False,13,Clear,5.18,45,1.42
Meldrim,Georgia,GA,False,13,Clear,4.81,51,0.0
Pooler,Georgia,GA,False,13,Clear,5.8,47,0.0
Riceboro,Georgia,GA,False,13,Clear,7.14,56,1.34
Richmond Hill,New York,NY,False,36,Clouds,-1.13,42,8.75
Sapelo Island,Georgia,GA,False,13,Clear,4.99,44,3.34
Tybee Island,Georgia,GA,False,13,Clear,6.04,50,3.34
Walthourville,Georgia,GA,False,13,Clear,5.9,49,0.0
Port Wentworth,Georgia,GA,False,13,Clear,5.82,47,0.0
Waycross,Georgia,GA,False,13,Clear,7.03,49,0.0
Ambrose,Georgia,GA,False,13,Clear,6.88,42,0.0
Baxley,Georgia,GA,False,13,Clear,6.1,58,2.3
Blackshear,Georgia,GA,False,13,Clear,5.5,62,0.0
Broxton,Georgia,GA,False,13,Clear,6.95,42,0.0
Saint Simons Island,Georgia,GA,False,13,Clear,5.03,60,0.0
Jekyll Island,Georgia,GA,False,13,Clear,5.02,42,2.56
Folkston,Georgia,GA,False,13,Clear,5.01,66,0.45
Hoboken,New Jersey,NJ,False,34,Clouds,-1.01,41,8.94
Hortense,Georgia,GA,False,13,Clear,5.05,45,1.2
Kings Bay,Georgia,GA,False,13,Clear,7.24,65,1.98
Lumber City,Georgia,GA,False,13,Clear,7.18,61,1.54
Mershon,Georgia,GA,False,13,Clear,5.74,44,2.34
Nahunta,Georgia,GA,False,13,Clear,7.09,46,1.22
Nicholls,Georgia,GA,False,13,Clear,6.0,49,0.0
Odum,Georgia,GA,False,13,Clear,4.86,70,0.0
Offerman,Georgia,GA,False,13,Clear,5.52,45,1.74
Surrency,Georgia,GA,False,13,Clear,6.13,58,2.02
Waresboro,Georgia,GA,False,13,Clear,5.98,56,0.0
West Green,Georgia,GA,False,13,Clear,6.99,42,0.0
White Oak,West Virginia,WV,False,54,Clear,-7.41,55,4.02
Valdosta,Georgia,GA,False,13,Clear,6.31,66,0.0
Alapaha,Georgia,GA,False,13,Clear,5.09,47,1.83
Axson,Georgia,GA,False,13,Clear,3.02,49,1.96
Du Pont,Georgia,GA,False,13,Clear,3.0,81,0.0
Hahira,Georgia,GA,False,13,Clear,6.37,63,2.06
Morven,North Carolina,NC,False,37,Clear,-0.43,82,0.0
Ray City,Georgia,GA,False,13,Clear,6.51,65,2.06
Statenville,Georgia,GA,False,13,Clear,6.11,48,1.81
Willacoochee,Georgia,GA,False,13,Clear,7.02,48,1.94
Moody AFB,Georgia,GA,False,13,Clear,6.32,66,2.13
Baconton,Georgia,GA,False,13,Clear,6.03,61,0.0
Barwick,Georgia,GA,False,13,Clear,6.02,45,1.92
Camilla,Georgia,GA,False,13,Clear,8.21,46,1.64
Doerun,Georgia,GA,False,13,Clear,5.78,46,1.49
Enigma,Georgia,GA,False,13,Clear,5.09,65,0.0
Fitzgerald,Georgia,GA,False,13,Clear,4.99,70,0.0
Funston,Georgia,GA,False,13,Clear,5.86,70,0.0
Hartsfield,Georgia,GA,False,13,Clear,5.85,46,1.59
Irwinville,Georgia,GA,False,13,Clear,5.18,68,0.0
Meigs,Georgia,GA,False,13,Clear,5.88,45,1.5
Moultrie,Georgia,GA,False,13,Clear,5.94,70,0.0
Norman Park,Georgia,GA,False,13,Clear,6.9,46,1.62
Ochlocknee,Georgia,GA,False,13,Clear,7.79,57,1.49
Ocilla,Georgia,GA,False,13,Clear,5.04,70,0.0
Pavo,Georgia,GA,False,13,Clear,6.06,70,0.0
Poulan,Georgia,GA,False,13,Clear,6.15,47,1.38
Rebecca,Georgia,GA,False,13,Clear,6.64,44,1.74
Sale City,Georgia,GA,False,13,Clear,6.85,46,1.57
Tifton,Georgia,GA,False,13,Clear,4.93,65,0.0
Ty Ty,Georgia,GA,False,13,Clear,4.85,70,0.0
Box Springs,Georgia,GA,False,13,Clear,4.32,78,1.7
Cataula,Georgia,GA,False,13,Clear,3.79,71,0.45
Ellaville,Georgia,GA,False,13,Clear,4.79,56,0.0
Ellerslie,Maryland,MD,False,24,Clouds,-5.71,58,3.6
Fortson,Georgia,GA,False,13,Clear,4.21,67,1.67
Louvale,Georgia,GA,False,13,Clear,4.34,74,0.57
Lumpkin,Georgia,GA,False,13,Clear,5.43,54,0.66
Pine Mountain,Georgia,GA,False,13,Clouds,1.97,69,1.03
Pine Mountain Valley,Georgia,GA,False,13,Clouds,2.14,69,1.03
Talbotton,Georgia,GA,False,13,Clear,3.67,56,1.85
Upatoi,Georgia,GA,False,13,Clear,4.2,78,0.45
Waverly Hall,Georgia,GA,False,13,Clear,3.62,78,1.72
Fort Benning,Georgia,GA,False,13,Haze,4.08,69,0.0
Fleming Island,Florida,FL,False,12,Clear,7.97,62,1.79
Ponte Vedra Beach,Florida,FL,False,12,Clear,9.46,58,0.0
Bostwick,Georgia,GA,False,13,Clear,4.0,35,3.19
Branford,Connecticut,CT,False,9,Clouds,-1.13,53,2.24
Bryceville,Florida,FL,False,12,Clear,5.02,72,0.0
Day,Florida,FL,False,12,Clear,6.6,44,2.22
Raiford,Florida,FL,False,12,Clear,7.25,59,1.83
Doctors Inlet,Florida,FL,False,12,Clear,7.88,60,2.06
Fernandina Beach,Florida,FL,False,12,Clear,7.1,65,1.34
Fort White,Florida,FL,False,12,Clear,6.17,70,3.01
Glen Saint Mary,Florida,FL,False,12,Clear,7.23,41,1.96
Yulee,Florida,FL,False,12,Clear,7.64,60,0.0
Green Cove Springs,Florida,FL,False,12,Clear,7.83,65,2.24
Lake Butler,Florida,FL,False,12,Clear,7.21,59,1.71
Lawtey,Florida,FL,False,12,Clear,7.03,59,1.82
Lulu,Florida,FL,False,12,Clear,5.31,67,0.0
Macclenny,Florida,FL,False,12,Clear,7.23,41,1.87
Orange Park,Florida,FL,False,12,Clear,8.3,61,1.91
Mayo,Maryland,MD,False,24,Clear,-2.69,50,5.14
Penney Farms,Florida,FL,False,12,Clear,7.65,62,1.94
Ponte Vedra,Florida,FL,False,12,Clear,9.45,58,0.0
Starke,Florida,FL,False,12,Clouds,6.2,63,0.0
White Springs,Florida,FL,False,12,Clear,5.24,44,1.85
Astor,Florida,FL,False,12,Clear,10.0,36,1.59
Barberville,Florida,FL,False,12,Clear,9.06,61,1.33
Bunnell,Florida,FL,False,12,Clear,8.05,71,0.0
Candler,North Carolina,NC,False,37,Clear,-2.07,44,5.14
Citra,Florida,FL,False,12,Clear,7.71,100,1.72
Daytona Beach,Florida,FL,False,12,Clear,10.69,64,1.54
Port Orange,Florida,FL,False,12,Clear,10.08,67,1.54
De Leon Springs,Florida,FL,False,12,Clear,8.98,61,1.68
East Palatka,Florida,FL,False,12,Clear,7.84,68,1.62
Palm Coast,Florida,FL,False,12,Clear,8.47,68,0.0
Flagler Beach,Florida,FL,False,12,Clear,8.13,70,0.0
Florahome,Florida,FL,False,12,Clear,7.74,60,2.11
Interlachen,Florida,FL,False,12,Clear,7.85,60,1.99
Lake Como,Pennsylvania,PA,False,42,Clouds,-6.99,73,4.47
Lady Lake,Florida,FL,False,12,Clear,9.42,66,2.57
The Villages,Florida,FL,False,12,Clear,9.46,66,2.45
New Smyrna Beach,Florida,FL,False,12,Clear,9.71,72,0.0
Ormond Beach,Florida,FL,False,12,Clear,10.56,64,1.54
Palatka,Florida,FL,False,12,Clear,7.84,68,1.6
Ocklawaha,Florida,FL,False,12,Clear,9.17,66,2.27
Pomona Park,Florida,FL,False,12,Clear,9.91,57,1.69
Orange Springs,Florida,FL,False,12,Clear,7.94,60,1.84
Putnam Hall,Florida,FL,False,12,Clouds,7.81,60,0.0
Sparr,Florida,FL,False,12,Clear,8.08,80,1.81
Welaka,Florida,FL,False,12,Clear,7.82,68,1.7
Weirsdale,Florida,FL,False,12,Clear,9.22,66,2.54
Atlantic Beach,New York,NY,False,36,Clouds,-0.8,42,9.77
Jacksonville Beach,Florida,FL,False,12,Clear,9.48,57,0.0
Neptune Beach,Florida,FL,False,12,Clear,9.5,56,0.0
Apalachicola,Florida,FL,False,12,Clear,8.03,76,0.0
Carrabelle,Florida,FL,False,12,Clear,11.65,40,2.42
Lanark Village,Florida,FL,False,12,Clear,11.65,72,2.46
Chattahoochee,Florida,FL,False,12,Clear,7.59,46,1.65
Crawfordville,Georgia,GA,False,13,Clear,3.56,50,3.19
Eastpoint,Florida,FL,False,12,Clear,8.03,76,0.0
Hosford,Florida,FL,False,12,Clear,8.19,45,1.98
Panacea,Florida,FL,False,12,Clear,10.57,68,3.08
Pinetta,Florida,FL,False,12,Clear,8.48,55,2.28
Saint Marks,Florida,FL,False,12,Clear,7.9,45,2.53
Shady Grove,Pennsylvania,PA,False,42,Clouds,-4.83,60,11.32
Sopchoppy,Florida,FL,False,12,Clear,10.53,68,2.1
Steinhatchee,Florida,FL,False,12,Clear,6.05,41,2.25
Telogia,Florida,FL,False,12,Clear,8.25,44,2.02
Wacissa,Florida,FL,False,12,Clear,7.16,47,1.53
Panama City,Florida,FL,False,12,Clouds,10.99,49,1.54
Panama City Beach,Florida,FL,False,12,Clear,11.68,47,0.89
Mexico Beach,Florida,FL,False,12,Clear,12.99,40,2.91
Alford,Florida,FL,False,12,Clear,6.55,45,1.94
Altha,Florida,FL,False,12,Clear,8.21,44,1.97
Blountstown,Florida,FL,False,12,Clear,8.19,45,2.01
Bonifay,Florida,FL,False,12,Clear,6.56,52,1.7
Chipley,Florida,FL,False,12,Clear,6.59,52,1.78
Defuniak Springs,Florida,FL,False,12,Clear,9.62,50,1.9
Mossy Head,Florida,FL,False,12,Clear,8.37,49,2.41
Ebro,Florida,FL,False,12,Clouds,7.94,71,0.0
Lynn Haven,Florida,FL,False,12,Clear,10.76,50,2.3
Noma,Florida,FL,False,12,Clear,6.81,63,1.66
Port Saint Joe,Florida,FL,False,12,Clear,8.01,40,1.15
Santa Rosa Beach,Florida,FL,False,12,Clear,11.16,73,3.76
Sneads,Florida,FL,False,12,Clear,7.75,46,1.69
Rosemary Beach,Florida,FL,False,12,Clear,11.11,42,3.74
Wewahitchka,Florida,FL,False,12,Clear,8.92,43,2.17
Pensacola,Florida,FL,False,12,Clouds,12.12,54,4.02
Cantonment,Florida,FL,False,12,Clouds,11.67,58,1.47
Century,Florida,FL,False,12,Clouds,10.91,50,2.13
Crestview,Florida,FL,False,12,Clouds,10.58,53,0.0
Destin,Florida,FL,False,12,Clouds,12.28,58,2.06
Fort Walton Beach,Florida,FL,False,12,Clouds,12.49,57,2.06
Miramar Beach,Florida,FL,False,12,Clouds,11.99,60,0.0
Gonzalez,Florida,FL,False,12,Clouds,11.83,53,0.0
Gulf Breeze,Florida,FL,False,12,Clouds,12.2,55,0.0
Laurel Hill,North Carolina,NC,False,37,Clear,0.03,34,0.89
Mary Esther,Florida,FL,False,12,Clouds,12.53,57,2.06
Molino,Florida,FL,False,12,Clouds,11.89,62,1.84
Niceville,Florida,FL,False,12,Clouds,12.13,55,0.45
Shalimar,Florida,FL,False,12,Clouds,12.37,56,2.06
Alachua,Florida,FL,False,12,Clear,7.91,52,2.2
Brooker,Florida,FL,False,12,Clear,7.31,60,1.64
Cedar Key,Florida,FL,False,12,Clear,12.73,38,3.79
Chiefland,Florida,FL,False,12,Clear,8.33,66,2.27
Cross City,Florida,FL,False,12,Clear,6.0,61,0.0
Earleton,Florida,FL,False,12,Clouds,6.79,63,0.0
Evinston,Florida,FL,False,12,Clear,7.71,100,1.63
Gulf Hammock,Florida,FL,False,12,Clear,11.76,38,3.08
High Springs,Florida,FL,False,12,Clear,7.92,51,2.75
Horseshoe Beach,Florida,FL,False,12,Clear,6.06,39,3.2
Island Grove,Florida,FL,False,12,Clear,7.42,100,1.7
Keystone Heights,Florida,FL,False,12,Clouds,6.55,63,0.0
Lochloosa,Florida,FL,False,12,Clear,7.63,37,1.7
Micanopy,Florida,FL,False,12,Clear,7.38,100,1.7
Morriston,Florida,FL,False,12,Clear,8.21,34,2.51
Old Town,Maine,ME,False,23,Clouds,-10.87,66,0.89
Orange Lake,Florida,FL,False,12,Clear,8.87,36,1.8
Otter Creek,Florida,FL,False,12,Clear,8.35,66,1.69
Suwannee,Florida,FL,False,12,Clear,5.97,56,0.0
Worthington Springs,Florida,FL,False,12,Clear,7.61,56,1.73
Altamonte Springs,Florida,FL,False,12,Clear,10.36,65,2.06
Apopka,Florida,FL,False,12,Clear,10.59,58,2.59
Cassadaga,New York,NY,False,36,Snow,-6.04,60,6.69
Casselberry,Florida,FL,False,12,Clear,10.46,64,2.06
Winter Springs,Florida,FL,False,12,Clear,10.92,62,2.06
Christmas,Florida,FL,False,12,Clear,10.15,68,2.24
Clarcona,Florida,FL,False,12,Clear,10.46,65,0.0
Debary,Florida,FL,False,12,Clear,10.67,62,2.06
Deland,Florida,FL,False,12,Clear,10.1,74,2.1
Deltona,Florida,FL,False,12,Clear,10.88,61,2.06
Goldenrod,Florida,FL,False,12,Clear,10.22,70,2.06
Lake Helen,Florida,FL,False,12,Clear,9.73,67,2.21
Mid Florida,Florida,FL,False,12,Clear,9.58,68,2.57
Lake Mary,Florida,FL,False,12,Clear,11.08,59,2.06
Lake Monroe,Florida,FL,False,12,Clear,10.51,65,2.35
Longwood,North Carolina,NC,False,37,Clear,-0.53,48,0.45
Mims,Florida,FL,False,12,Clear,9.21,70,2.13
Mount Dora,Florida,FL,False,12,Clear,9.54,67,2.57
Oviedo,Florida,FL,False,12,Clear,10.72,65,2.06
Osteen,Florida,FL,False,12,Clear,10.99,60,2.06
Scottsmoor,Florida,FL,False,12,Clear,8.31,78,2.58
Tangerine,Florida,FL,False,12,Clear,9.83,65,2.57
Tavares,Florida,FL,False,12,Clear,9.74,65,2.57
Titusville,New Jersey,NJ,False,34,Clouds,-2.17,55,3.09
Zellwood,Florida,FL,False,12,Clear,10.12,63,2.86
Indialantic,Florida,FL,False,12,Clear,11.72,58,4.12
Palm Bay,Florida,FL,False,12,Clear,11.33,56,3.09
Cape Canaveral,Florida,FL,False,12,Clear,10.87,63,3.09
Cocoa,Florida,FL,False,12,Clear,11.1,63,2.68
Cocoa Beach,Florida,FL,False,12,Clear,11.47,62,3.09
Satellite Beach,Florida,FL,False,12,Clear,11.84,59,4.12
Fellsmere,Florida,FL,False,12,Clear,11.76,72,3.9
Malabar,Florida,FL,False,12,Clear,11.43,56,3.09
Melbourne Beach,Florida,FL,False,12,Clear,11.62,58,4.12
Merritt Island,Florida,FL,False,12,Clear,11.1,63,3.09
Rockledge,Georgia,GA,False,13,Clear,5.1,42,2.64
Sharpes,Florida,FL,False,12,Clear,10.67,64,3.09
Vero Beach,Florida,FL,False,12,Clear,12.71,79,2.57
Winter Beach,Florida,FL,False,12,Clear,12.64,73,2.57
Long Key,Florida,FL,False,12,Clear,19.44,68,9.52
Hialeah,Florida,FL,False,12,Clear,17.76,68,3.09
Dania,Florida,FL,False,12,Clouds,17.17,63,2.57
Hallandale,Florida,FL,False,12,Clear,17.49,66,3.09
Pembroke Pines,Florida,FL,False,12,Clear,17.33,64,3.09
Islamorada,Florida,FL,False,12,Clouds,20.6,67,8.76
Key Largo,Florida,FL,False,12,Clouds,18.89,77,7.45
Key West,Florida,FL,False,12,Clear,18.24,64,4.12
Summerland Key,Florida,FL,False,12,Clear,18.2,75,4.02
Big Pine Key,Florida,FL,False,12,Clear,18.26,74,0.45
Key Colony Beach,Florida,FL,False,12,Clear,19.73,69,6.71
Marathon Shores,Florida,FL,False,12,Clear,19.69,69,6.26
Opa Locka,Florida,FL,False,12,Clear,17.7,67,3.09
Miami Gardens,Florida,FL,False,12,Clear,17.56,66,3.09
Pompano Beach,Florida,FL,False,12,Clear,16.93,68,3.6
Tavernier,Florida,FL,False,12,Clouds,18.89,67,8.31
Coral Springs,Florida,FL,False,12,Clear,16.49,68,3.6
Margate,Florida,FL,False,12,Clear,16.74,67,3.6
Coconut Creek,Florida,FL,False,12,Clear,16.82,68,3.6
Miami Beach,Florida,FL,False,12,Clear,17.92,72,3.09
Coral Gables,Florida,FL,False,12,Clouds,17.89,67,2.06
Key Biscayne,Florida,FL,False,12,Clear,17.73,73,7.49
North Miami Beach,Florida,FL,False,12,Clear,17.7,67,3.09
Fort Lauderdale,Florida,FL,False,12,Clouds,17.07,64,3.6
Plantation,Florida,FL,False,12,Clear,17.01,64,3.6
West Palm Beach,Florida,FL,False,12,Clouds,15.32,79,4.63
North Palm Beach,Florida,FL,False,12,Clouds,15.07,82,4.63
Palm Beach Gardens,Florida,FL,False,12,Clouds,14.79,77,4.63
Royal Palm Beach,Florida,FL,False,12,Clouds,15.42,78,4.63
Boynton Beach,Florida,FL,False,12,Clear,16.36,75,4.63
Boca Raton,Florida,FL,False,12,Clouds,16.89,71,3.6
Belle Glade,Florida,FL,False,12,Clouds,14.25,63,5.61
Canal Point,Florida,FL,False,12,Clouds,14.99,62,6.67
Clewiston,Florida,FL,False,12,Clouds,11.67,54,5.68
Deerfield Beach,Florida,FL,False,12,Clouds,16.94,70,3.6
Delray Beach,Florida,FL,False,12,Clouds,16.64,74,3.6
Lake Worth,Florida,FL,False,12,Clear,16.31,77,4.63
Hobe Sound,Florida,FL,False,12,Clouds,14.22,78,4.12
Jupiter,Florida,FL,False,12,Clear,13.12,82,2.06
Lake Harbor,Florida,FL,False,12,Clouds,11.68,58,6.26
Loxahatchee,Florida,FL,False,12,Clouds,15.58,78,4.63
Moore Haven,Florida,FL,False,12,Clear,13.61,54,4.2
Pahokee,Florida,FL,False,12,Clouds,15.74,59,7.36
Palm Beach,Florida,FL,False,12,Clouds,15.24,79,4.63
South Bay,Florida,FL,False,12,Clouds,11.68,62,5.73
Balm,Florida,FL,False,12,Clear,11.06,70,3.18
Center Hill,Florida,FL,False,12,Clear,9.15,70,2.63
Dade City,Florida,FL,False,12,Clear,10.0,61,0.0
Gibsonton,Florida,FL,False,12,Clear,12.11,65,2.06
Lacoochee,Florida,FL,False,12,Clear,10.41,52,2.59
Lake Panasoffkee,Florida,FL,False,12,Clear,9.6,65,2.54
Zephyrhills,Florida,FL,False,12,Clear,9.56,68,0.0
Wesley Chapel,Florida,FL,False,12,Clear,10.48,67,0.0
Lutz,Florida,FL,False,12,Clear,11.06,67,3.0
Mango,Florida,FL,False,12,Clear,10.63,66,2.06
Plant City,Florida,FL,False,12,Clear,10.17,67,2.06
Sun City Center,Florida,FL,False,12,Clear,11.66,67,3.65
Apollo Beach,Florida,FL,False,12,Clear,12.22,63,2.06
Saint Leo,Florida,FL,False,12,Clear,9.64,66,0.0
Seffner,Florida,FL,False,12,Clear,10.42,67,2.06
Sumterville,Florida,FL,False,12,Clear,9.14,68,2.6
Sydney,Florida,FL,False,12,Clear,10.44,67,2.06
Thonotosassa,Florida,FL,False,12,Clear,10.2,65,2.06
Trilby,Florida,FL,False,12,Clear,10.62,52,2.59
Valrico,Florida,FL,False,12,Clear,10.65,67,2.06
Wimauma,Florida,FL,False,12,Clear,11.38,70,3.32
Saint Petersburg,Pennsylvania,PA,False,42,Clouds,-8.78,82,0.45
Bay Pines,Florida,FL,False,12,Clear,14.18,60,3.09
Clearwater Beach,Florida,FL,False,12,Clear,13.21,67,3.09
Largo,Florida,FL,False,12,Clear,13.95,60,3.09
Pinellas Park,Florida,FL,False,12,Clear,14.36,57,3.09
Indian Rocks Beach,Florida,FL,False,12,Clear,13.52,67,3.09
Belleair Beach,Florida,FL,False,12,Clear,13.38,65,3.09
Avon Park,Florida,FL,False,12,Clear,11.78,59,2.92
Babson Park,Massachusetts,MA,False,25,Clouds,-2.12,56,6.17
Bartow,West Virginia,WV,False,54,Clouds,-10.2,74,3.13
Eaton Park,Florida,FL,False,12,Clear,12.89,52,2.57
Frostproof,Florida,FL,False,12,Clear,11.09,46,1.54
Haines City,Florida,FL,False,12,Clear,12.32,53,2.57
Highland City,Florida,FL,False,12,Clear,12.83,49,2.57
Intercession City,Florida,FL,False,12,Clear,11.68,52,0.0
Kathleen,Georgia,GA,False,13,Clear,4.97,57,1.54
Lake Alfred,Florida,FL,False,12,Clear,12.65,50,2.57
Lake Hamilton,Florida,FL,False,12,Clear,12.32,52,2.57
Lake Placid,New York,NY,False,36,Snow,-9.31,88,4.13
Lake Wales,Florida,FL,False,12,Clear,11.61,54,2.06
Indian Lake Estates,Florida,FL,False,12,Clear,11.1,45,2.97
Nalcrest,Florida,FL,False,12,Clear,11.11,46,1.54
Lorida,Florida,FL,False,12,Clear,13.01,47,2.06
Loughman,Florida,FL,False,12,Clear,11.37,57,0.0
Ona,West Virginia,WV,False,54,Clouds,-4.62,68,0.45
Wauchula,Florida,FL,False,12,Clear,9.39,62,3.1
Winter Haven,Florida,FL,False,12,Clear,12.48,51,2.57
Zolfo Springs,Florida,FL,False,12,Clear,10.02,58,3.22
Fort Myers,Florida,FL,False,12,Clear,14.4,55,2.06
North Fort Myers,Florida,FL,False,12,Clear,14.32,56,2.06
Cape Coral,Florida,FL,False,12,Clear,14.46,56,2.06
Boca Grande,Florida,FL,False,12,Clear,11.99,62,2.06
Bokeelia,Florida,FL,False,12,Clear,13.07,62,2.06
Captiva,Florida,FL,False,12,Clouds,16.04,51,0.89
El Jobean,Florida,FL,False,12,Clear,13.28,79,2.06
Estero,Florida,FL,False,12,Clear,13.81,61,2.06
Felda,Florida,FL,False,12,Clouds,12.76,72,3.49
Fort Myers Beach,Florida,FL,False,12,Clear,13.97,58,2.06
Labelle,Florida,FL,False,12,Clear,12.81,52,3.33
Lehigh Acres,Florida,FL,False,12,Clear,12.93,71,2.06
Placida,Florida,FL,False,12,Clear,13.08,58,2.57
Rotonda West,Florida,FL,False,12,Clear,11.99,62,2.06
Port Charlotte,Florida,FL,False,12,Clear,12.44,69,3.34
Punta Gorda,Florida,FL,False,12,Clear,12.28,68,3.36
Saint James City,Florida,FL,False,12,Clouds,15.47,54,0.89
Sanibel,Florida,FL,False,12,Clouds,14.27,60,5.25
Bonita Springs,Florida,FL,False,12,Clouds,13.56,63,3.66
Chokoloskee,Florida,FL,False,12,Clouds,16.2,55,5.88
Everglades City,Florida,FL,False,12,Clouds,15.93,55,5.48
Ochopee,Florida,FL,False,12,Clouds,15.4,54,4.57
Immokalee,Florida,FL,False,12,Clouds,14.85,60,3.61
Marco Island,Florida,FL,False,12,Clouds,15.0,57,6.18
Bradenton,Florida,FL,False,12,Clear,13.39,58,4.59
Anna Maria,Florida,FL,False,12,Clear,14.67,58,6.22
Bradenton Beach,Florida,FL,False,12,Clear,14.38,58,0.89
Holmes Beach,Florida,FL,False,12,Clear,14.79,58,6.26
Ellenton,Georgia,GA,False,13,Clear,5.62,64,1.64
Longboat Key,Florida,FL,False,12,Clear,14.66,56,5.63
Osprey,Florida,FL,False,12,Clear,14.25,54,4.55
Sarasota,Florida,FL,False,12,Clear,13.52,54,4.35
Terra Ceia,Florida,FL,False,12,Clear,13.57,38,4.7
Myakka City,Florida,FL,False,12,Clear,12.47,58,3.28
Oneco,Connecticut,CT,False,9,Clouds,-3.22,61,0.89
Fort Ogden,Florida,FL,False,12,Clear,11.73,57,0.45
Nocatee,Florida,FL,False,12,Clear,8.07,64,0.0
Tallevast,Florida,FL,False,12,Clear,13.33,56,4.14
North Port,Florida,FL,False,12,Clouds,13.21,85,3.27
Crystal River,Florida,FL,False,12,Clear,8.0,81,0.0
Dunnellon,Florida,FL,False,12,Clear,8.07,62,2.53
Floral City,Florida,FL,False,12,Clear,8.15,74,2.17
Holder,Florida,FL,False,12,Clear,6.92,60,2.1
Homosassa,Florida,FL,False,12,Clear,9.57,78,3.99
Homosassa Springs,Florida,FL,False,12,Clear,9.57,78,3.72
Inglis,Florida,FL,False,12,Clear,7.99,37,3.29
Lecanto,Florida,FL,False,12,Clear,7.94,81,0.0
Ocala,Florida,FL,False,12,Clear,8.17,64,2.22
Yankeetown,Florida,FL,False,12,Clear,8.01,38,3.62
Istachatta,Florida,FL,False,12,Clear,9.55,37,2.25
New Port Richey,Florida,FL,False,12,Clear,11.96,71,4.32
Nobleton,Florida,FL,False,12,Clear,9.58,37,2.33
Port Richey,Florida,FL,False,12,Clear,11.83,71,4.32
Oldsmar,Florida,FL,False,12,Clear,12.74,66,3.09
Aripeka,Florida,FL,False,12,Clear,10.69,70,4.29
Elfers,Florida,FL,False,12,Clear,12.03,71,4.22
Crystal Beach,Florida,FL,False,12,Clear,12.76,70,0.89
Palm Harbor,Florida,FL,False,12,Clear,12.62,69,0.89
Tarpon Springs,Florida,FL,False,12,Clear,12.58,70,0.89
Holiday,Florida,FL,False,12,Clear,12.22,70,4.39
Safety Harbor,Florida,FL,False,12,Clear,13.06,65,3.09
Dunedin,Florida,FL,False,12,Clear,12.89,68,3.09
Astatula,Florida,FL,False,12,Clear,10.08,60,2.57
Fruitland Park,Florida,FL,False,12,Clear,9.32,66,2.57
Gotha,Florida,FL,False,12,Clear,11.05,67,2.76
Howey In The Hills,Florida,FL,False,12,Clear,9.36,65,2.57
Kenansville,North Carolina,NC,False,37,Clear,1.03,41,2.06
Killarney,Florida,FL,False,12,Clear,11.06,62,0.89
Mascotte,Florida,FL,False,12,Clear,9.9,63,2.81
Montverde,Florida,FL,False,12,Clear,11.05,59,0.89
Kissimmee,Florida,FL,False,12,Clear,11.83,47,0.0
Okahumpka,Florida,FL,False,12,Clear,8.97,67,2.57
Winter Garden,Florida,FL,False,12,Clear,10.96,63,0.89
Wildwood,New Jersey,NJ,False,34,Clouds,-1.04,29,8.75
Windermere,Florida,FL,False,12,Clear,11.24,65,2.82
Yalaha,Florida,FL,False,12,Clear,9.15,66,2.57
Fort Pierce,Florida,FL,False,12,Clear,13.23,75,1.79
Port Saint Lucie,Florida,FL,False,12,Clouds,13.9,74,4.12
Indiantown,Florida,FL,False,12,Clear,11.43,76,3.98
Jensen Beach,Florida,FL,False,12,Clouds,14.28,76,4.12
Okeechobee,Florida,FL,False,12,Clear,9.46,63,4.09
Palm City,Florida,FL,False,12,Clouds,13.4,77,4.12
Port Salerno,Florida,FL,False,12,Clouds,14.22,79,4.12
Adger,Alabama,AL,False,1,Clear,5.11,55,0.0
Alabaster,Alabama,AL,False,1,Clear,4.76,59,0.0
Alexander City,Alabama,AL,False,1,Clouds,7.88,49,0.0
Allgood,Alabama,AL,False,1,Clouds,2.47,57,1.77
Arab,Alabama,AL,False,1,Clouds,1.15,63,1.6
Baileyton,Alabama,AL,False,1,Clouds,1.38,69,1.87
Blountsville,Alabama,AL,False,1,Clouds,3.64,57,2.09
Bon Air,Alabama,AL,False,1,Clouds,4.46,57,0.0
Brent,Alabama,AL,False,1,Clear,5.01,55,1.72
Brierfield,Alabama,AL,False,1,Clear,5.32,62,0.0
Brookside,New Jersey,NJ,False,34,Clouds,-2.88,49,6.69
Burnwell,Alabama,AL,False,1,Clouds,2.95,80,1.8
Childersburg,Alabama,AL,False,1,Clouds,4.29,58,0.0
Clanton,Alabama,AL,False,1,Clear,3.44,63,1.39
Cook Springs,Alabama,AL,False,1,Clear,3.27,64,1.7
Crane Hill,Alabama,AL,False,1,Clouds,1.43,57,2.01
Cropwell,Alabama,AL,False,1,Clear,3.6,63,1.69
Cullman,Alabama,AL,False,1,Clear,1.36,64,0.0
Docena,Alabama,AL,False,1,Clouds,3.99,56,0.0
Dolomite,Alabama,AL,False,1,Clouds,4.44,61,1.45
Fultondale,Alabama,AL,False,1,Clouds,4.32,55,0.0
Goodwater,Alabama,AL,False,1,Clouds,7.65,49,0.0
Green Pond,South Carolina,SC,False,45,Clear,4.74,57,0.0
Hanceville,Alabama,AL,False,1,Clouds,3.98,58,1.99
Harpersville,Alabama,AL,False,1,Clouds,3.58,65,1.52
Hollins,Alabama,AL,False,1,Clouds,3.46,56,0.0
Holly Pond,Alabama,AL,False,1,Clouds,1.37,56,2.05
Jemison,Alabama,AL,False,1,Clear,3.9,59,0.89
Kellyton,Alabama,AL,False,1,Clouds,7.78,49,0.0
Locust Fork,Alabama,AL,False,1,Clouds,3.64,56,1.91
Margaret,Alabama,AL,False,1,Clouds,2.97,60,1.56
Maylene,Alabama,AL,False,1,Clear,4.74,61,0.0
Montevallo,Alabama,AL,False,1,Clear,5.37,62,0.0
Mulga,Alabama,AL,False,1,Clear,4.27,59,1.61
Odenville,Alabama,AL,False,1,Clear,2.56,63,1.58
Oneonta,New York,NY,False,36,Clouds,-5.14,78,2.68
Palmerdale,Alabama,AL,False,1,Clouds,3.46,57,1.68
Pell City,Alabama,AL,False,1,Clear,3.47,63,1.7
Ragland,West Virginia,WV,False,54,Clouds,-4.55,48,2.34
Remlap,Alabama,AL,False,1,Clouds,3.1,57,1.72
Siluria,Alabama,AL,False,1,Clear,4.69,60,0.0
Sterrett,Alabama,AL,False,1,Clouds,3.33,65,1.66
Sumiton,Alabama,AL,False,1,Clouds,2.5,71,1.89
Sylacauga,Alabama,AL,False,1,Clouds,4.02,56,0.0
Talladega,Alabama,AL,False,1,Clouds,2.66,62,0.0
Thorsby,Alabama,AL,False,1,Clear,3.71,59,0.89
Trafford,Pennsylvania,PA,False,42,Clouds,4.06,56,1.85
Trussville,Alabama,AL,False,1,Clouds,3.78,58,0.0
Vandiver,Alabama,AL,False,1,Clouds,3.41,65,1.66
Vinemont,Alabama,AL,False,1,Clear,1.05,64,0.0
Warrior,Alabama,AL,False,1,Clouds,4.1,56,1.88
Wattsville,Virginia,VA,False,51,Clear,-1.97,43,4.12
Weogufka,Alabama,AL,False,1,Clouds,3.46,56,0.0
West Blocton,Alabama,AL,False,1,Clear,5.11,55,1.65
Westover,Pennsylvania,PA,False,42,Clouds,3.54,64,1.5
Tuscaloosa,Alabama,AL,False,1,Clouds,5.73,55,1.54
Abernant,Alabama,AL,False,1,Clouds,5.05,55,0.89
Aliceville,Alabama,AL,False,1,Clouds,6.71,54,2.2
Boligee,Alabama,AL,False,1,Clouds,7.82,53,1.91
Brookwood,Alabama,AL,False,1,Clouds,4.93,55,2.05
Coaling,Alabama,AL,False,1,Clouds,5.25,56,2.03
Coker,Alabama,AL,False,1,Clouds,5.58,61,1.54
Cottondale,Florida,FL,False,12,Clear,8.97,49,0.0
Echola,Alabama,AL,False,1,Clouds,5.03,66,2.25
Elrod,Alabama,AL,False,1,Clouds,5.49,60,1.54
Emelle,Alabama,AL,False,1,Clouds,9.04,54,2.24
Epes,Alabama,AL,False,1,Clouds,8.92,52,2.02
Ethelsville,Alabama,AL,False,1,Clouds,5.74,52,2.29
Eutaw,Alabama,AL,False,1,Clouds,6.53,55,1.88
Fosters,Alabama,AL,False,1,Clouds,5.83,57,1.54
Gordo,Alabama,AL,False,1,Clouds,5.39,56,2.28
Kellerman,Alabama,AL,False,1,Clouds,5.06,55,2.03
Reform,Alabama,AL,False,1,Clouds,6.1,54,2.26
Samantha,Alabama,AL,False,1,Clouds,3.88,69,2.23
West Greene,Alabama,AL,False,1,Clouds,6.94,54,2.14
Arley,Alabama,AL,False,1,Clouds,1.68,57,2.07
Bankston,Alabama,AL,False,1,Clouds,3.4,60,2.29
Belk,Alabama,AL,False,1,Clouds,5.57,57,2.27
Double Springs,Alabama,AL,False,1,Clouds,4.24,57,1.93
Glen Allen,Virginia,VA,False,51,Clear,-2.65,47,3.6
Goodsprings,Alabama,AL,False,1,Clouds,2.18,80,1.74
Guin,Alabama,AL,False,1,Clouds,1.91,78,2.11
Hackleburg,Alabama,AL,False,1,Clouds,4.18,59,0.45
Haleyville,Alabama,AL,False,1,Clouds,3.96,56,0.0
Hodges,South Carolina,SC,False,45,Clear,0.85,47,2.06
Millport,New York,NY,False,36,Clouds,-5.04,71,5.66
Natural Bridge,New York,NY,False,36,Clouds,-6.1,100,4.12
Oakman,Georgia,GA,False,13,Clouds,0.62,43,0.0
Parrish,Florida,FL,False,12,Clear,11.75,59,3.34
Phil Campbell,Alabama,AL,False,1,Clouds,3.83,56,0.0
Red Bay,Alabama,AL,False,1,Clouds,4.8,55,2.53
Sipsey,Alabama,AL,False,1,Clouds,2.6,71,1.9
Spruce Pine,North Carolina,NC,False,37,Clear,-3.23,38,2.65
Sulligent,Alabama,AL,False,1,Clouds,2.15,55,1.97
Townley,Alabama,AL,False,1,Clear,2.28,73,0.0
Belle Mina,Alabama,AL,False,1,Clouds,3.09,59,0.0
Elkmont,Alabama,AL,False,1,Clouds,2.31,66,2.11
Falkville,Alabama,AL,False,1,Clear,1.85,64,0.0
Hartselle,Alabama,AL,False,1,Clouds,3.02,68,1.87
Killen,Alabama,AL,False,1,Clouds,5.42,50,2.57
Muscle Shoals,Alabama,AL,False,1,Clouds,5.88,47,2.68
Tanner,Alabama,AL,False,1,Clouds,3.14,58,0.45
Town Creek,Alabama,AL,False,1,Clouds,4.91,49,2.57
Capshaw,Alabama,AL,False,1,Clouds,2.59,58,0.0
Estillfork,Alabama,AL,False,1,Clouds,3.32,54,1.0
Fackler,Alabama,AL,False,1,Clear,3.63,52,0.0
Harvest,Alabama,AL,False,1,Clouds,2.36,58,0.0
Hollytree,Alabama,AL,False,1,Clouds,2.84,52,1.09
Hollywood,Maryland,MD,False,24,Clear,-2.29,48,3.09
Laceys Spring,Alabama,AL,False,1,Clouds,2.67,55,1.14
Meridianville,Alabama,AL,False,1,Clouds,2.91,54,0.45
Owens Cross Roads,Alabama,AL,False,1,Clouds,2.93,53,0.96
Ryland,Alabama,AL,False,1,Clouds,2.7,53,2.24
Scottsboro,Alabama,AL,False,1,Clear,3.94,52,0.0
Section,Alabama,AL,False,1,Clear,2.73,52,0.0
Toney,Alabama,AL,False,1,Clouds,2.48,57,0.0
Valhermoso Springs,Alabama,AL,False,1,Clouds,2.66,55,1.27
Rainbow City,Alabama,AL,False,1,Clear,1.92,64,0.0
Attalla,Alabama,AL,False,1,Clear,1.99,64,0.0
Cedar Bluff,Virginia,VA,False,51,Clear,-7.15,61,2.42
Centre,Alabama,AL,False,1,Clouds,0.44,69,0.84
Fort Payne,Alabama,AL,False,1,Clouds,1.95,58,0.0
Fyffe,Alabama,AL,False,1,Clouds,1.3,60,0.0
Gallant,Alabama,AL,False,1,Clear,1.46,64,0.0
Gaylesville,Alabama,AL,False,1,Clouds,0.61,69,1.06
Guntersville,Alabama,AL,False,1,Clouds,2.65,60,2.57
Henagar,Alabama,AL,False,1,Clouds,0.83,58,0.0
Higdon,Alabama,AL,False,1,Clouds,0.76,57,0.82
Ider,Alabama,AL,False,1,Clouds,0.41,60,1.14
Valley Head,West Virginia,WV,False,54,Clouds,-10.71,81,5.8
Autaugaville,Alabama,AL,False,1,Clear,5.14,56,0.0
Billingsley,Alabama,AL,False,1,Clear,3.27,52,1.42
Booth,Alabama,AL,False,1,Clear,4.84,56,0.0
Brantley,Alabama,AL,False,1,Clear,5.97,53,1.91
Brundidge,Alabama,AL,False,1,Clear,5.83,54,1.74
Coosada,Alabama,AL,False,1,Clear,5.57,59,0.0
Deatsville,Alabama,AL,False,1,Clear,5.5,56,1.38
Eclectic,Alabama,AL,False,1,Clear,5.72,56,1.39
Dozier,Alabama,AL,False,1,Clear,5.07,54,1.83
Fitzpatrick,Alabama,AL,False,1,Clear,5.39,56,0.39
Forest Home,Alabama,AL,False,1,Clouds,5.94,60,2.23
Fort Deposit,Alabama,AL,False,1,Clouds,5.84,45,0.0
Georgiana,Alabama,AL,False,1,Clouds,6.25,57,2.1
Gantt,Alabama,AL,False,1,Clear,5.26,75,1.78
Hardaway,Alabama,AL,False,1,Clear,5.44,57,0.27
Hayneville,Alabama,AL,False,1,Clear,5.95,51,1.98
Highland Home,Alabama,AL,False,1,Clear,4.92,66,1.42
Honoraville,Alabama,AL,False,1,Clouds,5.84,45,0.0
Hope Hull,Alabama,AL,False,1,Clouds,5.95,52,0.0
Lapine,Alabama,AL,False,1,Clear,5.09,66,1.42
Letohatchee,Alabama,AL,False,1,Clear,5.77,51,1.79
Marbury,Maryland,MD,False,24,Clear,-2.79,47,7.2
Mount Meigs,Alabama,AL,False,1,Clear,5.51,58,0.69
Perote,Alabama,AL,False,1,Clear,5.64,54,0.79
Petrey,Alabama,AL,False,1,Clear,6.06,49,0.0
Pike Road,Alabama,AL,False,1,Clear,5.49,58,1.05
Pine Level,North Carolina,NC,False,37,Clear,1.93,44,0.0
Prattville,Alabama,AL,False,1,Clear,4.8,55,0.0
Shorter,Alabama,AL,False,1,Clear,5.33,58,0.56
Titus,Alabama,AL,False,1,Clear,5.58,39,0.45
Tuskegee,Alabama,AL,False,1,Clear,4.73,58,0.92
Union Springs,New York,NY,False,36,Clouds,-4.03,70,8.7
Verbena,Alabama,AL,False,1,Clear,3.56,65,1.29
Wetumpka,Alabama,AL,False,1,Clear,5.8,61,1.34
Choccolocco,Alabama,AL,False,1,Clear,2.86,52,0.0
Cragford,Alabama,AL,False,1,Clear,1.52,68,1.27
Daviston,Alabama,AL,False,1,Clear,4.1,60,1.35
Eastaboga,Alabama,AL,False,1,Clouds,2.93,55,0.51
Fruithurst,Alabama,AL,False,1,Clouds,0.88,61,1.09
Millerville,Alabama,AL,False,1,Clear,3.16,55,1.05
Muscadine,Alabama,AL,False,1,Clouds,1.05,69,1.11
Ohatchee,Alabama,AL,False,1,Clouds,1.78,73,1.25
Ranburne,Alabama,AL,False,1,Clouds,1.16,63,1.27
Spring Garden,Alabama,AL,False,1,Clouds,4.23,55,0.0
Wadley,Georgia,GA,False,13,Clear,2.16,43,3.07
Weaver,Alabama,AL,False,1,Clear,1.16,73,0.0
Wedowee,Alabama,AL,False,1,Clear,1.49,62,1.29
Dothan,West Virginia,WV,False,54,Clear,-5.5,54,3.63
Ariton,Alabama,AL,False,1,Clear,5.78,53,1.66
Clopton,Alabama,AL,False,1,Clear,3.55,77,1.64
Coffee Springs,Alabama,AL,False,1,Clear,5.28,48,1.77
Cowarts,Alabama,AL,False,1,Clear,7.19,55,0.0
Headland,Alabama,AL,False,1,Clear,7.69,51,0.0
Jack,Alabama,AL,False,1,Clear,5.82,63,1.56
Midland City,Alabama,AL,False,1,Clear,6.89,56,0.0
New Brockton,Alabama,AL,False,1,Clear,5.66,62,0.0
Newville,Pennsylvania,PA,False,42,Clear,7.96,49,0.0
Pansey,Alabama,AL,False,1,Clear,7.33,46,1.63
Pinckard,Alabama,AL,False,1,Clear,7.25,54,0.0
Shorterville,Alabama,AL,False,1,Clear,3.87,51,1.61
Skipperville,Alabama,AL,False,1,Clear,6.8,53,1.7
Slocomb,Alabama,AL,False,1,Clear,6.2,67,1.73
Brewton,Alabama,AL,False,1,Clouds,8.17,57,2.12
Castleberry,Alabama,AL,False,1,Clear,7.18,57,0.0
Excel,Alabama,AL,False,1,Clouds,6.14,58,2.07
Flomaton,Alabama,AL,False,1,Clouds,11.44,54,2.07
Florala,Alabama,AL,False,1,Clear,6.06,61,0.0
Frisco City,Alabama,AL,False,1,Clouds,6.14,58,2.1
Goodway,Alabama,AL,False,1,Clouds,6.19,58,2.02
Grove Hill,Alabama,AL,False,1,Clouds,8.36,52,1.69
Kinston,North Carolina,NC,False,37,Clear,-0.92,55,1.54
Opp,Alabama,AL,False,1,Clear,4.4,72,1.63
Perdue Hill,Alabama,AL,False,1,Clouds,6.23,58,2.01
Peterman,Alabama,AL,False,1,Clear,6.49,60,1.34
Range,Alabama,AL,False,1,Clouds,6.42,56,1.72
Red Level,Alabama,AL,False,1,Clouds,5.0,75,1.81
Repton,Alabama,AL,False,1,Clear,6.29,58,0.0
Samson,Alabama,AL,False,1,Clear,6.18,48,1.56
Uriah,Alabama,AL,False,1,Clouds,6.25,54,2.09
Vredenburgh,Alabama,AL,False,1,Clouds,8.74,52,1.82
Whatley,Alabama,AL,False,1,Clouds,8.73,53,1.66
Atmore,Alabama,AL,False,1,Clouds,10.92,46,2.24
Axis,Alabama,AL,False,1,Clouds,13.35,58,1.89
Bay Minette,Alabama,AL,False,1,Clouds,11.0,58,1.34
Bayou La Batre,Alabama,AL,False,1,Clouds,10.92,65,4.46
Bon Secour,Alabama,AL,False,1,Clouds,11.57,52,2.57
Bucks,Alabama,AL,False,1,Clouds,13.39,32,1.49
Chatom,Alabama,AL,False,1,Clouds,9.96,56,1.53
Chunchula,Alabama,AL,False,1,Clouds,12.11,44,1.76
Citronelle,Alabama,AL,False,1,Clouds,11.73,44,1.22
Coden,Alabama,AL,False,1,Clouds,10.91,64,5.19
Daphne,Alabama,AL,False,1,Clouds,10.95,58,2.57
Spanish Fort,Alabama,AL,False,1,Clouds,11.38,53,2.57
Dauphin Island,Alabama,AL,False,1,Clouds,14.94,62,7.05
Fairhope,Pennsylvania,PA,False,42,Clouds,11.2,55,2.57
Frankville,Alabama,AL,False,1,Clouds,10.29,54,1.65
Fruitdale,Alabama,AL,False,1,Clouds,9.81,58,1.44
Gainestown,Alabama,AL,False,1,Clouds,9.72,55,1.66
Grand Bay,Alabama,AL,False,1,Clouds,10.94,69,3.13
Gulf Shores,Alabama,AL,False,1,Clouds,11.68,52,2.57
Huxford,Alabama,AL,False,1,Clouds,10.82,53,2.11
Loxley,Alabama,AL,False,1,Clouds,10.98,60,2.06
Magnolia Springs,Alabama,AL,False,1,Clouds,11.48,54,2.57
Millry,Alabama,AL,False,1,Clouds,10.16,54,1.72
Orange Beach,Alabama,AL,False,1,Clouds,11.92,52,2.57
Perdido,Alabama,AL,False,1,Clouds,11.03,46,0.45
Point Clear,Alabama,AL,False,1,Clouds,11.37,54,1.54
Robertsdale,Pennsylvania,PA,False,42,Clouds,11.36,55,1.54
Saraland,Alabama,AL,False,1,Clouds,11.97,52,2.7
Satsuma,Florida,FL,False,12,Clear,7.75,70,1.54
Semmes,Alabama,AL,False,1,Clouds,11.37,50,1.54
Silverhill,Alabama,AL,False,1,Clouds,11.32,55,1.54
Summerdale,Pennsylvania,PA,False,42,Clouds,11.39,54,1.54
Theodore,Alabama,AL,False,1,Clouds,11.69,50,2.57
Tibbie,Alabama,AL,False,1,Clouds,11.29,58,1.43
Vinegar Bend,Alabama,AL,False,1,Clouds,11.45,59,1.38
Mobile,Alabama,AL,False,1,Clouds,11.87,49,2.57
Eight Mile,Alabama,AL,False,1,Clouds,11.92,47,2.57
Boykin,Alabama,AL,False,1,Clouds,7.42,52,2.04
Catherine,Alabama,AL,False,1,Clouds,7.91,49,1.96
Demopolis,Alabama,AL,False,1,Clouds,8.97,40,0.0
Dixons Mills,Alabama,AL,False,1,Clouds,8.62,57,1.93
Faunsdale,Alabama,AL,False,1,Clouds,7.26,48,2.6
Forkland,Alabama,AL,False,1,Clouds,8.94,51,1.94
Furman,South Carolina,SC,False,45,Clear,5.45,41,1.82
Gallion,Alabama,AL,False,1,Clouds,8.81,47,2.66
Maplesville,Alabama,AL,False,1,Clear,3.33,67,1.65
Lower Peach Tree,Alabama,AL,False,1,Clouds,8.72,51,1.8
Lowndesboro,Alabama,AL,False,1,Clear,5.17,49,1.91
Marion Junction,Alabama,AL,False,1,Clear,6.94,50,2.05
Minter,Alabama,AL,False,1,Clear,7.03,57,2.16
Morvin,Alabama,AL,False,1,Clouds,8.62,50,1.82
Myrtlewood,Alabama,AL,False,1,Clouds,8.84,52,1.96
Nanafalia,Alabama,AL,False,1,Clouds,9.34,51,1.93
Pine Apple,Alabama,AL,False,1,Clouds,6.4,58,2.17
Pine Hill,New York,NY,False,36,Clouds,-6.12,68,4.02
Sweet Water,Alabama,AL,False,1,Clouds,8.67,50,1.93
Thomasville,Pennsylvania,PA,False,42,Clouds,8.24,57,1.89
Lawley,Alabama,AL,False,1,Clouds,3.33,67,1.71
Opelika,Alabama,AL,False,1,Clear,8.21,36,1.54
Auburn University,Alabama,AL,False,1,Clear,8.29,36,1.54
Camp Hill,Pennsylvania,PA,False,42,Clouds,-3.99,59,8.75
Cottonton,Alabama,AL,False,1,Clear,5.17,68,0.69
Cusseta,Georgia,GA,False,13,Clear,2.93,78,0.61
Fort Mitchell,Virginia,VA,False,51,Clear,-2.14,40,0.0
Hatchechubbee,Alabama,AL,False,1,Clear,3.82,59,0.93
Holy Trinity,Alabama,AL,False,1,Haze,3.51,73,0.0
Hurtsboro,Alabama,AL,False,1,Clear,4.9,59,0.73
Jacksons Gap,Alabama,AL,False,1,Clear,4.99,65,0.0
Lanett,Alabama,AL,False,1,Clear,3.37,56,0.0
Loachapoka,Alabama,AL,False,1,Clear,8.14,36,1.54
Notasulga,Alabama,AL,False,1,Clear,8.5,58,1.56
Phenix City,Alabama,AL,False,1,Haze,4.22,64,0.0
Pittsview,Alabama,AL,False,1,Clear,3.56,78,0.81
Seale,Alabama,AL,False,1,Haze,3.77,65,0.0
Smiths Station,Alabama,AL,False,1,Clear,3.69,63,1.39
Bellamy,Alabama,AL,False,1,Clouds,9.01,40,0.0
Gilbertown,Alabama,AL,False,1,Clouds,9.5,54,1.65
Jachin,Alabama,AL,False,1,Clouds,9.43,45,1.81
Lisman,Alabama,AL,False,1,Clouds,9.41,45,1.71
Silas,Alabama,AL,False,1,Clouds,9.89,54,1.71
Toxey,Alabama,AL,False,1,Clouds,9.6,54,1.64
Arrington,Virginia,VA,False,51,Clear,-1.95,41,1.98
Ashland City,Tennessee,TN,False,47,Clouds,1.58,55,1.5
Auburntown,Tennessee,TN,False,47,Clouds,1.58,63,1.34
Beechgrove,Tennessee,TN,False,47,Clouds,2.2,62,1.63
Belfast,Maine,ME,False,23,Clouds,-10.43,66,3.65
Bell Buckle,Tennessee,TN,False,47,Clouds,2.33,62,1.81
Bethpage,New York,NY,False,36,Clouds,-1.59,44,7.72
Bon Aqua,Tennessee,TN,False,47,Clouds,1.6,55,1.92
Bradyville,Tennessee,TN,False,47,Clouds,2.01,62,1.5
Bumpus Mills,Tennessee,TN,False,47,Clouds,2.22,53,1.66
Castalian Springs,Tennessee,TN,False,47,Clouds,1.64,57,0.45
Chapel Hill,North Carolina,NC,False,37,Clear,-1.45,56,2.13
Chapmansboro,Tennessee,TN,False,47,Clouds,1.13,61,1.59
Christiana,Pennsylvania,PA,False,42,Clouds,-4.06,64,6.17
College Grove,Tennessee,TN,False,47,Clouds,-1.47,62,0.0
Cornersville,Tennessee,TN,False,47,Clouds,0.65,64,0.0
Cottontown,Tennessee,TN,False,47,Clouds,1.09,56,2.06
Cumberland City,Tennessee,TN,False,47,Clouds,2.21,53,1.73
Cumberland Furnace,Tennessee,TN,False,47,Clouds,1.84,41,0.0
Dickson,Tennessee,TN,False,47,Clouds,1.87,50,0.0
Dixon Springs,Tennessee,TN,False,47,Clouds,1.94,63,1.12
Dowelltown,Tennessee,TN,False,47,Clouds,1.13,67,0.91
Erin,New York,NY,False,36,Clouds,-5.87,76,4.47
Fosterville,Tennessee,TN,False,47,Clouds,1.88,56,1.8
Goodlettsville,Tennessee,TN,False,47,Clouds,1.81,54,1.54
Gladeville,Tennessee,TN,False,47,Clouds,2.62,48,1.54
Hendersonville,Pennsylvania,PA,False,42,Clouds,-6.93,74,3.6
Hurricane Mills,Tennessee,TN,False,47,Clouds,2.81,59,1.74
Indian Mound,Tennessee,TN,False,47,Clouds,2.19,55,1.72
Joelton,Tennessee,TN,False,47,Clouds,0.65,62,1.55
Kingston Springs,Tennessee,TN,False,47,Clouds,1.79,53,0.45
Lascassas,Tennessee,TN,False,47,Clouds,2.39,55,0.0
La Vergne,Tennessee,TN,False,47,Clouds,2.8,48,1.54
Lobelville,Tennessee,TN,False,47,Clouds,3.31,64,1.73
Lyles,Tennessee,TN,False,47,Clouds,1.54,55,1.94
Mount Juliet,Tennessee,TN,False,47,Clouds,2.31,52,0.0
New Johnsonville,Tennessee,TN,False,47,Clouds,2.74,59,1.69
Nolensville,Tennessee,TN,False,47,Clouds,2.49,49,1.54
Norene,Tennessee,TN,False,47,Clouds,1.78,59,0.0
Nunnelly,Tennessee,TN,False,47,Clouds,1.89,55,1.93
Old Hickory,Tennessee,TN,False,47,Clouds,2.19,53,0.89
Only,Tennessee,TN,False,47,Clouds,3.13,58,1.79
Orlinda,Tennessee,TN,False,47,Clouds,0.55,62,0.0
Pegram,Tennessee,TN,False,47,Clouds,1.91,53,0.45
Pleasant Shade,Tennessee,TN,False,47,Clouds,1.58,51,1.07
Readyville,Tennessee,TN,False,47,Clouds,2.07,59,0.0
Red Boiling Springs,Tennessee,TN,False,47,Clouds,-2.05,50,0.98
Riddleton,Tennessee,TN,False,47,Clouds,1.65,64,1.08
Ridgetop,Tennessee,TN,False,47,Clouds,0.41,60,1.52
Slayden,Tennessee,TN,False,47,Clouds,2.28,41,0.0
Southside,West Virginia,WV,False,54,Clear,-5.61,76,0.89
Tennessee Ridge,Tennessee,TN,False,47,Clouds,1.55,55,1.7
Vanleer,Tennessee,TN,False,47,Clouds,1.96,45,0.0
Wartrace,Tennessee,TN,False,47,Clouds,2.2,41,2.06
White Bluff,Tennessee,TN,False,47,Clouds,0.9,52,0.0
White House,Tennessee,TN,False,47,Clouds,0.28,59,1.45
Whites Creek,Tennessee,TN,False,47,Clouds,2.1,48,3.09
Apison,Tennessee,TN,False,47,Clouds,-0.69,63,2.06
Bakewell,Tennessee,TN,False,47,Clouds,1.32,54,1.79
Beersheba Springs,Tennessee,TN,False,47,Clouds,-2.01,75,0.85
Coker Creek,Tennessee,TN,False,47,Clouds,-2.14,41,1.31
Collegedale,Tennessee,TN,False,47,Clouds,-0.07,62,2.06
Conasauga,Tennessee,TN,False,47,Clear,-1.94,50,1.9
Copperhill,Tennessee,TN,False,47,Clouds,-0.23,59,1.08
Cowan,Tennessee,TN,False,47,Clouds,2.34,52,1.12
Decherd,Tennessee,TN,False,47,Clouds,2.89,52,1.36
Ducktown,Tennessee,TN,False,47,Clouds,-0.63,59,0.99
Elora,Tennessee,TN,False,47,Clouds,1.96,54,1.54
Estill Springs,Tennessee,TN,False,47,Clouds,3.07,49,2.06
Farner,Tennessee,TN,False,47,Clouds,0.18,47,0.87
Flintville,Tennessee,TN,False,47,Clouds,2.52,54,1.54
Gruetli Laager,Tennessee,TN,False,47,Clouds,-2.26,72,0.45
Guild,New Hampshire,NH,False,33,Clouds,-5.57,61,4.47
Huntland,Tennessee,TN,False,47,Clouds,0.7,51,0.0
Lookout Mountain,Georgia,GA,False,13,Clouds,-0.72,56,2.06
Lupton City,Tennessee,TN,False,47,Clouds,1.49,59,2.06
Monteagle,Tennessee,TN,False,47,Clouds,0.51,56,1.02
Normandy,Tennessee,TN,False,47,Clouds,2.3,45,2.06
Ocoee,Florida,FL,False,12,Clear,10.67,70,2.8
Ooltewah,Tennessee,TN,False,47,Clouds,0.25,60,2.06
Pelham,New Hampshire,NH,False,33,Clouds,-3.47,59,4.12
Sale Creek,Tennessee,TN,False,47,Clear,0.76,54,1.34
Sequatchie,Tennessee,TN,False,47,Clouds,2.22,54,1.06
Sewanee,Tennessee,TN,False,47,Clouds,0.4,56,1.06
Signal Mountain,Tennessee,TN,False,47,Clouds,-0.23,57,2.06
Smartt,Tennessee,TN,False,47,Clouds,1.41,62,0.0
Soddy Daisy,Tennessee,TN,False,47,Clouds,1.2,57,1.37
South Pittsburg,Tennessee,TN,False,47,Clouds,2.1,54,0.93
Tellico Plains,Tennessee,TN,False,47,Clear,-1.79,62,1.46
Tracy City,Tennessee,TN,False,47,Clouds,-0.09,63,1.07
Tullahoma,Tennessee,TN,False,47,Clouds,2.57,49,2.06
Turtletown,Tennessee,TN,False,47,Clouds,0.38,45,0.8
Whitwell,Tennessee,TN,False,47,Clouds,1.91,48,1.13
Blountville,Tennessee,TN,False,47,Clear,-2.33,56,4.63
Chuckey,Tennessee,TN,False,47,Clear,-2.67,56,1.34
Church Hill,Maryland,MD,False,24,Clouds,-2.6,53,7.47
Elizabethton,Tennessee,TN,False,47,Clear,-2.15,51,4.12
Fall Branch,Tennessee,TN,False,47,Clouds,-2.8,59,1.34
Flag Pond,Tennessee,TN,False,47,Clear,-4.63,59,1.26
Jonesborough,Tennessee,TN,False,47,Clear,-2.99,58,2.28
Kingsport,Tennessee,TN,False,47,Clear,-1.71,58,4.63
Laurel Bloomery,Tennessee,TN,False,47,Clear,-4.16,65,3.49
Limestone,Maine,ME,False,23,Clouds,-14.94,72,2.06
Piney Flats,Tennessee,TN,False,47,Clear,-2.39,54,4.63
Roan Mountain,Tennessee,TN,False,47,Clear,-6.03,76,1.95
Shady Valley,Tennessee,TN,False,47,Clear,-4.81,65,2.11
Telford,Pennsylvania,PA,False,42,Clouds,-3.22,57,7.2
Trade,Tennessee,TN,False,47,Clear,-6.63,70,4.17
Unicoi,Tennessee,TN,False,47,Clear,-3.2,71,1.56
Alcoa,Tennessee,TN,False,47,Clouds,-0.47,49,2.57
Andersonville,Georgia,GA,False,13,Clear,4.19,60,0.0
Bean Station,Tennessee,TN,False,47,Clouds,-2.47,59,1.45
Briceville,Tennessee,TN,False,47,Clear,-1.25,51,0.0
Bulls Gap,Tennessee,TN,False,47,Clear,-2.43,62,0.45
Bybee,Tennessee,TN,False,47,Clear,-2.83,74,1.5
Caryville,Florida,FL,False,12,Clear,5.58,49,1.5
Clairfield,Tennessee,TN,False,47,Clouds,-1.97,47,0.75
Coalfield,Tennessee,TN,False,47,Clear,-1.05,48,1.32
Corryton,Tennessee,TN,False,47,Clear,-2.33,64,0.99
Cumberland Gap,Tennessee,TN,False,47,Clear,-2.53,54,0.0
Dandridge,Tennessee,TN,False,47,Clear,-2.11,63,0.83
Duff,Tennessee,TN,False,47,Clear,-3.26,43,0.0
Eagan,Tennessee,TN,False,47,Clouds,-2.47,47,0.71
Eidson,Tennessee,TN,False,47,Clouds,-4.47,78,1.24
Friendsville,Pennsylvania,PA,False,42,Clouds,-6.24,67,6.4
Gatlinburg,Tennessee,TN,False,47,Clear,-3.29,50,0.0
Greenback,Tennessee,TN,False,47,Clear,-0.94,59,0.37
Greeneville,Tennessee,TN,False,47,Clear,-3.18,57,0.45
Harriman,New York,NY,False,36,Clouds,-3.13,54,6.39
Harrogate,Tennessee,TN,False,47,Clear,-2.34,54,0.0
Heiskell,Tennessee,TN,False,47,Clear,-1.13,50,0.81
Helenwood,Tennessee,TN,False,47,Clouds,-1.87,43,1.54
Jellico,Tennessee,TN,False,47,Clouds,-2.83,48,0.71
Kodak,Tennessee,TN,False,47,Clear,-1.65,52,0.89
Kyles Ford,Tennessee,TN,False,47,Clouds,-2.34,57,1.18
La Follette,Tennessee,TN,False,47,Clear,-1.94,43,0.0
Lancing,Tennessee,TN,False,47,Clear,-0.85,48,0.92
Lenoir City,Tennessee,TN,False,47,Clear,-0.87,55,1.07
Lone Mountain,Tennessee,TN,False,47,Clear,-1.54,47,0.3
Loudon,New Hampshire,NH,False,33,Clear,-5.93,63,5.14
Lowland,North Carolina,NC,False,37,Clear,-0.56,50,5.56
Luttrell,Tennessee,TN,False,47,Clouds,-2.93,74,1.07
Mascot,Virginia,VA,False,51,Clear,-3.62,59,0.45
Maynardville,Tennessee,TN,False,47,Clear,-2.29,70,1.2
Mooresburg,Tennessee,TN,False,47,Clouds,-2.52,59,1.48
Mosheim,Tennessee,TN,False,47,Clear,-2.97,55,0.0
New Tazewell,Tennessee,TN,False,47,Clouds,-4.17,72,1.15
Oliver Springs,Tennessee,TN,False,47,Clear,-0.5,54,1.28
Parrottsville,Tennessee,TN,False,47,Clear,-2.46,48,1.73
Petros,Tennessee,TN,False,47,Clear,-1.05,46,1.02
Powder Springs,Georgia,GA,False,13,Clear,1.01,57,0.0
Pruden,Tennessee,TN,False,47,Clear,-2.34,54,0.0
Sevierville,Tennessee,TN,False,47,Clear,-1.76,51,0.0
Pigeon Forge,Tennessee,TN,False,47,Clear,-2.08,50,0.0
Sharps Chapel,Tennessee,TN,False,47,Clouds,-2.32,74,1.3
Shawanee,Tennessee,TN,False,47,Clear,-2.42,54,0.0
Sneedville,Tennessee,TN,False,47,Clouds,-2.46,48,1.42
Speedwell,Virginia,VA,False,51,Clear,-3.9,44,8.23
Strawberry Plains,Tennessee,TN,False,47,Clear,-1.47,55,0.89
Sunbright,Tennessee,TN,False,47,Clouds,-1.77,47,0.63
Surgoinsville,Tennessee,TN,False,47,Clouds,-1.92,61,1.41
Talbott,Tennessee,TN,False,47,Clouds,-2.65,65,1.08
Tallassee,Alabama,AL,False,1,Clear,4.62,56,1.31
Tazewell,Virginia,VA,False,51,Clear,-6.71,57,3.67
Ten Mile,Tennessee,TN,False,47,Clouds,-1.32,50,2.57
Thorn Hill,Tennessee,TN,False,47,Clouds,-3.18,56,1.21
Vonore,Tennessee,TN,False,47,Clear,-1.53,64,0.0
Walland,Tennessee,TN,False,47,Clouds,-0.79,51,2.57
Wartburg,Tennessee,TN,False,47,Clear,-0.78,48,1.01
Bogota,New Jersey,NJ,False,34,Clouds,-1.54,43,8.75
Braden,Tennessee,TN,False,47,Clouds,5.01,60,3.61
Burlison,Tennessee,TN,False,47,Clouds,4.31,62,3.09
Collierville,Tennessee,TN,False,47,Clouds,6.22,51,2.57
Crockett Mills,Tennessee,TN,False,47,Clouds,3.9,59,3.41
Drummonds,Tennessee,TN,False,47,Clouds,4.38,65,3.82
Dyersburg,Tennessee,TN,False,47,Clouds,3.26,57,3.65
Gallaway,Tennessee,TN,False,47,Clouds,5.3,60,3.57
Halls,Tennessee,TN,False,47,Clouds,2.58,60,3.72
Hickory Valley,Tennessee,TN,False,47,Clouds,4.73,55,2.52
Hornsby,Tennessee,TN,False,47,Clouds,5.09,55,2.19
Maury City,Tennessee,TN,False,47,Clouds,2.65,60,3.49
Munford,Alabama,AL,False,1,Clouds,2.82,54,0.51
Newbern,Virginia,VA,False,51,Clear,-4.34,47,3.6
Saulsbury,Tennessee,TN,False,47,Clouds,6.03,61,2.47
Tigrett,Tennessee,TN,False,47,Clouds,4.01,58,3.49
Whiteville,North Carolina,NC,False,37,Clear,2.0,41,0.0
Wynnburg,Tennessee,TN,False,47,Clouds,3.22,56,3.24
Tiptonville,Tennessee,TN,False,47,Clouds,3.04,56,3.15
Ridgely,Maryland,MD,False,24,Clouds,-2.8,53,7.24
Dukedom,Tennessee,TN,False,47,Clouds,2.31,57,0.45
Hornbeak,Tennessee,TN,False,47,Clouds,2.51,60,3.16
Obion,Tennessee,TN,False,47,Clouds,2.95,56,3.17
Palmersville,Tennessee,TN,False,47,Clouds,2.75,54,2.06
Puryear,Tennessee,TN,False,47,Clouds,2.68,54,2.06
Samburg,Tennessee,TN,False,47,Clouds,3.0,57,3.08
South Fulton,Tennessee,TN,False,47,Clouds,2.67,56,2.06
Trezevant,Tennessee,TN,False,47,Clouds,3.44,49,2.57
Woodland Mills,Tennessee,TN,False,47,Clouds,2.45,61,2.06
Bath Springs,Tennessee,TN,False,47,Clouds,5.03,50,2.18
Beech Bluff,Tennessee,TN,False,47,Clouds,4.57,59,2.78
Bethel Springs,Tennessee,TN,False,47,Clouds,5.2,42,2.06
Bruceton,Tennessee,TN,False,47,Clouds,4.35,59,2.09
Counce,Tennessee,TN,False,47,Clouds,5.94,42,0.0
Crump,Tennessee,TN,False,47,Clouds,5.79,45,2.06
Darden,Tennessee,TN,False,47,Clouds,4.7,42,0.89
Decaturville,Tennessee,TN,False,47,Clouds,4.58,42,0.89
Enville,Tennessee,TN,False,47,Clouds,4.95,48,1.34
Eva,Alabama,AL,False,1,Clear,-0.09,69,0.0
Finger,Tennessee,TN,False,47,Clouds,4.97,45,2.06
Guys,Tennessee,TN,False,47,Clouds,6.55,47,2.06
Holladay,Tennessee,TN,False,47,Clouds,0.42,51,0.0
Hollow Rock,Tennessee,TN,False,47,Clouds,4.25,56,2.57
Huntingdon,Pennsylvania,PA,False,42,Clouds,-5.19,58,3.13
Jacks Creek,Tennessee,TN,False,47,Clouds,4.69,47,1.34
Lavinia,Tennessee,TN,False,47,Clouds,3.91,15,2.89
Medon,Tennessee,TN,False,47,Clouds,4.5,55,2.6
Michie,Tennessee,TN,False,47,Clouds,5.98,47,2.06
Morris Chapel,Tennessee,TN,False,47,Clouds,5.39,49,2.06
Pinson,Alabama,AL,False,1,Clouds,3.32,59,1.68
Ramer,Alabama,AL,False,1,Clear,4.45,52,1.23
Scotts Hill,Tennessee,TN,False,47,Clouds,4.46,45,0.0
Selmer,Tennessee,TN,False,47,Clouds,5.27,42,2.06
Silerton,Tennessee,TN,False,47,Clouds,4.41,59,2.39
Stantonville,Tennessee,TN,False,47,Clouds,5.34,42,2.06
Sugar Tree,Tennessee,TN,False,47,Clouds,4.78,58,1.81
Toone,Tennessee,TN,False,47,Clouds,5.03,54,0.45
Wildersville,Tennessee,TN,False,47,Clouds,4.58,57,2.42
Chewalla,Tennessee,TN,False,47,Clouds,6.92,48,2.06
Collinwood,Tennessee,TN,False,47,Clouds,4.25,60,1.98
Culleoka,Tennessee,TN,False,47,Clouds,0.92,59,0.0
Cypress Inn,Tennessee,TN,False,47,Clouds,5.08,52,2.21
Dellrose,Tennessee,TN,False,47,Clouds,1.48,72,1.96
Frankewing,Tennessee,TN,False,47,Clouds,1.49,72,1.94
Goodspring,Tennessee,TN,False,47,Clouds,4.09,48,0.0
Hohenwald,Tennessee,TN,False,47,Clouds,3.06,60,1.79
Leoma,Tennessee,TN,False,47,Clouds,3.89,52,0.0
Lutts,Tennessee,TN,False,47,Clouds,5.31,61,1.85
Minor Hill,Tennessee,TN,False,47,Clouds,4.16,53,2.11
Olivehill,Tennessee,TN,False,47,Clouds,5.32,49,1.81
Primm Springs,Tennessee,TN,False,47,Clouds,1.66,56,1.84
Summertown,Tennessee,TN,False,47,Clouds,2.56,57,0.0
Cookeville,Tennessee,TN,False,47,Clouds,0.27,52,0.45
Allardt,Tennessee,TN,False,47,Clouds,-2.32,47,0.6
Allons,Tennessee,TN,False,47,Clouds,-1.11,43,0.0
Allred,Tennessee,TN,False,47,Clouds,-0.11,43,0.0
Bloomington Springs,Tennessee,TN,False,47,Clouds,0.42,51,0.45
Brush Creek,Tennessee,TN,False,47,Clouds,1.09,56,0.45
Buffalo Valley,Tennessee,TN,False,47,Clouds,1.53,53,0.62
Byrdstown,Tennessee,TN,False,47,Clouds,-0.27,48,0.15
Campaign,Tennessee,TN,False,47,Clouds,1.16,51,0.95
Chestnut Mound,Tennessee,TN,False,47,Clouds,0.4,53,0.67
Clarkrange,Tennessee,TN,False,47,Clouds,-1.75,53,0.72
Gainesboro,Tennessee,TN,False,47,Clouds,0.91,52,0.65
Gordonsville,Virginia,VA,False,51,Clear,-2.41,42,0.0
Grimsley,Tennessee,TN,False,47,Clouds,-1.5,48,0.66
Hilham,Tennessee,TN,False,47,Clouds,-0.56,48,0.0
Pall Mall,Tennessee,TN,False,47,Clouds,-2.7,48,0.25
Quebeck,Tennessee,TN,False,47,Clouds,1.29,52,0.78
Rickman,Tennessee,TN,False,47,Clouds,-0.54,51,0.45
Silver Point,Tennessee,TN,False,47,Clouds,1.0,52,0.0
Walling,Tennessee,TN,False,47,Clouds,1.29,51,0.86
Whitleyville,Tennessee,TN,False,47,Clouds,-2.21,51,0.57
Arkabutla,Mississippi,MS,False,28,Clouds,7.79,65,3.52
Byhalia,Mississippi,MS,False,28,Clouds,6.72,54,3.05
Crenshaw,Mississippi,MS,False,28,Clouds,8.65,52,4.03
Darling,Mississippi,MS,False,28,Clouds,9.02,62,4.15
Etta,Mississippi,MS,False,28,Clouds,8.22,59,2.47
Falkner,Mississippi,MS,False,28,Clouds,6.56,53,0.45
Farrell,Pennsylvania,PA,False,42,Snow,-6.98,77,5.66
Friars Point,Mississippi,MS,False,28,Clouds,8.99,62,3.09
Hernando,Florida,FL,False,12,Clear,6.93,81,0.0
Hickory Flat,Mississippi,MS,False,28,Clouds,7.4,59,2.44
Holly Springs,North Carolina,NC,False,37,Clear,-1.67,53,0.89
Horn Lake,Mississippi,MS,False,28,Clouds,6.93,48,4.92
Jonestown,Pennsylvania,PA,False,42,Clouds,-4.55,60,4.02
Lake Cormorant,Mississippi,MS,False,28,Clouds,6.27,66,3.63
Lula,Georgia,GA,False,13,Clear,1.96,43,3.09
Lyon,Mississippi,MS,False,28,Clouds,9.0,61,3.09
Marks,Mississippi,MS,False,28,Clouds,9.03,60,4.25
Nesbit,Mississippi,MS,False,28,Clouds,7.09,49,3.6
Pope,Mississippi,MS,False,28,Clouds,8.86,37,0.0
Potts Camp,Mississippi,MS,False,28,Clouds,5.74,61,2.45
Red Banks,Mississippi,MS,False,28,Clouds,6.3,63,2.92
Robinsonville,Mississippi,MS,False,28,Haze,7.99,57,3.09
Sarah,Mississippi,MS,False,28,Haze,8.01,57,3.09
Senatobia,Mississippi,MS,False,28,Clouds,8.1,55,0.45
Sherard,Mississippi,MS,False,28,Clouds,9.02,62,4.27
Sledge,Mississippi,MS,False,28,Clouds,8.65,62,4.13
Southaven,Mississippi,MS,False,28,Clouds,6.81,47,4.92
Tiplersville,Mississippi,MS,False,28,Clouds,6.45,54,0.45
Tula,Mississippi,MS,False,28,Clouds,7.94,60,2.68
University,Mississippi,MS,False,28,Clouds,7.88,36,2.57
Walls,Mississippi,MS,False,28,Clouds,6.66,45,3.6
Alligator,Mississippi,MS,False,28,Clouds,7.77,62,4.09
Anguilla,Mississippi,MS,False,28,Clouds,9.35,57,4.02
Boyle,Mississippi,MS,False,28,Clouds,8.01,53,3.6
Doddsville,Mississippi,MS,False,28,Clouds,8.02,59,3.44
Drew,Mississippi,MS,False,28,Clouds,8.02,60,3.78
Parchman,Mississippi,MS,False,28,Clouds,7.79,60,4.08
Glen Allan,Mississippi,MS,False,28,Clouds,9.2,58,4.19
Holly Ridge,North Carolina,NC,False,37,Clear,-1.54,54,0.89
Isola,Mississippi,MS,False,28,Clouds,9.41,46,0.45
Merigold,Mississippi,MS,False,28,Clouds,7.99,53,3.6
Metcalfe,Mississippi,MS,False,28,Clouds,9.03,53,2.57
Mound Bayou,Mississippi,MS,False,28,Clouds,7.79,62,3.6
Pace,Mississippi,MS,False,28,Clouds,8.0,53,3.6
Panther Burn,Mississippi,MS,False,28,Clouds,9.22,58,4.02
Rena Lara,Mississippi,MS,False,28,Clouds,7.75,64,4.0
Ruleville,Mississippi,MS,False,28,Clouds,8.01,53,3.6
Shaw,Mississippi,MS,False,28,Clouds,8.02,53,3.6
Stoneville,North Carolina,NC,False,37,Clear,-0.28,34,3.09
Sunflower,Alabama,AL,False,1,Clouds,12.84,56,1.58
Winstonville,Mississippi,MS,False,28,Clouds,7.79,62,3.6
Winterville,North Carolina,NC,False,37,Clear,-0.52,53,0.0
Amory,Mississippi,MS,False,28,Clouds,8.66,44,2.06
Baldwyn,Mississippi,MS,False,28,Clouds,7.17,48,2.37
Derma,Mississippi,MS,False,28,Clouds,6.96,59,2.83
Ecru,Mississippi,MS,False,28,Clouds,6.65,58,2.61
Gattman,Mississippi,MS,False,28,Clouds,7.83,55,2.01
Greenwood Springs,Mississippi,MS,False,28,Clouds,8.2,39,2.06
Guntown,Mississippi,MS,False,28,Clouds,7.66,53,2.43
Houlka,Mississippi,MS,False,28,Clouds,6.59,59,2.48
Mantachie,Mississippi,MS,False,28,Clouds,6.2,58,2.12
Mooreville,Mississippi,MS,False,28,Clouds,7.56,43,2.57
Nettleton,Mississippi,MS,False,28,Clouds,8.89,47,2.54
New Site,Mississippi,MS,False,28,Clouds,5.83,56,2.47
Rienzi,Mississippi,MS,False,28,Clouds,6.61,53,2.06
Thaxton,Virginia,VA,False,51,Clear,-2.11,40,3.58
Toccopola,Mississippi,MS,False,28,Clouds,6.06,60,2.51
Trebloc,Mississippi,MS,False,28,Clouds,8.3,50,2.55
Van Vleet,Mississippi,MS,False,28,Clouds,8.12,58,2.46
Vardaman,Mississippi,MS,False,28,Clouds,6.91,59,2.6
Calhoun City,Mississippi,MS,False,28,Clouds,7.02,59,2.91
Cascilla,Mississippi,MS,False,28,Clouds,7.19,59,3.94
Coffeeville,Alabama,AL,False,1,Clouds,9.99,53,1.63
Coila,Mississippi,MS,False,28,Clouds,9.71,40,3.6
Cruger,Mississippi,MS,False,28,Clouds,10.06,55,3.63
Duck Hill,Mississippi,MS,False,28,Clouds,7.8,58,3.3
Gore Springs,Mississippi,MS,False,28,Clouds,7.32,58,3.1
Itta Bena,Mississippi,MS,False,28,Clouds,10.04,56,3.44
Minter City,Mississippi,MS,False,28,Clouds,8.25,57,3.99
Money,Mississippi,MS,False,28,Clouds,10.03,56,3.75
North Carrollton,Mississippi,MS,False,28,Clouds,9.87,40,3.6
Philipp,Mississippi,MS,False,28,Clouds,8.21,57,4.04
Schlater,Mississippi,MS,False,28,Clouds,10.05,57,3.6
Sidon,Mississippi,MS,False,28,Clouds,10.05,40,3.6
Swan Lake,New York,NY,False,36,Clouds,-5.92,70,1.34
Swiftown,Mississippi,MS,False,28,Clouds,9.41,46,0.89
Tie Plant,Mississippi,MS,False,28,Clouds,7.62,58,3.36
Tillatoba,Mississippi,MS,False,28,Clouds,7.01,60,3.67
Tippo,Mississippi,MS,False,28,Clouds,7.71,59,4.34
Tutwiler,Mississippi,MS,False,28,Clouds,7.59,60,4.28
Vance,South Carolina,SC,False,45,Clear,1.61,40,0.41
Belzoni,Mississippi,MS,False,28,Clouds,9.4,46,3.7
Bentonia,Mississippi,MS,False,28,Clouds,9.81,52,4.03
Bolton,Massachusetts,MA,False,25,Clouds,-2.81,60,4.12
Braxton,Mississippi,MS,False,28,Clouds,10.43,55,2.99
Conehatta,Mississippi,MS,False,28,Clouds,8.57,58,2.75
Crystal Springs,Florida,FL,False,12,Clear,9.85,71,2.67
Delta City,Mississippi,MS,False,28,Clouds,9.25,58,3.95
D Lo,Mississippi,MS,False,28,Clouds,9.58,55,2.93
Gallman,Mississippi,MS,False,28,Clouds,10.19,57,3.3
Harperville,Mississippi,MS,False,28,Clouds,8.7,58,3.05
Harriston,Mississippi,MS,False,28,Clouds,12.89,64,4.48
Hazlehurst,Georgia,GA,False,13,Clear,5.97,56,1.54
Hermanville,Mississippi,MS,False,28,Clouds,8.79,71,3.73
Holly Bluff,Mississippi,MS,False,28,Clouds,9.66,54,4.16
Kosciusko,Mississippi,MS,False,28,Clouds,8.57,54,2.98
Lorman,Mississippi,MS,False,28,Clouds,12.9,72,4.6
Madden,Mississippi,MS,False,28,Clouds,8.88,54,2.9
Magee,Mississippi,MS,False,28,Clouds,9.72,54,3.03
Mayersville,Mississippi,MS,False,28,Clouds,10.58,58,4.09
Mendenhall,Pennsylvania,PA,False,42,Clouds,-3.47,56,6.17
Midnight,Mississippi,MS,False,28,Clouds,9.41,55,3.93
Pelahatchie,Mississippi,MS,False,28,Clouds,9.5,58,3.27
Piney Woods,Mississippi,MS,False,28,Clouds,10.2,56,3.0
Pinola,Mississippi,MS,False,28,Clouds,9.47,55,3.03
Port Gibson,New York,NY,False,36,Snow,-4.48,70,4.47
Redwood,New York,NY,False,36,Clouds,-3.95,81,5.43
Rolling Fork,Mississippi,MS,False,28,Clouds,9.41,56,4.05
Sallis,Mississippi,MS,False,28,Clouds,9.02,54,3.09
Satartia,Mississippi,MS,False,28,Clouds,9.83,53,4.0
Tchula,Mississippi,MS,False,28,Clouds,9.41,54,3.85
Thomastown,Mississippi,MS,False,28,Clouds,8.73,55,3.08
Tinsley,Mississippi,MS,False,28,Clouds,9.4,54,3.77
Tougaloo,Mississippi,MS,False,28,Clouds,10.52,43,4.12
Vaiden,Mississippi,MS,False,28,Clouds,8.4,56,2.98
Vaughan,North Carolina,NC,False,37,Clear,-0.31,39,2.56
Wesson,Mississippi,MS,False,28,Clouds,9.26,60,3.65
Whitfield,Mississippi,MS,False,28,Clouds,11.44,41,2.43
Yazoo City,Mississippi,MS,False,28,Clouds,9.44,55,3.78
Flowood,Mississippi,MS,False,28,Clouds,10.8,43,4.12
Byram,Mississippi,MS,False,28,Clouds,10.72,45,4.12
Buckatunna,Mississippi,MS,False,28,Clouds,10.04,56,1.89
Chunky,Mississippi,MS,False,28,Clouds,8.99,40,3.09
Clara,Mississippi,MS,False,28,Clouds,9.93,49,1.96
Lauderdale,Mississippi,MS,False,28,Clouds,8.15,56,2.1
Louin,Mississippi,MS,False,28,Clouds,9.13,60,2.52
Noxapater,Mississippi,MS,False,28,Clouds,7.81,54,2.76
Pachuta,Mississippi,MS,False,28,Clouds,9.29,57,2.18
Scooba,Mississippi,MS,False,28,Clouds,7.87,56,2.04
Shubuta,Mississippi,MS,False,28,Clouds,9.96,49,1.98
Shuqualak,Mississippi,MS,False,28,Clouds,7.72,54,2.21
Toomsuba,Mississippi,MS,False,28,Clouds,9.01,56,2.07
Vossburg,Mississippi,MS,False,28,Clouds,9.43,57,2.14
Waynesboro,Pennsylvania,PA,False,42,Clouds,-4.85,61,9.26
Hattiesburg,Mississippi,MS,False,28,Clouds,11.99,42,3.13
Bassfield,Mississippi,MS,False,28,Clouds,12.57,60,3.03
Bay Springs,Mississippi,MS,False,28,Clouds,9.7,59,2.52
Carriere,Mississippi,MS,False,28,Clouds,12.64,72,2.24
Eastabuchie,Mississippi,MS,False,28,Clouds,11.84,41,2.06
Leakesville,Mississippi,MS,False,28,Clouds,10.94,57,1.32
Lucedale,Mississippi,MS,False,28,Clouds,10.59,50,1.34
Moselle,Mississippi,MS,False,28,Clouds,11.7,40,2.06
Moss,Tennessee,TN,False,47,Clouds,-2.53,50,0.59
Neely,Mississippi,MS,False,28,Clouds,10.0,58,1.12
New Augusta,Mississippi,MS,False,28,Clouds,11.06,59,2.3
Nicholson,Pennsylvania,PA,False,42,Clouds,-4.45,62,4.02
Ovett,Mississippi,MS,False,28,Clouds,11.04,56,2.32
Petal,Mississippi,MS,False,28,Clouds,11.87,42,3.13
Picayune,Mississippi,MS,False,28,Clouds,12.99,72,0.89
Poplarville,Mississippi,MS,False,28,Clouds,12.06,73,2.89
Prentiss,Mississippi,MS,False,28,Clouds,8.11,61,2.89
Purvis,Mississippi,MS,False,28,Clouds,10.45,43,2.06
Richton,Mississippi,MS,False,28,Clouds,9.74,58,1.93
Sandersville,Georgia,GA,False,13,Clear,2.64,46,2.48
Seminary,Mississippi,MS,False,28,Clouds,11.94,37,2.06
Soso,Mississippi,MS,False,28,Clouds,10.87,41,3.09
Stringer,Mississippi,MS,False,28,Clouds,9.98,52,2.53
Sumrall,Mississippi,MS,False,28,Clouds,11.99,42,3.27
Foxworth,Mississippi,MS,False,28,Clouds,13.19,35,2.57
Gulfport,Mississippi,MS,False,28,Clouds,13.96,54,5.14
Bay Saint Louis,Mississippi,MS,False,28,Clouds,13.95,61,4.12
Diamondhead,Mississippi,MS,False,28,Clouds,13.83,60,4.12
Biloxi,Mississippi,MS,False,28,Clouds,13.92,48,5.14
Escatawpa,Mississippi,MS,False,28,Clouds,13.68,44,3.09
Gautier,Mississippi,MS,False,28,Clouds,13.96,41,3.09
Kiln,Mississippi,MS,False,28,Clouds,13.85,61,4.12
Moss Point,Mississippi,MS,False,28,Clouds,13.66,44,3.09
Ocean Springs,Mississippi,MS,False,28,Clouds,13.71,48,4.63
Vancleave,Mississippi,MS,False,28,Clouds,12.87,47,3.09
Pascagoula,Mississippi,MS,False,28,Clouds,13.95,41,3.09
Pass Christian,Mississippi,MS,False,28,Clouds,13.91,62,5.14
Pearlington,Mississippi,MS,False,28,Clouds,13.59,71,4.47
Perkinston,Mississippi,MS,False,28,Clouds,11.3,58,2.15
Saucier,Mississippi,MS,False,28,Clouds,11.49,62,1.89
Brookhaven,New York,NY,False,36,Clear,-1.41,52,5.81
Bogue Chitto,Mississippi,MS,False,28,Clouds,12.82,69,3.62
Bude,Mississippi,MS,False,28,Clouds,12.85,65,3.75
Chatawa,Mississippi,MS,False,28,Clouds,13.27,54,3.09
Jayess,Mississippi,MS,False,28,Clouds,9.57,66,3.34
Mccomb,Mississippi,MS,False,28,Clouds,12.93,54,3.09
Oak Vale,Mississippi,MS,False,28,Clouds,13.1,64,2.97
Osyka,Mississippi,MS,False,28,Clouds,13.27,54,3.09
Roxie,Mississippi,MS,False,28,Clouds,12.83,65,4.15
Smithdale,Mississippi,MS,False,28,Clouds,12.71,69,3.61
Sontag,Mississippi,MS,False,28,Clouds,9.39,59,3.37
Tylertown,Mississippi,MS,False,28,Clouds,9.77,73,3.36
Union Church,Mississippi,MS,False,28,Clouds,12.38,65,3.85
Ackerman,Mississippi,MS,False,28,Clouds,7.29,57,2.82
Eupora,Mississippi,MS,False,28,Clouds,6.96,60,2.84
Kilmichael,Mississippi,MS,False,28,Clouds,7.8,56,2.99
Maben,West Virginia,WV,False,54,Clear,-5.73,69,3.93
Mantee,Mississippi,MS,False,28,Clouds,6.81,60,2.32
Mathiston,Mississippi,MS,False,28,Clouds,7.76,60,2.6
Mayhew,Mississippi,MS,False,28,Clouds,9.05,37,4.63
Pheba,Mississippi,MS,False,28,Clouds,8.07,42,3.09
Prairie,Mississippi,MS,False,28,Clouds,8.14,47,2.06
Starkville,Mississippi,MS,False,28,Clouds,7.93,42,3.09
Steens,Mississippi,MS,False,28,Clouds,7.89,57,1.54
Walthall,Mississippi,MS,False,28,Clouds,6.84,60,2.83
Attapulgus,Georgia,GA,False,13,Clear,3.78,75,0.0
Blakely,Georgia,GA,False,13,Clear,2.94,81,0.0
Brinson,Georgia,GA,False,13,Clear,5.04,75,0.0
Bronwood,Georgia,GA,False,13,Clear,6.89,48,1.48
Calvary,Georgia,GA,False,13,Clear,5.31,67,1.31
Colquitt,Georgia,GA,False,13,Clear,4.39,44,2.03
Cuthbert,Georgia,GA,False,13,Clear,6.55,50,0.89
Donalsonville,Georgia,GA,False,13,Clear,3.99,65,0.0
Fort Gaines,Georgia,GA,False,13,Clear,2.88,51,1.41
Fowlstown,Georgia,GA,False,13,Clear,4.68,45,1.37
Iron City,Tennessee,TN,False,47,Clouds,5.1,54,1.34
Jakin,Georgia,GA,False,13,Clear,3.99,65,0.0
Leary,Georgia,GA,False,13,Clear,7.46,47,1.76
Parrott,Virginia,VA,False,51,Clear,-3.48,48,3.6
Sasser,Georgia,GA,False,13,Clear,3.72,48,1.57
Shellman,Georgia,GA,False,13,Clear,6.87,48,1.15
Whigham,Georgia,GA,False,13,Clear,7.43,46,1.31
Bardstown,Kentucky,KY,False,21,Clouds,-3.5,62,1.54
Bradfordsville,Kentucky,KY,False,21,Clear,-3.52,58,1.54
Chaplin,Connecticut,CT,False,9,Clouds,-2.62,59,0.45
Coxs Creek,Kentucky,KY,False,21,Clouds,-3.98,64,1.54
Crestwood,Kentucky,KY,False,21,Clouds,-4.36,64,2.57
Eastwood,Kentucky,KY,False,21,Clouds,-3.51,59,2.57
Finchville,Kentucky,KY,False,21,Clouds,-4.58,62,1.95
Fisherville,Kentucky,KY,False,21,Clouds,-2.88,57,2.57
Harrods Creek,Kentucky,KY,False,21,Clouds,-2.59,55,3.6
Mackville,Kentucky,KY,False,21,Clear,-4.05,58,1.54
Mount Eden,Kentucky,KY,False,21,Clouds,-4.5,63,1.74
Nerinx,Kentucky,KY,False,21,Clear,-3.48,55,1.54
New Hope,Pennsylvania,PA,False,42,Clouds,2.21,58,1.0
Pewee Valley,Kentucky,KY,False,21,Clouds,-4.2,63,2.57
Pleasureville,Kentucky,KY,False,21,Clouds,-5.45,75,2.28
Port Royal,Pennsylvania,PA,False,42,Clouds,-4.82,100,4.92
Raywick,Kentucky,KY,False,21,Clear,-2.88,61,1.54
Saint Catharine,Kentucky,KY,False,21,Clear,-3.87,58,1.54
Simpsonville,Maryland,MD,False,24,Clouds,-3.94,54,7.72
Turners Station,Kentucky,KY,False,21,Clouds,-4.35,51,2.13
Waddy,Kentucky,KY,False,21,Clouds,-4.66,61,1.95
Willisburg,Kentucky,KY,False,21,Clouds,-4.52,69,1.73
Battletown,Kentucky,KY,False,21,Clouds,-3.85,68,1.15
Brandenburg,Kentucky,KY,False,21,Clouds,-3.06,57,1.27
Cloverport,Kentucky,KY,False,21,Clouds,-1.82,63,1.04
Ekron,Kentucky,KY,False,21,Clouds,-2.74,49,1.54
Falls Of Rough,Kentucky,KY,False,21,Clouds,-0.92,46,1.07
Guston,Kentucky,KY,False,21,Clouds,-2.77,45,1.26
Harned,Kentucky,KY,False,21,Clouds,-2.83,45,1.15
Lebanon Junction,Kentucky,KY,False,21,Clouds,-2.76,64,1.33
Muldraugh,Kentucky,KY,False,21,Clouds,-3.11,58,1.54
Payneville,Kentucky,KY,False,21,Clouds,-3.24,45,1.15
Radcliff,Kentucky,KY,False,21,Clouds,-3.22,60,1.54
Rhodelia,Kentucky,KY,False,21,Clouds,-2.35,63,0.93
Rineyville,Kentucky,KY,False,21,Clouds,-3.37,62,1.54
Shepherdsville,Kentucky,KY,False,21,Clouds,-2.81,60,1.31
Stephensport,Kentucky,KY,False,21,Clouds,-1.85,63,0.96
Vine Grove,Kentucky,KY,False,21,Clouds,-3.3,64,1.54
Westview,Kentucky,KY,False,21,Clouds,-1.49,45,1.17
Burgin,Kentucky,KY,False,21,Clear,-2.73,54,0.0
Denniston,Kentucky,KY,False,21,Clouds,-4.14,58,1.99
Elliottville,Kentucky,KY,False,21,Clouds,-3.14,52,2.36
Farmers,Kentucky,KY,False,21,Clear,-2.45,43,2.06
Frenchburg,Kentucky,KY,False,21,Clouds,-3.77,58,2.05
Gravel Switch,Kentucky,KY,False,21,Clear,-4.1,58,1.54
Nicholasville,Kentucky,KY,False,21,Clear,-3.47,48,2.06
Means,Kentucky,KY,False,21,Clouds,-3.77,50,1.94
Morehead,Kentucky,KY,False,21,Clear,-2.52,43,2.06
North Middletown,Kentucky,KY,False,21,Clear,-4.83,65,0.0
Owenton,Kentucky,KY,False,21,Clouds,-5.04,66,1.86
Owingsville,Kentucky,KY,False,21,Clear,-2.98,43,2.06
Perry Park,Kentucky,KY,False,21,Clouds,-4.16,67,1.92
Sadieville,Kentucky,KY,False,21,Clouds,-4.38,63,2.39
Salt Lick,Kentucky,KY,False,21,Clear,-2.5,43,2.06
Salvisa,Kentucky,KY,False,21,Clear,-2.86,45,1.69
Slade,Kentucky,KY,False,21,Clouds,-2.41,49,1.61
Stamping Ground,Kentucky,KY,False,21,Clouds,-5.15,63,2.06
Annville,Pennsylvania,PA,False,42,Clouds,-3.94,55,5.36
Bighill,Kentucky,KY,False,21,Clear,-3.05,63,2.57
Bryantsville,Kentucky,KY,False,21,Clear,-3.17,54,0.0
Gray Hawk,Kentucky,KY,False,21,Clouds,-4.77,48,1.55
Hustonville,Kentucky,KY,False,21,Clear,-3.48,61,0.0
Kings Mountain,North Carolina,NC,False,37,Clear,-0.04,38,0.0
Mitchellsburg,Kentucky,KY,False,21,Clear,-3.12,54,0.0
Paint Lick,Kentucky,KY,False,21,Clear,-2.79,63,2.57
Parksville,New York,NY,False,36,Clouds,-7.15,74,7.37
Renfro Valley,Kentucky,KY,False,21,Clouds,-3.01,47,1.2
Waneta,Kentucky,KY,False,21,Clouds,-5.94,48,1.4
Wildie,Kentucky,KY,False,21,Clouds,-3.19,47,1.14
Corbin,Virginia,VA,False,51,Clear,-3.4,49,0.0
East Bernstadt,Kentucky,KY,False,21,Clear,-3.08,54,2.06
Emlyn,Kentucky,KY,False,21,Clear,-2.63,50,0.0
Keavy,Kentucky,KY,False,21,Clear,-3.09,57,2.06
Lily,Kentucky,KY,False,21,Clear,-2.64,52,2.06
Rockholds,Kentucky,KY,False,21,Clear,-2.87,56,0.0
Siler,Kentucky,KY,False,21,Clear,-2.79,54,2.06
Benham,Kentucky,KY,False,21,Clouds,-3.73,55,1.51
Big Laurel,Kentucky,KY,False,21,Clear,-1.44,47,2.06
Cawood,Kentucky,KY,False,21,Clear,-0.96,47,2.06
Coldiron,Kentucky,KY,False,21,Clear,-0.42,47,2.06
Cranks,Kentucky,KY,False,21,Clear,-2.88,57,2.06
Dayhoit,Kentucky,KY,False,21,Clear,-0.49,47,2.06
Essie,Kentucky,KY,False,21,Clouds,-1.45,51,1.37
Evarts,Kentucky,KY,False,21,Clear,-0.93,47,2.06
Helton,Kentucky,KY,False,21,Clear,-1.01,47,2.06
Holmes Mill,Kentucky,KY,False,21,Clouds,-3.84,57,1.26
Hoskinston,Kentucky,KY,False,21,Clouds,-0.84,51,1.38
Kenvir,Kentucky,KY,False,21,Clear,-1.31,47,2.06
Lejunior,Kentucky,KY,False,21,Clear,-0.71,47,2.06
Loyall,Kentucky,KY,False,21,Clear,-0.77,47,2.06
Miracle,Kentucky,KY,False,21,Clouds,-2.21,50,1.19
Mozelle,Kentucky,KY,False,21,Clear,-0.62,47,2.06
Pathfork,Kentucky,KY,False,21,Clear,-0.81,47,2.06
Putney,Vermont,VT,False,50,Clouds,-3.2,65,3.13
Totz,Kentucky,KY,False,21,Clouds,-0.91,53,1.25
Wallins Creek,Kentucky,KY,False,21,Clear,-0.75,47,2.06
Warbranch,Kentucky,KY,False,21,Clear,-1.35,47,2.06
Arjay,Kentucky,KY,False,21,Clouds,-2.52,50,1.18
Artemus,Kentucky,KY,False,21,Clouds,-1.73,49,1.14
Barbourville,Kentucky,KY,False,21,Clouds,-1.83,48,1.2
Bimble,Kentucky,KY,False,21,Clouds,-2.62,49,1.17
Cannon,Kentucky,KY,False,21,Clouds,-2.3,47,1.25
Closplint,Kentucky,KY,False,21,Clouds,-3.67,53,1.27
Fall Rock,Kentucky,KY,False,21,Clouds,-2.22,67,1.27
Flat Lick,Kentucky,KY,False,21,Clouds,-1.94,49,1.14
Fourmile,Kentucky,KY,False,21,Clouds,-1.79,49,1.11
Frakes,Kentucky,KY,False,21,Clear,-2.61,59,0.0
Garrard,Kentucky,KY,False,21,Clouds,-1.94,67,1.12
Girdler,Kentucky,KY,False,21,Clouds,-2.43,47,1.23
Goose Rock,Kentucky,KY,False,21,Clouds,-1.95,67,1.09
Heidrick,Kentucky,KY,False,21,Clouds,-2.63,49,1.22
Hima,Kentucky,KY,False,21,Clouds,-1.78,60,1.15
Hinkle,Kentucky,KY,False,21,Clouds,-2.54,49,1.16
Kettle Island,Kentucky,KY,False,21,Clouds,-2.56,50,1.2
Mary Alice,Kentucky,KY,False,21,Clear,-1.92,47,2.06
Middlesboro,Kentucky,KY,False,21,Clear,-2.0,59,0.0
Roark,Kentucky,KY,False,21,Clouds,-0.44,51,1.32
Saul,Kentucky,KY,False,21,Clouds,-2.31,49,1.28
Scalf,Kentucky,KY,False,21,Clouds,-2.72,50,1.15
Sextons Creek,Kentucky,KY,False,21,Clouds,-1.59,49,1.38
Stoney Fork,Kentucky,KY,False,21,Clear,-0.53,47,2.06
Trosper,Kentucky,KY,False,21,Clouds,-1.79,48,1.06
Berry,Alabama,AL,False,1,Clouds,3.49,60,2.25
Brooksville,Maine,ME,False,23,Clouds,-9.8,64,1.34
Corinth,Maine,ME,False,23,Clouds,-11.56,68,3.7
Latonia,Kentucky,KY,False,21,Clear,-4.34,63,4.12
Ft Mitchell,Kentucky,KY,False,21,Clouds,-4.9,63,4.12
Erlanger,Kentucky,KY,False,21,Clouds,-5.0,64,4.12
Crittenden,New York,NY,False,36,Snow,-4.69,69,7.72
Dry Ridge,Kentucky,KY,False,21,Clouds,-5.4,69,1.34
Elizaville,New York,NY,False,36,Clouds,-2.42,54,5.06
Flemingsburg,Kentucky,KY,False,21,Clear,-5.9,58,3.09
Mayslick,Kentucky,KY,False,21,Clear,-6.05,58,3.09
Morning View,Kentucky,KY,False,21,Clouds,-4.82,67,0.45
Mount Olivet,Kentucky,KY,False,21,Clouds,-7.46,74,2.29
Muses Mills,Kentucky,KY,False,21,Clear,-2.51,43,2.06
Plummers Landing,Kentucky,KY,False,21,Clear,-2.4,43,2.06
Silver Grove,Kentucky,KY,False,21,Clear,-4.33,61,4.12
Worthville,Pennsylvania,PA,False,42,Snow,-7.61,77,6.23
Argillite,Kentucky,KY,False,21,Clear,-3.87,55,2.57
Catlettsburg,Kentucky,KY,False,21,Clouds,-3.41,60,1.74
Grahn,Kentucky,KY,False,21,Clouds,-5.27,78,2.25
Hitchins,Kentucky,KY,False,21,Clouds,-4.81,78,2.03
Isonville,Kentucky,KY,False,21,Clouds,-4.92,53,2.24
Mazie,Kentucky,KY,False,21,Clouds,-4.66,53,2.13
Olive Hill,Kentucky,KY,False,21,Clouds,-5.26,78,2.4
Sandy Hook,Connecticut,CT,False,9,Clouds,-2.42,53,6.69
South Portsmouth,Kentucky,KY,False,21,Clear,-3.3,58,1.34
Vanceburg,Kentucky,KY,False,21,Clouds,-3.35,61,2.18
Webbville,Kentucky,KY,False,21,Clouds,-5.45,78,2.05
Tollesboro,Kentucky,KY,False,21,Clear,-5.82,58,3.09
Beauty,Kentucky,KY,False,21,Clear,-1.46,43,2.57
Boons Camp,Kentucky,KY,False,21,Clear,-1.37,43,2.57
Debord,Kentucky,KY,False,21,Clear,-1.76,43,2.57
East Point,Kentucky,KY,False,21,Clear,-1.14,43,2.57
Flatgap,Kentucky,KY,False,21,Clouds,-4.58,52,2.04
Hagerhill,Kentucky,KY,False,21,Clear,-1.16,43,2.57
Keaton,Kentucky,KY,False,21,Clouds,-4.44,53,2.14
Louisa,Virginia,VA,False,51,Clear,-2.75,41,3.58
Lovely,Kentucky,KY,False,21,Clouds,-1.42,51,1.86
Lowmansville,Kentucky,KY,False,21,Clouds,-1.46,51,1.8
Meally,Kentucky,KY,False,21,Clear,-1.37,43,2.57
Oil Springs,Kentucky,KY,False,21,Clouds,-1.83,50,2.1
Paintsville,Kentucky,KY,False,21,Clear,-1.07,43,2.57
Pilgrim,Kentucky,KY,False,21,Clear,-1.49,43,2.57
River,Kentucky,KY,False,21,Clouds,-3.18,59,2.57
Staffordsville,Virginia,VA,False,51,Clear,-3.53,49,4.12
Thelma,Kentucky,KY,False,21,Clear,-1.45,43,2.57
Tutor Key,Kentucky,KY,False,21,Clear,-1.14,43,2.57
Van Lear,Kentucky,KY,False,21,Clear,-1.32,43,2.57
Warfield,Virginia,VA,False,51,Clear,-0.1,29,0.0
West Van Lear,Kentucky,KY,False,21,Clear,-1.6,43,2.57
Wittensville,Kentucky,KY,False,21,Clear,-1.42,43,2.57
Campton,New Hampshire,NH,False,33,Clouds,-9.38,75,2.57
Bays,Kentucky,KY,False,21,Clear,-3.03,46,2.06
Beattyville,Kentucky,KY,False,21,Clouds,-3.92,48,1.51
Clayhole,Kentucky,KY,False,21,Clear,-2.53,46,2.06
Heidelberg,Mississippi,MS,False,28,Clouds,10.81,57,2.11
Lone,Kentucky,KY,False,21,Clouds,-2.72,48,1.57
Lost Creek,Pennsylvania,PA,False,42,Clouds,-6.13,68,4.02
Mistletoe,Kentucky,KY,False,21,Clouds,-2.31,49,1.33
Mize,Mississippi,MS,False,28,Clouds,9.95,51,2.86
Ricetown,Kentucky,KY,False,21,Clouds,-4.09,49,1.45
Rousseau,Kentucky,KY,False,21,Clear,-2.74,46,2.06
Vancleve,Kentucky,KY,False,21,Clear,-2.68,46,2.06
Whick,Kentucky,KY,False,21,Clear,-2.6,46,2.06
Zoe,Kentucky,KY,False,21,Clouds,-5.07,48,1.49
Cannel City,Kentucky,KY,False,21,Clouds,-2.76,51,1.93
Elkfork,Kentucky,KY,False,21,Clouds,-4.21,52,2.2
Ezel,Kentucky,KY,False,21,Clouds,-4.22,59,1.99
Salyersville,Kentucky,KY,False,21,Clouds,-2.66,50,2.1
Wrigley,Kentucky,KY,False,21,Clouds,-4.12,59,2.2
Pikeville,North Carolina,NC,False,37,Clear,-1.74,57,2.06
South Williamson,Kentucky,KY,False,21,Clear,-1.02,50,1.86
Ashcamp,Kentucky,KY,False,21,Clouds,-3.37,59,1.33
Burdine,Kentucky,KY,False,21,Clouds,-4.32,55,1.48
Canada,Kentucky,KY,False,21,Clear,-1.47,39,1.73
Dorton,Kentucky,KY,False,21,Clouds,-3.64,55,1.53
Elkhorn City,Kentucky,KY,False,21,Clear,-3.17,61,1.32
Fedscreek,Kentucky,KY,False,21,Clear,-4.36,50,1.55
Fords Branch,Kentucky,KY,False,21,Clear,-2.46,60,1.54
Forest Hills,New York,NY,False,36,Snow,-4.42,69,7.72
Freeburn,Kentucky,KY,False,21,Clear,-4.92,81,2.01
Hellier,Kentucky,KY,False,21,Clouds,-4.16,56,1.37
Huddy,Kentucky,KY,False,21,Clear,-1.86,39,1.75
Jonancy,Kentucky,KY,False,21,Clouds,-4.12,69,1.5
Kimper,Kentucky,KY,False,21,Clear,-2.63,57,1.5
Lick Creek,Kentucky,KY,False,21,Clear,-4.74,84,1.48
Majestic,Kentucky,KY,False,21,Clear,-5.41,80,2.12
Mouthcard,Kentucky,KY,False,21,Clear,-3.87,50,1.52
Phyllis,Kentucky,KY,False,21,Clear,-2.91,60,1.44
Pinsonfork,Kentucky,KY,False,21,Clear,-2.19,39,1.78
Raccoon,Kentucky,KY,False,21,Clear,-2.37,56,2.57
Robinson Creek,Kentucky,KY,False,21,Clear,-3.46,66,2.57
Rockhouse,Kentucky,KY,False,21,Clear,-3.17,61,1.35
Shelbiana,Kentucky,KY,False,21,Clear,-3.25,61,2.57
Stone,Kentucky,KY,False,21,Clear,-1.93,39,1.75
Stopover,Kentucky,KY,False,21,Clear,-5.52,80,2.14
Varney,West Virginia,WV,False,54,Clouds,-4.93,80,2.33
Virgie,Kentucky,KY,False,21,Clouds,-3.81,71,1.47
Auxier,Kentucky,KY,False,21,Clear,-1.33,43,2.57
Betsy Layne,Kentucky,KY,False,21,Clear,-1.76,42,2.57
Bypro,Kentucky,KY,False,21,Clouds,-3.72,50,1.59
David,Kentucky,KY,False,21,Clouds,-1.45,50,1.82
Drift,Kentucky,KY,False,21,Clear,-2.15,43,2.57
Dwale,Kentucky,KY,False,21,Clear,-1.48,43,2.57
Eastern,Kentucky,KY,False,21,Clouds,-1.56,50,1.61
Grethel,Kentucky,KY,False,21,Clear,-1.77,42,2.57
Harold,Kentucky,KY,False,21,Clear,-1.46,42,2.57
Hi Hat,Kentucky,KY,False,21,Clouds,-3.86,49,1.54
Hueysville,Kentucky,KY,False,21,Clouds,-1.66,50,1.67
Ivel,Kentucky,KY,False,21,Clear,-1.5,43,2.57
Lackey,Virginia,VA,False,51,Clear,-1.66,47,2.57
Minnie,Kentucky,KY,False,21,Clear,-2.25,43,2.57
Prestonsburg,Kentucky,KY,False,21,Clear,-1.24,43,2.57
Printer,Kentucky,KY,False,21,Clear,-1.6,43,2.57
Stanville,Kentucky,KY,False,21,Clear,-2.04,43,2.57
Teaberry,Kentucky,KY,False,21,Clear,-3.47,58,2.57
Tram,Kentucky,KY,False,21,Clear,-2.13,43,2.57
Weeksbury,Kentucky,KY,False,21,Clouds,-5.2,50,1.58
Wheelwright,Massachusetts,MA,False,25,Clouds,-4.8,50,1.61
Ary,Kentucky,KY,False,21,Clouds,-3.15,50,1.45
Avawam,Kentucky,KY,False,21,Clouds,-4.69,50,1.28
Bear Branch,Kentucky,KY,False,21,Clouds,-2.16,70,1.25
Bonnyman,Kentucky,KY,False,21,Clouds,-4.53,50,1.31
Bulan,Kentucky,KY,False,21,Clouds,-4.1,50,1.33
Busy,Kentucky,KY,False,21,Clouds,-3.72,50,1.27
Carrie,Kentucky,KY,False,21,Clouds,-4.26,51,1.43
Chavies,Kentucky,KY,False,21,Clouds,-2.49,49,1.36
Cornettsville,Kentucky,KY,False,21,Clouds,-3.78,52,1.45
Delphia,Kentucky,KY,False,21,Clouds,-5.18,53,1.44
Dice,Kentucky,KY,False,21,Clouds,-3.1,49,1.42
Dwarf,Kentucky,KY,False,21,Clouds,-4.55,50,1.41
Emmalena,Kentucky,KY,False,21,Clouds,-4.74,50,1.42
Fisty,Kentucky,KY,False,21,Clouds,-4.15,50,1.38
Gays Creek,Kentucky,KY,False,21,Clouds,-4.43,49,1.33
Hyden,Kentucky,KY,False,21,Clouds,-4.21,50,1.3
Jeff,Kentucky,KY,False,21,Clouds,-4.42,51,1.34
Krypton,Kentucky,KY,False,21,Clouds,-4.6,49,1.32
Sassafras,Kentucky,KY,False,21,Clouds,-4.3,51,1.39
Scuddy,Kentucky,KY,False,21,Clouds,-4.43,51,1.36
Sizerock,Kentucky,KY,False,21,Clouds,-2.6,50,1.26
Slemp,Kentucky,KY,False,21,Clouds,-4.11,52,1.44
Smilax,Kentucky,KY,False,21,Clouds,-4.37,51,1.33
Thousandsticks,Kentucky,KY,False,21,Clouds,-4.67,50,1.29
Vest,Kentucky,KY,False,21,Clouds,-4.78,51,1.58
Vicco,Kentucky,KY,False,21,Clouds,-4.3,51,1.39
Viper,Kentucky,KY,False,21,Clouds,-4.7,51,1.34
Wooton,Kentucky,KY,False,21,Clouds,-4.46,50,1.29
Yeaddiss,Kentucky,KY,False,21,Clouds,-1.07,52,1.38
Yerkes,Kentucky,KY,False,21,Clouds,-3.72,50,1.27
Blackey,Kentucky,KY,False,21,Clouds,-5.06,53,1.53
Cromona,Kentucky,KY,False,21,Clouds,-4.22,54,1.6
Deane,Kentucky,KY,False,21,Clouds,-3.77,52,1.64
Ermine,Kentucky,KY,False,21,Clouds,-3.01,56,1.64
Hallie,Kentucky,KY,False,21,Clouds,-3.77,52,1.53
Hindman,Kentucky,KY,False,21,Clouds,-5.1,51,1.48
Isom,Kentucky,KY,False,21,Clouds,-4.6,53,1.61
Jeremiah,Kentucky,KY,False,21,Clouds,-4.07,53,1.61
Kite,Georgia,GA,False,13,Clear,2.14,69,0.0
Leburn,Kentucky,KY,False,21,Clouds,-4.71,51,1.53
Linefork,Kentucky,KY,False,21,Clouds,-4.46,55,1.59
Littcarr,Kentucky,KY,False,21,Clouds,-5.28,51,1.51
Mayking,Kentucky,KY,False,21,Clouds,-2.48,56,1.61
Millstone,West Virginia,WV,False,54,Clear,-8.68,81,2.58
Mousie,Kentucky,KY,False,21,Clouds,-5.27,50,1.64
Neon,Kentucky,KY,False,21,Clouds,-3.7,54,1.62
Pine Top,Kentucky,KY,False,21,Clouds,-4.66,51,1.58
Pippa Passes,Kentucky,KY,False,21,Clouds,-4.81,51,1.58
Redfox,Kentucky,KY,False,21,Clouds,-4.52,52,1.53
Seco,Kentucky,KY,False,21,Clouds,-3.82,55,1.6
Whitesburg,Georgia,GA,False,13,Clouds,0.57,72,1.77
Dema,Kentucky,KY,False,21,Clouds,-1.83,50,1.59
Raven,Virginia,VA,False,51,Clear,-6.28,60,2.09
Bandana,Kentucky,KY,False,21,Clouds,0.97,60,2.06
Boaz,Alabama,AL,False,1,Clouds,0.38,62,1.35
Burna,Kentucky,KY,False,21,Clouds,0.64,58,2.03
Calvert City,Kentucky,KY,False,21,Clouds,1.83,58,1.99
Crayne,Kentucky,KY,False,21,Clouds,-1.08,56,2.09
Dycusburg,Kentucky,KY,False,21,Clouds,-0.66,57,2.06
Fancy Farm,Kentucky,KY,False,21,Clouds,1.92,59,2.06
Gilbertsville,New York,NY,False,36,Clouds,-5.29,77,8.41
Grand Rivers,Kentucky,KY,False,21,Clouds,-0.59,100,1.95
Hickory,Pennsylvania,PA,False,42,Clouds,-7.72,72,5.66
Kevil,Kentucky,KY,False,21,Clouds,0.89,60,2.06
Kirksey,Kentucky,KY,False,21,Clouds,1.26,57,2.06
Kuttawa,Kentucky,KY,False,21,Clouds,-0.67,100,1.96
Lovelaceville,Kentucky,KY,False,21,Clouds,1.27,61,2.06
Lowes,Kentucky,KY,False,21,Clouds,1.57,58,2.06
Melber,Kentucky,KY,False,21,Clouds,1.45,61,2.06
Symsonia,Kentucky,KY,False,21,Clouds,1.9,59,2.06
Tiline,Kentucky,KY,False,21,Clouds,-0.57,57,2.06
Tolu,Kentucky,KY,False,21,Clouds,0.37,56,1.8
West Paducah,Kentucky,KY,False,21,Clouds,0.95,59,2.06
Wingo,Kentucky,KY,False,21,Clouds,1.86,57,2.06
Adolphus,Kentucky,KY,False,21,Clouds,-0.61,56,1.25
Alvaton,Kentucky,KY,False,21,Clouds,-0.23,54,2.06
Edmonton,Kentucky,KY,False,21,Clouds,-1.32,47,1.26
Eighty Eight,Kentucky,KY,False,21,Clouds,-1.25,61,0.0
Fountain Run,Kentucky,KY,False,21,Clouds,-0.77,49,1.02
Hestand,Kentucky,KY,False,21,Clouds,-2.39,49,0.65
Hiseville,Kentucky,KY,False,21,Clouds,-1.04,51,0.0
Rocky Hill,Connecticut,CT,False,9,Clouds,-1.32,53,5.14
Scottsville,New York,NY,False,36,Snow,-5.06,70,7.72
Summer Shade,Kentucky,KY,False,21,Clouds,-1.49,61,1.16
Tompkinsville,Kentucky,KY,False,21,Clouds,-1.46,48,0.84
Smiths Grove,Kentucky,KY,False,21,Clouds,-0.21,48,1.46
Adairville,Kentucky,KY,False,21,Clouds,0.92,61,0.0
Allensville,Pennsylvania,PA,False,42,Clouds,-6.23,56,6.06
Bee Spring,Kentucky,KY,False,21,Clouds,-1.57,48,1.21
Cerulean,Kentucky,KY,False,21,Clouds,0.06,72,1.94
Clifty,Kentucky,KY,False,21,Clouds,-0.7,62,1.44
Gracey,Kentucky,KY,False,21,Clouds,0.0,72,0.89
Hopkinsville,Kentucky,KY,False,21,Clouds,0.27,69,1.9
Jetson,Kentucky,KY,False,21,Clouds,-2.27,48,1.36
Mammoth Cave,Kentucky,KY,False,21,Clouds,-0.81,48,1.2
Olmstead,Kentucky,KY,False,21,Clouds,-0.05,50,1.96
Pembroke,Massachusetts,MA,False,25,Clouds,-4.75,60,5.14
Roundhill,Kentucky,KY,False,21,Clouds,-1.12,48,1.33
Sharon Grove,Kentucky,KY,False,21,Clouds,-0.34,62,1.34
Sweeden,Kentucky,KY,False,21,Clouds,-1.65,48,1.24
Woodbury,Vermont,VT,False,50,Snow,-11.95,87,3.09
Owensboro,Kentucky,KY,False,21,Clouds,-1.9,59,1.54
Beech Creek,Pennsylvania,PA,False,42,Clouds,-5.62,68,0.45
Beechmont,Kentucky,KY,False,21,Clouds,-0.14,55,1.54
Browder,Kentucky,KY,False,21,Clouds,-0.02,55,1.54
Cleaton,Kentucky,KY,False,21,Clouds,-0.27,55,1.54
Curdsville,Kentucky,KY,False,21,Clouds,-1.91,59,1.54
Drakesboro,Kentucky,KY,False,21,Clouds,-0.02,55,1.54
Dunmor,Kentucky,KY,False,21,Clouds,-0.48,52,1.28
Fordsville,Kentucky,KY,False,21,Clouds,-0.89,59,1.05
Hawesville,Kentucky,KY,False,21,Clouds,-1.15,41,0.0
Horse Branch,Kentucky,KY,False,21,Clouds,-0.83,59,1.34
Island,Kentucky,KY,False,21,Clouds,-1.07,72,1.6
Lewisport,Kentucky,KY,False,21,Clouds,-1.24,46,0.89
Maceo,Kentucky,KY,False,21,Clouds,-1.45,51,0.89
Olaton,Kentucky,KY,False,21,Clouds,-0.69,59,1.34
Pellville,Kentucky,KY,False,21,Clouds,-1.71,63,1.15
Philpot,Kentucky,KY,False,21,Clouds,-1.84,61,1.54
Rosine,Kentucky,KY,False,21,Clouds,-1.0,59,1.34
South Carrollton,Kentucky,KY,False,21,Clouds,-1.03,72,1.54
West Louisville,Kentucky,KY,False,21,Clouds,-2.08,59,1.54
Whitesville,New York,NY,False,36,Clouds,-8.71,85,8.78
Baskett,Kentucky,KY,False,21,Clouds,-1.53,61,1.54
Clay,New York,NY,False,36,Snow,-3.95,74,5.36
Dawson Springs,Kentucky,KY,False,21,Clouds,-1.24,55,1.74
Hanson,Massachusetts,MA,False,25,Clouds,-2.07,57,3.6
Morganfield,Kentucky,KY,False,21,Clouds,-1.81,57,1.92
Mortons Gap,Kentucky,KY,False,21,Clouds,-1.14,64,1.71
Poole,Kentucky,KY,False,21,Clouds,-2.23,64,0.0
Reed,Kentucky,KY,False,21,Clouds,-1.53,62,1.51
Robards,Kentucky,KY,False,21,Clouds,-2.07,63,0.0
Sebree,Kentucky,KY,False,21,Clouds,-2.19,47,1.53
Slaughters,Kentucky,KY,False,21,Clouds,-1.08,64,1.58
Smith Mills,Kentucky,KY,False,21,Clouds,-1.87,61,0.89
Spottsville,Kentucky,KY,False,21,Clouds,-1.47,62,1.54
Wheatcroft,Kentucky,KY,False,21,Clouds,-0.21,51,1.91
White Plains,New York,NY,False,36,Clouds,-1.93,50,8.23
Bethelridge,Kentucky,KY,False,21,Clouds,-4.19,69,1.45
Bronston,Kentucky,KY,False,21,Clear,-2.65,60,2.06
Dunnville,Kentucky,KY,False,21,Clouds,-3.67,71,1.33
Nancy,Kentucky,KY,False,21,Clear,-4.32,68,2.06
Science Hill,Kentucky,KY,False,21,Clear,-3.39,63,2.06
Tateville,Kentucky,KY,False,21,Clear,-2.82,60,2.06
Yosemite,Kentucky,KY,False,21,Clouds,-3.65,70,1.38
Eubank,Kentucky,KY,False,21,Clouds,-3.73,62,1.57
Marshes Siding,Kentucky,KY,False,21,Clear,-2.48,45,0.77
Pine Knot,Kentucky,KY,False,21,Clear,-2.68,58,0.77
Revelo,Kentucky,KY,False,21,Clear,-2.56,58,0.75
Russell Springs,Kentucky,KY,False,21,Clouds,-4.9,78,1.26
Stearns,Kentucky,KY,False,21,Clear,-2.51,58,0.75
Strunk,Kentucky,KY,False,21,Clouds,-2.44,58,0.75
Whitley City,Kentucky,KY,False,21,Clear,-2.54,45,0.76
Big Clifty,Kentucky,KY,False,21,Clouds,-1.68,65,1.19
Bonnieville,Kentucky,KY,False,21,Clouds,-2.74,46,1.31
Breeding,Kentucky,KY,False,21,Clouds,-3.16,48,0.7
Burkesville,Kentucky,KY,False,21,Clouds,-2.37,51,0.15
Campbellsville,Kentucky,KY,False,21,Clouds,-3.23,62,1.43
Cane Valley,Kentucky,KY,False,21,Clouds,-3.18,46,1.08
Caneyville,Kentucky,KY,False,21,Clouds,-1.11,65,0.96
Canmer,Kentucky,KY,False,21,Clouds,-2.4,46,1.0
Cub Run,Kentucky,KY,False,21,Clouds,-1.64,48,0.92
Dubre,Kentucky,KY,False,21,Clouds,-2.47,49,0.51
Eastview,Kentucky,KY,False,21,Clouds,-2.98,54,0.0
Glens Fork,Kentucky,KY,False,21,Clouds,-4.67,47,0.76
Gradyville,Pennsylvania,PA,False,42,Clear,-3.56,54,4.92
Hardyville,Virginia,VA,False,51,Clear,-3.41,65,4.21
Hodgenville,Kentucky,KY,False,21,Clouds,-2.92,46,1.62
Horse Cave,Kentucky,KY,False,21,Clouds,-0.84,51,0.0
Knifley,Kentucky,KY,False,21,Clouds,-3.17,45,1.03
Leitchfield,Kentucky,KY,False,21,Clouds,-1.64,65,1.07
Marrowbone,Kentucky,KY,False,21,Clear,-2.92,62,1.2
Millwood,New York,NY,False,36,Clouds,-2.52,52,8.23
Mount Sherman,Kentucky,KY,False,21,Clouds,-2.89,63,1.32
Munfordville,Kentucky,KY,False,21,Clouds,-0.71,46,1.17
White Mills,Pennsylvania,PA,False,42,Clouds,-5.1,63,1.34
Amlin,Ohio,OH,False,39,Clear,-9.62,82,3.09
Blacklick,Ohio,OH,False,39,Clouds,-9.33,81,3.6
Bladensburg,Maryland,MD,False,24,Clear,-3.41,52,7.2
Brinkhaven,Ohio,OH,False,39,Clouds,-9.48,81,4.82
Broadway,New Jersey,NJ,False,34,Clouds,-3.29,53,2.24
Buckeye Lake,Ohio,OH,False,39,Clear,-9.57,75,1.54
Centerburg,Ohio,OH,False,39,Clouds,-10.18,86,3.6
Croton,Ohio,OH,False,39,Clouds,-10.23,88,5.12
Gambier,Ohio,OH,False,39,Clouds,-9.17,79,3.6
Hilliard,Florida,FL,False,12,Clear,4.49,75,0.45
Jacksontown,Ohio,OH,False,39,Clear,-9.76,74,1.54
Kirkersville,Ohio,OH,False,39,Clear,-9.61,77,1.54
Lewis Center,Ohio,OH,False,39,Clouds,-9.7,82,3.09
Magnetic Springs,Ohio,OH,False,39,Clouds,-10.25,81,3.09
Milford Center,Ohio,OH,False,39,Clear,-9.87,82,1.54
Millersport,Ohio,OH,False,39,Clear,-9.7,75,1.54
Mount Liberty,Ohio,OH,False,39,Clear,-10.36,85,5.14
Heath,Massachusetts,MA,False,25,Clouds,5.52,74,1.93
North Lewisburg,Ohio,OH,False,39,Clear,-10.27,82,1.54
Pataskala,Ohio,OH,False,39,Clear,-9.85,79,1.54
Plain City,Ohio,OH,False,39,Clear,-9.81,82,3.09
Radnor,Ohio,OH,False,39,Clouds,-10.15,81,3.09
Reynoldsburg,Ohio,OH,False,39,Clouds,-9.29,81,3.6
Rosewood,Ohio,OH,False,39,Clouds,-10.22,90,4.11
Saint Louisville,Ohio,OH,False,39,Clear,-9.31,78,5.14
Saint Paris,Ohio,OH,False,39,Clouds,-9.7,82,3.92
Summit Station,Pennsylvania,PA,False,42,Clouds,-4.69,60,3.58
Sunbury,Pennsylvania,PA,False,42,Clouds,-4.35,57,4.63
Thornville,Ohio,OH,False,39,Clear,-9.7,72,1.54
Unionville Center,Ohio,OH,False,39,Clear,-9.95,83,1.54
Adelphi,Ohio,OH,False,39,Clouds,-10.31,78,2.47
Amanda,Ohio,OH,False,39,Clear,-10.35,85,0.0
Ashville,New York,NY,False,36,Mist,-7.85,92,5.81
Baltimore,Maryland,MD,False,24,Clouds,-2.68,50,7.72
Bloomingburg,New York,NY,False,36,Clouds,-3.71,71,7.2
Brice,Ohio,OH,False,39,Clouds,-9.12,81,3.6
Canal Winchester,Ohio,OH,False,39,Clear,-9.25,81,3.6
Carbon Hill,Alabama,AL,False,1,Clouds,1.06,80,0.0
Commercial Point,Ohio,OH,False,39,Clear,-8.56,76,2.06
Groveport,Ohio,OH,False,39,Clear,-8.89,80,3.6
Haydenville,Massachusetts,MA,False,25,Clouds,-2.52,63,2.24
Laurelville,Ohio,OH,False,39,Clouds,-10.32,78,2.47
Lithopolis,Ohio,OH,False,39,Clear,-9.64,82,2.06
Lockbourne,Ohio,OH,False,39,Clear,-8.5,78,2.06
Murray City,Ohio,OH,False,39,Clear,-10.14,73,2.79
Pickerington,Ohio,OH,False,39,Clear,-9.56,81,2.06
South Bloomingville,Ohio,OH,False,39,Clouds,-7.37,74,2.7
South Solon,Ohio,OH,False,39,Clouds,-9.67,81,4.4
Tarlton,Ohio,OH,False,39,Clouds,-10.49,88,2.56
Union Furnace,Ohio,OH,False,39,Clear,-10.01,71,2.95
Washington Court House,Ohio,OH,False,39,Clear,-9.08,81,2.57
West Jefferson,North Carolina,NC,False,37,Clear,-5.27,54,7.15
Belle Center,Ohio,OH,False,39,Clouds,-10.87,85,0.0
Bellefontaine,Mississippi,MS,False,28,Clouds,7.12,59,3.26
Cardington,Ohio,OH,False,39,Clear,-9.75,80,3.09
Chesterville,Ohio,OH,False,39,Clouds,-10.45,85,0.89
De Graff,Ohio,OH,False,39,Clouds,-10.75,85,0.0
East Liberty,Ohio,OH,False,39,Clouds,-10.03,87,0.89
Green Camp,Ohio,OH,False,39,Clear,-9.76,80,3.09
Harpster,Ohio,OH,False,39,Clouds,-9.84,84,5.09
La Rue,Ohio,OH,False,39,Clouds,-9.82,73,5.17
Martel,Ohio,OH,False,39,Clear,-9.96,78,3.09
Middleburg,Pennsylvania,PA,False,42,Clouds,-4.52,57,4.63
Morral,Ohio,OH,False,39,Clear,-9.84,82,3.09
Mount Gilead,North Carolina,NC,False,37,Clear,-2.08,48,1.34
Mount Victory,Ohio,OH,False,39,Clouds,-11.04,73,5.22
New Bloomington,Ohio,OH,False,39,Clouds,-9.86,83,5.1
Roundhead,Ohio,OH,False,39,Clouds,-10.8,73,4.79
Rushsylvania,Ohio,OH,False,39,Clouds,-11.38,84,0.0
Russells Point,Ohio,OH,False,39,Clouds,-10.77,85,0.0
Shauck,Ohio,OH,False,39,Clouds,-10.78,85,5.68
Upper Sandusky,Ohio,OH,False,39,Clouds,-9.73,77,5.26
West Mansfield,Ohio,OH,False,39,Clear,-11.09,84,5.09
Zanesfield,Ohio,OH,False,39,Clouds,-11.21,84,0.0
Bradner,Ohio,OH,False,39,Clouds,-7.81,78,5.93
Burgoon,Ohio,OH,False,39,Clouds,-8.2,82,6.08
Curtice,Ohio,OH,False,39,Clouds,-6.2,68,4.92
Cygnet,Ohio,OH,False,39,Clouds,-7.85,77,5.79
Dunbridge,Ohio,OH,False,39,Clouds,-6.53,70,5.87
Gibsonburg,Ohio,OH,False,39,Clouds,-7.95,81,5.81
Graytown,Ohio,OH,False,39,Clouds,-6.3,68,4.92
Harbor View,Ohio,OH,False,39,Clouds,-6.12,66,4.12
Isle Saint George,Ohio,OH,False,39,Clouds,-6.74,66,12.16
Jerry City,Ohio,OH,False,39,Clouds,-7.82,77,5.85
Kelleys Island,Ohio,OH,False,39,Clouds,-6.83,79,6.17
Lacarne,Ohio,OH,False,39,Clouds,-6.67,80,6.17
Lindsey,Ohio,OH,False,39,Clouds,-7.88,83,5.81
Luckey,Ohio,OH,False,39,Clouds,-6.94,73,4.02
Middle Bass,Ohio,OH,False,39,Clouds,-6.7,83,6.17
Millbury,Massachusetts,MA,False,25,Clouds,-2.79,64,6.17
Pemberville,Ohio,OH,False,39,Clouds,-7.08,75,5.81
Port Clinton,Pennsylvania,PA,False,42,Clouds,-4.26,59,4.02
Put In Bay,Ohio,OH,False,39,Clouds,-6.69,83,6.17
Risingsun,Ohio,OH,False,39,Clouds,-8.08,78,6.03
Rocky Ridge,Maryland,MD,False,24,Clouds,-4.44,57,3.58
Rossford,Ohio,OH,False,39,Clouds,-6.29,68,4.12
Stony Ridge,Ohio,OH,False,39,Clouds,-6.65,71,4.02
Vickery,Ohio,OH,False,39,Clouds,-7.26,81,6.17
Walbridge,Ohio,OH,False,39,Clouds,-6.39,69,4.02
West Millgrove,Ohio,OH,False,39,Clouds,-7.93,77,6.0
Williston,Vermont,VT,False,50,Snow,-9.29,87,3.6
Alvordton,Ohio,OH,False,39,Clouds,-8.04,86,5.38
Archbold,Ohio,OH,False,39,Clouds,-7.49,74,5.14
Berkey,Ohio,OH,False,39,Clouds,-6.34,65,6.17
Blakeslee,Pennsylvania,PA,False,42,Clouds,-6.85,63,10.29
Custar,Ohio,OH,False,39,Clouds,-8.28,84,5.47
Edon,Ohio,OH,False,39,Clouds,-10.19,71,4.96
Evansport,Ohio,OH,False,39,Clouds,-7.96,67,3.09
Farmer,Ohio,OH,False,39,Clouds,-9.42,77,3.09
Grelton,Ohio,OH,False,39,Clouds,-8.27,84,5.38
Hamler,Ohio,OH,False,39,Clouds,-8.32,84,5.27
Haskins,Ohio,OH,False,39,Clouds,-6.32,67,6.17
Hicksville,New York,NY,False,36,Clear,-1.74,45,4.63
Holgate,Ohio,OH,False,39,Clouds,-8.33,70,5.22
Hoytville,Ohio,OH,False,39,Clouds,-8.24,81,7.15
Kunkle,Ohio,OH,False,39,Clouds,-8.15,86,5.29
Malinta,Ohio,OH,False,39,Clouds,-8.28,84,5.33
Mark Center,Ohio,OH,False,39,Clouds,-9.5,78,3.09
Maumee,Ohio,OH,False,39,Clouds,-6.4,68,6.17
Milton Center,Ohio,OH,False,39,Clouds,-8.22,84,5.49
Monclova,Ohio,OH,False,39,Clouds,-6.25,66,6.17
Neapolis,Ohio,OH,False,39,Clouds,-6.14,64,6.17
New Bavaria,Ohio,OH,False,39,Clouds,-8.49,70,5.2
Ney,Ohio,OH,False,39,Clouds,-8.01,67,3.09
Perrysburg,New York,NY,False,36,Clouds,-5.09,73,8.69
Pettisville,Ohio,OH,False,39,Clouds,-7.38,73,5.14
Ridgeville Corners,Ohio,OH,False,39,Clouds,-8.06,67,3.09
Sylvania,Pennsylvania,PA,False,42,Clear,0.36,62,0.0
Tontogany,Ohio,OH,False,39,Clouds,-6.41,68,6.17
Wauseon,Ohio,OH,False,39,Clouds,-7.29,73,5.14
West Unity,Ohio,OH,False,39,Clouds,-7.8,69,5.09
Beallsville,Pennsylvania,PA,False,42,Clouds,-7.2,64,5.01
Belle Valley,Ohio,OH,False,39,Clouds,-8.03,76,3.33
Bethesda,Maryland,MD,False,24,Clouds,-4.15,54,3.6
Blue Rock,Ohio,OH,False,39,Clear,-7.57,72,2.06
Byesville,Ohio,OH,False,39,Clear,-7.97,73,0.0
Chandlersville,Ohio,OH,False,39,Clear,-7.57,71,2.06
Chesterhill,Ohio,OH,False,39,Clear,-9.54,76,2.46
Crooksville,Ohio,OH,False,39,Clear,-7.75,74,3.33
Derwent,Ohio,OH,False,39,Clear,-7.96,73,0.0
Duncan Falls,Ohio,OH,False,39,Clear,-7.46,71,2.06
East Fultonham,Ohio,OH,False,39,Clear,-8.78,78,3.68
Fultonham,New York,NY,False,36,Snow,-4.43,70,0.89
Glenford,New York,NY,False,36,Clouds,-3.25,58,5.62
Hopewell,New Jersey,NJ,False,34,Clouds,-2.78,56,6.17
Kimbolton,Ohio,OH,False,39,Clear,-7.9,73,0.0
Kipling,North Carolina,NC,False,37,Clear,-2.11,59,2.44
Laings,Ohio,OH,False,39,Clouds,-8.52,76,3.44
Lore City,Ohio,OH,False,39,Clear,-8.05,73,0.0
Mcconnelsville,Ohio,OH,False,39,Clear,-8.39,81,0.89
Mount Perry,Ohio,OH,False,39,Clear,-8.96,75,3.78
Moxahala,Ohio,OH,False,39,Clear,-7.64,75,3.11
New Concord,Kentucky,KY,False,21,Clouds,1.92,60,1.34
New Lexington,Ohio,OH,False,39,Clear,-7.7,76,3.37
New Straitsville,Ohio,OH,False,39,Clear,-7.57,73,3.02
Old Washington,Ohio,OH,False,39,Clear,-8.33,73,0.0
Pleasant City,Ohio,OH,False,39,Clear,-7.99,73,0.0
Quaker City,Ohio,OH,False,39,Clouds,-8.16,78,3.72
Salesville,Ohio,OH,False,39,Clouds,-8.21,78,3.69
Sarahsville,Ohio,OH,False,39,Clouds,-8.34,77,3.31
Senecaville,Ohio,OH,False,39,Clear,-7.96,73,0.0
White Cottage,Ohio,OH,False,39,Clear,-8.81,77,2.06
Woodsfield,Ohio,OH,False,39,Clouds,-8.78,76,3.45
Adamsville,Rhode Island,RI,False,44,Clouds,-1.99,58,4.12
Bakersville,North Carolina,NC,False,37,Clear,-4.89,59,2.16
Coshocton,Ohio,OH,False,39,Clouds,-7.53,76,0.45
Frazeysburg,Ohio,OH,False,39,Clouds,-7.72,76,1.34
Nashport,Ohio,OH,False,39,Clouds,-8.65,76,4.0
Newcomerstown,Ohio,OH,False,39,Clouds,-7.33,75,4.2
Stone Creek,Ohio,OH,False,39,Clouds,-7.43,70,3.6
Trinway,Ohio,OH,False,39,Clouds,-7.3,75,1.34
Walhonding,Ohio,OH,False,39,Clouds,-7.69,79,4.27
Adena,Ohio,OH,False,39,Clouds,-6.58,68,5.14
Alledonia,Ohio,OH,False,39,Clouds,-8.05,76,4.3
Cadiz,Kentucky,KY,False,21,Clouds,0.13,58,2.07
Bergholz,Ohio,OH,False,39,Clouds,-7.3,75,5.25
Brilliant,Alabama,AL,False,1,Clouds,3.28,77,2.35
Clarington,Pennsylvania,PA,False,42,Clouds,-8.69,87,5.63
Colerain,North Carolina,NC,False,37,Clear,-0.55,57,4.7
Dillonvale,Ohio,OH,False,39,Clouds,-6.38,68,5.14
East Liverpool,Ohio,OH,False,39,Clouds,-6.96,76,5.39
East Springfield,New York,NY,False,36,Snow,-5.72,68,6.26
Fairpoint,Ohio,OH,False,39,Clouds,-6.66,83,5.06
Hammondsville,Ohio,OH,False,39,Clouds,-6.8,70,4.96
Jacobsburg,Ohio,OH,False,39,Clouds,-7.46,66,4.39
Martins Ferry,Ohio,OH,False,39,Clouds,-6.08,68,5.14
Mingo Junction,Ohio,OH,False,39,Clouds,-6.58,63,5.14
Neffs,Pennsylvania,PA,False,42,Clouds,-4.29,53,7.2
Piney Fork,Ohio,OH,False,39,Clouds,-7.2,71,5.14
Powhatan Point,Ohio,OH,False,39,Clouds,-7.6,78,3.76
Rayland,Ohio,OH,False,39,Clouds,-6.05,68,5.14
Salineville,Ohio,OH,False,39,Clouds,-7.26,76,5.31
Sardis,Georgia,GA,False,13,Clear,5.17,45,3.0
Shadyside,Ohio,OH,False,39,Clouds,-6.44,69,0.45
Saint Clairsville,Ohio,OH,False,39,Clouds,-7.13,66,4.9
Lafferty,Ohio,OH,False,39,Clouds,-6.84,83,5.01
Steubenville,Ohio,OH,False,39,Clouds,-7.15,64,2.68
Tiltonsville,Ohio,OH,False,39,Clouds,-6.04,67,5.14
Warnock,Ohio,OH,False,39,Clouds,-6.78,66,4.8
Wolf Run,Ohio,OH,False,39,Clouds,-7.82,73,5.19
Bannock,Ohio,OH,False,39,Clouds,-6.85,83,5.02
New Rumley,Ohio,OH,False,39,Clouds,-8.02,75,5.09
Ashtabula,Ohio,OH,False,39,Clouds,-5.98,82,6.17
Austinburg,Ohio,OH,False,39,Clouds,-6.27,84,6.17
Avon Lake,Ohio,OH,False,39,Clouds,-7.0,78,6.69
Berea,West Virginia,WV,False,54,Clear,-8.05,71,2.75
Chagrin Falls,Ohio,OH,False,39,Mist,-7.66,88,8.23
Chardon,Ohio,OH,False,39,Snow,-7.66,89,8.75
Chesterland,Ohio,OH,False,39,Snow,-7.95,89,8.75
Columbia Station,Ohio,OH,False,39,Clouds,-7.99,82,8.23
Conneaut,Ohio,OH,False,39,Clouds,-4.38,71,10.15
Dorset,Vermont,VT,False,50,Clouds,-5.52,83,5.64
East Claridon,Ohio,OH,False,39,Snow,-7.87,90,4.47
North Ridgeville,Ohio,OH,False,39,Clouds,-7.53,80,8.23
Gates Mills,Ohio,OH,False,39,Snow,-7.13,88,8.75
Huntsburg,Ohio,OH,False,39,Snow,-7.7,88,4.47
Kipton,Ohio,OH,False,39,Clouds,-8.63,81,8.23
Lorain,Ohio,OH,False,39,Clouds,-7.25,80,8.23
Sheffield Lake,Ohio,OH,False,39,Clouds,-7.16,79,8.23
Middlefield,Massachusetts,MA,False,25,Snow,-5.31,77,1.79
Montville,Connecticut,CT,False,9,Clouds,-1.9,52,4.63
Newbury,Massachusetts,MA,False,25,Clouds,-4.07,60,0.89
North Kingsville,Ohio,OH,False,39,Clouds,-5.83,81,6.17
North Olmsted,Ohio,OH,False,39,Clouds,-7.66,80,6.69
Orwell,Vermont,VT,False,50,Clouds,-8.45,80,3.81
Painesville,Ohio,OH,False,39,Clouds,-6.03,86,8.75
Twinsburg,Ohio,OH,False,39,Clouds,-7.9,87,4.63
Wickliffe,Kentucky,KY,False,21,Clouds,1.31,63,2.57
Willoughby,Ohio,OH,False,39,Snow,-6.08,86,8.75
Rocky River,Ohio,OH,False,39,Clouds,-7.47,80,6.69
Beachwood,New Jersey,NJ,False,34,Clouds,-2.03,55,6.17
North Royalton,Ohio,OH,False,39,Clouds,-8.71,83,6.69
Strongsville,Ohio,OH,False,39,Clouds,-8.19,83,6.69
Maple Heights,Ohio,OH,False,39,Mist,-7.65,86,8.23
Olmsted Falls,Ohio,OH,False,39,Clouds,-7.82,82,6.69
Bay Village,Ohio,OH,False,39,Clouds,-7.29,80,6.69
Brecksville,Ohio,OH,False,39,Clouds,-7.81,85,4.92
Broadview Heights,Ohio,OH,False,39,Clouds,-8.65,83,6.69
Barberton,Ohio,OH,False,39,Clouds,-7.96,79,4.63
Brady Lake,Ohio,OH,False,39,Clouds,-7.9,81,6.17
Cuyahoga Falls,Ohio,OH,False,39,Clouds,-7.94,80,2.24
Stow,Massachusetts,MA,False,25,Clear,-7.51,60,3.6
Garrettsville,Ohio,OH,False,39,Snow,-7.43,83,4.63
Hiram,Maine,ME,False,23,Clear,-7.69,58,3.6
Homerville,Georgia,GA,False,13,Clear,2.02,87,0.0
Streetsboro,Ohio,OH,False,39,Snow,-8.11,85,4.63
Lakemore,Ohio,OH,False,39,Clouds,-7.94,79,4.63
Westfield Center,Ohio,OH,False,39,Clouds,-8.79,80,6.69
Mogadore,Ohio,OH,False,39,Clouds,-7.83,79,6.17
Munroe Falls,Ohio,OH,False,39,Clouds,-7.94,81,4.63
Peninsula,Ohio,OH,False,39,Clouds,-7.45,83,6.11
Rittman,Ohio,OH,False,39,Clouds,-8.19,80,6.69
Rootstown,Ohio,OH,False,39,Clouds,-7.85,81,4.63
Seville,Georgia,GA,False,13,Clear,2.92,70,0.0
Sharon Center,Ohio,OH,False,39,Clouds,-8.54,82,1.79
Tallmadge,Ohio,OH,False,39,Clouds,-8.02,80,2.24
Windham,New Hampshire,NH,False,33,Clouds,-3.64,60,3.09
Fairlawn,Ohio,OH,False,39,Clouds,-8.13,79,2.24
Berlin Center,Ohio,OH,False,39,Clouds,-7.61,80,6.78
Bristolville,Ohio,OH,False,39,Snow,-7.13,85,4.89
Burghill,Ohio,OH,False,39,Snow,-6.99,80,5.66
Canfield,Ohio,OH,False,39,Clouds,-7.61,76,6.64
Columbiana,Alabama,AL,False,1,Clear,3.06,69,0.0
East Palestine,Ohio,OH,False,39,Clouds,-7.32,72,5.98
Farmdale,Ohio,OH,False,39,Snow,-6.91,87,4.98
Greenford,Ohio,OH,False,39,Clouds,-7.94,76,2.24
Hanoverton,Ohio,OH,False,39,Clouds,-7.04,77,3.13
Lake Milton,Ohio,OH,False,39,Clouds,-7.47,83,6.55
Leavittsburg,Ohio,OH,False,39,Snow,-7.14,82,5.66
Leetonia,Ohio,OH,False,39,Clouds,-7.55,74,2.24
Lowellville,Ohio,OH,False,39,Clouds,-6.84,72,5.14
Masury,Ohio,OH,False,39,Snow,-6.64,75,5.66
Mesopotamia,Ohio,OH,False,39,Snow,-7.09,86,5.46
Mineral Ridge,Ohio,OH,False,39,Clouds,-7.32,78,5.66
Negley,Ohio,OH,False,39,Clouds,-7.07,75,5.81
New Springfield,Ohio,OH,False,39,Clouds,-7.7,73,1.34
Newton Falls,New York,NY,False,36,Snow,-6.89,94,5.24
New Waterford,Ohio,OH,False,39,Clouds,-7.79,73,2.24
North Benton,Ohio,OH,False,39,Clouds,-7.16,85,6.91
North Bloomfield,Ohio,OH,False,39,Snow,-7.17,85,5.08
North Jackson,Ohio,OH,False,39,Clouds,-7.45,80,2.24
North Lima,Ohio,OH,False,39,Clouds,-7.64,74,1.34
Southington,Connecticut,CT,False,9,Clouds,-1.81,53,2.57
Struthers,Ohio,OH,False,39,Clouds,-6.85,74,5.14
Washingtonville,New York,NY,False,36,Clouds,-2.92,57,8.23
West Farmington,Maine,ME,False,23,Clouds,-10.41,55,3.81
Youngstown,New York,NY,False,36,Clouds,-4.48,69,11.32
Apple Creek,Ohio,OH,False,39,Clouds,-8.34,75,6.69
Beach City,Ohio,OH,False,39,Clouds,-7.6,74,5.78
Big Prairie,Ohio,OH,False,39,Clouds,-8.55,80,5.8
Canal Fulton,Ohio,OH,False,39,Clouds,-7.86,78,4.63
Charm,Ohio,OH,False,39,Clouds,-8.63,76,3.13
Dellroy,Ohio,OH,False,39,Clouds,-7.41,75,2.24
East Rochester,New York,NY,False,36,Snow,-4.56,69,7.72
East Sparta,Ohio,OH,False,39,Clouds,-7.64,75,5.42
Glenmont,New York,NY,False,36,Clouds,-2.53,67,4.12
Gnadenhutten,Ohio,OH,False,39,Clouds,-7.27,69,3.6
Holmesville,Ohio,OH,False,39,Clouds,-8.4,80,5.67
Homeworth,Ohio,OH,False,39,Clouds,-7.0,78,6.52
Kidron,Ohio,OH,False,39,Clouds,-8.24,75,6.69
Killbuck,Ohio,OH,False,39,Clouds,-7.51,80,4.65
Limaville,Ohio,OH,False,39,Clouds,-7.78,84,6.92
Marshallville,Georgia,GA,False,13,Clear,2.81,64,0.0
Massillon,Ohio,OH,False,39,Clouds,-7.59,77,4.63
Maximo,Ohio,OH,False,39,Clouds,-7.94,84,6.56
Mechanicstown,Ohio,OH,False,39,Clouds,-7.82,75,5.68
Middlebranch,Ohio,OH,False,39,Clouds,-7.88,78,4.63
Mineral City,Ohio,OH,False,39,Clouds,-7.39,70,3.6
Minerva,New York,NY,False,36,Clouds,-6.79,80,5.34
Mount Eaton,Ohio,OH,False,39,Clouds,-8.64,76,6.27
New Philadelphia,Pennsylvania,PA,False,42,Clouds,-4.88,61,1.79
North Georgetown,Ohio,OH,False,39,Clouds,-7.08,77,3.13
North Lawrence,New York,NY,False,36,Snow,-8.3,73,3.09
Orrville,Alabama,AL,False,1,Clouds,4.94,49,1.91
Sandyville,West Virginia,WV,False,54,Clear,-7.63,80,1.73
Sebring,Florida,FL,False,12,Clear,11.3,61,3.18
Sherrodsville,Ohio,OH,False,39,Clouds,-7.36,70,3.6
Shreve,Ohio,OH,False,39,Clouds,-8.92,79,5.87
Somerdale,New Jersey,NJ,False,34,Clouds,-2.33,51,7.2
Sugarcreek,Ohio,OH,False,39,Clouds,-7.45,71,3.6
Tuscarawas,Ohio,OH,False,39,Clouds,-7.24,68,4.92
Uhrichsville,Ohio,OH,False,39,Clouds,-7.17,69,3.6
Waynesburg,Pennsylvania,PA,False,42,Clouds,-6.94,70,1.79
Winesburg,Ohio,OH,False,39,Clouds,-8.1,82,5.95
Deersville,Ohio,OH,False,39,Clouds,-7.87,80,4.31
Bowerston,Ohio,OH,False,39,Clouds,-7.37,75,4.62
Zoar,Ohio,OH,False,39,Clouds,-7.4,71,3.6
North Canton,Connecticut,CT,False,9,Clouds,-2.52,57,5.66
East Canton,Ohio,OH,False,39,Clouds,-8.12,77,4.63
Alvada,Ohio,OH,False,39,Clouds,-8.54,78,5.85
Bascom,Florida,FL,False,12,Clear,5.95,70,0.0
Berlin Heights,Ohio,OH,False,39,Clouds,-8.52,77,3.13
Bettsville,Ohio,OH,False,39,Clouds,-8.3,82,6.17
Bloomdale,Ohio,OH,False,39,Clouds,-8.0,77,7.6
Bloomville,New York,NY,False,36,Clouds,-6.12,74,8.46
Galion,Ohio,OH,False,39,Clouds,-10.54,81,5.62
Green Springs,Ohio,OH,False,39,Clouds,-8.17,82,6.29
Jeromesville,Ohio,OH,False,39,Clouds,-9.67,91,6.23
Loudonville,Ohio,OH,False,39,Clouds,-9.71,82,5.59
Melmore,Ohio,OH,False,39,Clouds,-7.98,82,6.05
Nankin,Ohio,OH,False,39,Clouds,-9.76,92,6.63
New Riegel,Ohio,OH,False,39,Clouds,-8.51,80,4.47
North Fairfield,Ohio,OH,False,39,Clouds,-9.22,83,6.22
North Robinson,Ohio,OH,False,39,Clouds,-10.37,81,5.61
Nova,Ohio,OH,False,39,Clouds,-9.74,83,6.5
Oceola,Ohio,OH,False,39,Clouds,-9.91,78,5.53
Old Fort,North Carolina,NC,False,37,Clear,-1.64,44,0.89
Shiloh,New Jersey,NJ,False,34,Clear,-3.09,59,7.81
Tiro,Ohio,OH,False,39,Clouds,-10.09,74,6.15
Wakeman,Ohio,OH,False,39,Clouds,-8.75,81,4.47
Addyston,Ohio,OH,False,39,Clouds,-4.92,66,3.09
Cleves,Ohio,OH,False,39,Clear,-4.84,67,3.09
College Corner,Ohio,OH,False,39,Clouds,-6.6,77,2.76
Harveysburg,Ohio,OH,False,39,Clouds,-7.15,75,0.45
Hooven,Ohio,OH,False,39,Clear,-4.65,67,3.09
Kings Mills,Ohio,OH,False,39,Clear,-5.65,68,3.6
Maineville,Ohio,OH,False,39,Clear,-5.75,67,3.6
Miamitown,Ohio,OH,False,39,Clear,-4.79,67,3.09
Mount Saint Joseph,Ohio,OH,False,39,Clouds,-5.1,65,4.12
Okeana,Ohio,OH,False,39,Clear,-5.64,69,0.45
Oregonia,Ohio,OH,False,39,Clear,-6.4,71,3.6
Overpeck,Ohio,OH,False,39,Clear,-5.91,70,2.06
Seven Mile,Ohio,OH,False,39,Clear,-5.98,71,2.06
South Lebanon,Ohio,OH,False,39,Clear,-5.66,69,3.6
Springboro,Pennsylvania,PA,False,42,Clouds,-7.7,93,6.74
West Elkton,Ohio,OH,False,39,Clear,-7.13,77,2.06
Blanchester,Ohio,OH,False,39,Clouds,-5.98,67,2.14
Camp Dennison,Ohio,OH,False,39,Clear,-5.15,65,4.12
Chilo,Ohio,OH,False,39,Clouds,-4.95,66,1.82
Feesburg,Ohio,OH,False,39,Clouds,-5.05,64,1.85
Felicity,Ohio,OH,False,39,Clouds,-5.14,66,1.8
Hamersville,Ohio,OH,False,39,Clouds,-5.22,63,1.85
Higginsport,Ohio,OH,False,39,Clouds,-4.29,66,2.15
Lees Creek,Ohio,OH,False,39,Clouds,-8.72,80,1.34
Miamiville,Ohio,OH,False,39,Clear,-5.1,65,4.12
Mount Orab,Ohio,OH,False,39,Clouds,-5.45,62,1.34
Mowrystown,Ohio,OH,False,39,Clouds,-5.71,63,2.45
Neville,Ohio,OH,False,39,Clouds,-4.91,66,1.64
Newtonsville,Ohio,OH,False,39,Clouds,-5.59,63,0.89
Pleasant Plain,Ohio,OH,False,39,Clouds,-5.82,67,0.89
Port William,Ohio,OH,False,39,Clouds,-9.05,78,3.85
Reesville,Ohio,OH,False,39,Clouds,-9.02,80,4.25
Sabina,Ohio,OH,False,39,Clouds,-9.24,81,1.34
Sardinia,New York,NY,False,36,Snow,-6.46,86,8.79
Sinking Spring,Ohio,OH,False,39,Clouds,-4.97,65,2.39
Terrace Park,Ohio,OH,False,39,Clear,-5.0,64,4.12
Ansonia,Connecticut,CT,False,9,Clouds,-1.71,52,6.69
Arcanum,Ohio,OH,False,39,Clouds,-9.78,82,0.89
Bellbrook,Ohio,OH,False,39,Clear,-7.27,75,2.06
Botkins,Ohio,OH,False,39,Clear,-10.31,81,2.06
Bowersville,Georgia,GA,False,13,Clear,2.51,42,2.06
Burkettsville,Ohio,OH,False,39,Clear,-10.17,79,2.06
Casstown,Ohio,OH,False,39,Clouds,-9.09,77,3.49
Donnelsville,Ohio,OH,False,39,Clear,-8.14,73,2.57
Enon,Ohio,OH,False,39,Clear,-8.01,72,2.57
Fairborn,Ohio,OH,False,39,Clear,-7.81,71,3.09
Gratis,Ohio,OH,False,39,Clear,-7.5,75,2.06
Hollansburg,Ohio,OH,False,39,Clouds,-9.98,72,3.87
Jackson Center,Pennsylvania,PA,False,42,Snow,-8.06,87,6.21
Kettlersville,Ohio,OH,False,39,Clear,-10.39,83,2.06
Lewisburg,Pennsylvania,PA,False,42,Clouds,-4.39,58,4.92
Ludlow Falls,Ohio,OH,False,39,Clouds,-9.14,82,0.89
Medway,Massachusetts,MA,False,25,Clouds,-2.14,61,3.58
Miamisburg,Ohio,OH,False,39,Clear,-7.2,75,2.06
New Lebanon,New York,NY,False,36,Snow,-3.4,65,7.2
New Madison,Ohio,OH,False,39,Clouds,-9.46,84,3.9
New Weston,Ohio,OH,False,39,Clear,-10.13,81,2.06
North Hampton,New Hampshire,NH,False,33,Clouds,-4.73,60,2.06
Pitsburg,Ohio,OH,False,39,Clouds,-9.67,82,0.89
Port Jefferson,New York,NY,False,36,Clouds,-1.53,48,15.2
Potsdam,New York,NY,False,36,Snow,-8.3,92,2.06
Rossburg,Ohio,OH,False,39,Clear,-10.02,81,2.06
Russia,Ohio,OH,False,39,Clear,-10.26,84,2.06
South Charleston,Ohio,OH,False,39,Clear,-9.26,76,2.06
South Vienna,Ohio,OH,False,39,Clear,-9.61,77,1.54
Tipp City,Ohio,OH,False,39,Clouds,-8.27,76,3.09
Tremont City,Ohio,OH,False,39,Clear,-9.11,79,2.06
West Alexandria,Ohio,OH,False,39,Clouds,-7.84,75,3.54
West Manchester,Ohio,OH,False,39,Clouds,-10.09,84,3.86
West Milton,Pennsylvania,PA,False,42,Clouds,-4.5,59,4.92
Wilberforce,Ohio,OH,False,39,Clear,-8.12,73,2.57
Yellow Springs,Ohio,OH,False,39,Clear,-8.16,72,2.57
Yorkshire,New York,NY,False,36,Snow,-6.56,88,8.71
Christiansburg,Virginia,VA,False,51,Clear,-4.33,48,6.17
Bidwell,Ohio,OH,False,39,Clouds,-6.64,73,0.89
Blue Creek,West Virginia,WV,False,54,Clear,-6.3,79,1.77
Bourneville,Ohio,OH,False,39,Clouds,-6.13,74,3.25
Cherry Fork,Ohio,OH,False,39,Clouds,-4.91,65,1.74
Chesapeake,Virginia,VA,False,51,Clear,-1.09,47,2.06
Coalton,West Virginia,WV,False,54,Clouds,-10.57,86,3.58
Creola,Alabama,AL,False,1,Clouds,12.05,59,2.12
Crown City,Ohio,OH,False,39,Clouds,-5.67,75,1.82
Franklin Furnace,Ohio,OH,False,39,Clear,-4.38,54,2.57
Gallipolis,Ohio,OH,False,39,Clouds,-6.62,73,2.25
Hamden,Connecticut,CT,False,9,Clouds,-1.55,53,3.58
Kerr,Ohio,OH,False,39,Clouds,-6.57,73,0.89
Kitts Hill,Ohio,OH,False,39,Clear,-4.73,57,2.57
Londonderry,New Hampshire,NH,False,33,Clouds,-4.23,62,2.24
Lucasville,Ohio,OH,False,39,Clear,-5.09,63,0.0
Lynx,Ohio,OH,False,39,Clouds,-4.45,62,0.89
Minford,Ohio,OH,False,39,Clear,-5.02,63,0.0
Oak Hill,New York,NY,False,36,Clouds,-3.74,75,2.24
Otway,Ohio,OH,False,39,Clouds,-4.57,67,1.57
Pedro,Ohio,OH,False,39,Clear,-4.27,54,2.57
Peebles,Ohio,OH,False,39,Clouds,-4.84,65,1.79
Piketon,Ohio,OH,False,39,Clouds,-6.14,72,1.97
West Portsmouth,Ohio,OH,False,39,Clear,-4.8,63,0.0
Proctorville,North Carolina,NC,False,37,Clear,-0.97,69,0.0
Rarden,Ohio,OH,False,39,Clouds,-4.44,65,1.59
Richmond Dale,Ohio,OH,False,39,Clouds,-6.01,72,2.4
Rio Grande,New Jersey,NJ,False,34,Clouds,-1.98,33,5.14
Rock Camp,Ohio,OH,False,39,Clouds,-7.59,76,5.52
Scioto Furnace,Ohio,OH,False,39,Clear,-5.04,63,0.0
Scottown,Ohio,OH,False,39,Clouds,-5.32,72,1.77
Seaman,Ohio,OH,False,39,Clouds,-4.94,65,1.82
South Point,Ohio,OH,False,39,Clouds,-4.46,65,1.66
South Salem,New York,NY,False,36,Clouds,-3.09,54,6.69
South Webster,Ohio,OH,False,39,Clear,-5.1,63,0.0
Wheelersburg,Ohio,OH,False,39,Clear,-4.8,63,0.0
Wilkesville,Ohio,OH,False,39,Clear,-6.14,72,0.0
Willow Wood,Ohio,OH,False,39,Clouds,-5.28,60,1.77
Zaleski,Ohio,OH,False,39,Clear,-10.92,92,0.0
Amesville,Ohio,OH,False,39,Clear,-9.53,75,2.29
Barlow,Kentucky,KY,False,21,Clouds,1.26,62,3.09
Buchtel,Ohio,OH,False,39,Clear,-10.84,72,2.74
Chauncey,West Virginia,WV,False,54,Clouds,-4.77,81,2.79
Coal Run,Ohio,OH,False,39,Clear,-9.2,75,2.57
Coolville,Ohio,OH,False,39,Clear,-7.86,80,1.65
Dexter City,Ohio,OH,False,39,Clouds,-8.35,77,2.87
Glouster,Ohio,OH,False,39,Clear,-8.4,73,2.68
Guysville,Ohio,OH,False,39,Clear,-9.69,77,1.91
Hockingport,Ohio,OH,False,39,Clear,-7.63,80,1.34
Langsville,Ohio,OH,False,39,Clouds,-6.48,73,2.56
Little Hocking,Ohio,OH,False,39,Clear,-8.44,80,1.57
Long Bottom,Ohio,OH,False,39,Clear,-7.14,76,1.34
Lower Salem,Ohio,OH,False,39,Clouds,-7.81,77,2.64
Middleport,New York,NY,False,36,Clouds,-5.14,74,6.26
Millfield,Ohio,OH,False,39,Clear,-10.81,74,2.53
New Marshfield,Ohio,OH,False,39,Clear,-11.25,92,0.0
New Matamoras,Ohio,OH,False,39,Clear,-7.68,76,3.0
Shade,Ohio,OH,False,39,Clear,-11.25,92,0.0
The Plains,Virginia,VA,False,51,Clear,-5.46,60,4.64
Tuppers Plains,Ohio,OH,False,39,Clear,-7.16,73,1.34
Whipple,Ohio,OH,False,39,Clear,-7.66,67,0.0
Wingett Run,Ohio,OH,False,39,Clouds,-7.78,77,2.83
Beaverdam,Virginia,VA,False,51,Clear,-2.64,46,0.0
Gomer,Ohio,OH,False,39,Clouds,-10.34,77,4.47
Antwerp,New York,NY,False,36,Clouds,-3.68,74,3.09
Belmore,Ohio,OH,False,39,Clouds,-8.92,85,6.71
Benton Ridge,Ohio,OH,False,39,Clouds,-8.29,77,7.2
Chickasaw,Ohio,OH,False,39,Clear,-10.29,84,2.06
Columbus Grove,Ohio,OH,False,39,Clouds,-10.08,82,5.66
Continental,Ohio,OH,False,39,Clear,-9.65,68,5.11
Convoy,Ohio,OH,False,39,Clouds,-10.51,79,4.23
Dola,Ohio,OH,False,39,Clouds,-9.93,75,4.98
Jenera,Ohio,OH,False,39,Clouds,-8.25,72,7.2
Fort Jennings,Ohio,OH,False,39,Clouds,-10.52,86,4.62
Fort Loramie,Ohio,OH,False,39,Clear,-10.78,87,2.06
Fort Recovery,Ohio,OH,False,39,Clear,-10.01,64,1.54
Glandorf,Ohio,OH,False,39,Clouds,-9.35,85,5.66
Grover Hill,Ohio,OH,False,39,Clouds,-10.46,88,4.74
Harrod,Ohio,OH,False,39,Clouds,-10.84,76,3.6
Kalida,Ohio,OH,False,39,Clouds,-10.16,85,5.66
Latty,Ohio,OH,False,39,Clouds,-9.97,65,4.78
Leipsic,Ohio,OH,False,39,Clouds,-9.0,85,5.66
Maria Stein,Ohio,OH,False,39,Clear,-10.7,85,2.06
Middle Point,Ohio,OH,False,39,Clouds,-10.55,85,3.13
Minster,Ohio,OH,False,39,Clear,-10.65,85,2.06
Mount Blanchard,Ohio,OH,False,39,Clouds,-8.21,72,7.2
Mount Cory,Ohio,OH,False,39,Clouds,-9.14,79,7.2
New Bremen,Ohio,OH,False,39,Clear,-10.32,83,2.06
New Hampshire,Ohio,OH,False,39,Clouds,-11.08,79,3.6
New Knoxville,Ohio,OH,False,39,Clear,-9.94,82,2.06
North Baltimore,Ohio,OH,False,39,Clouds,-8.05,77,7.2
Ottoville,Ohio,OH,False,39,Clouds,-10.47,86,4.67
Paulding,Mississippi,MS,False,28,Clouds,8.98,58,2.42
Payne,Ohio,OH,False,39,Clouds,-9.99,85,4.57
Rawson,Ohio,OH,False,39,Clouds,-8.33,77,7.2
Uniopolis,Ohio,OH,False,39,Clouds,-10.89,75,3.6
Vanlue,Ohio,OH,False,39,Clouds,-8.13,74,7.2
Vaughnsville,Ohio,OH,False,39,Clouds,-10.39,79,2.24
Venedocia,Ohio,OH,False,39,Clouds,-10.58,84,3.13
Wapakoneta,Ohio,OH,False,39,Clear,-10.2,79,2.06
Waynesfield,Ohio,OH,False,39,Clouds,-11.08,79,3.6
Willshire,Ohio,OH,False,39,Clouds,-10.5,79,4.17
Wren,Ohio,OH,False,39,Clouds,-10.57,79,4.17
Fishers,New York,NY,False,36,Snow,-5.05,70,2.24
Fortville,Indiana,IN,False,18,Clear,-8.14,76,2.06
Frankton,Indiana,IN,False,18,Clear,-10.23,81,2.06
Kirklin,Indiana,IN,False,18,Clouds,-9.89,81,2.53
Lapel,Indiana,IN,False,18,Clouds,-8.59,77,0.89
Markleville,Indiana,IN,False,18,Clear,-9.22,76,2.06
Michigantown,Indiana,IN,False,18,Clouds,-13.05,92,2.57
Noblesville,Indiana,IN,False,18,Clouds,-8.63,79,0.89
Orestes,Indiana,IN,False,18,Clouds,-10.24,84,2.78
Sharpsville,Pennsylvania,PA,False,42,Snow,-7.06,78,5.66
Summitville,New York,NY,False,36,Clouds,-4.2,76,7.2
Thorntown,Indiana,IN,False,18,Clouds,-12.99,92,2.57
Whitestown,Indiana,IN,False,18,Clouds,-7.93,77,2.37
Windfall,Indiana,IN,False,18,Clouds,-11.53,68,2.98
Zionsville,Pennsylvania,PA,False,42,Clouds,-4.49,54,7.2
Amo,Indiana,IN,False,18,Clouds,-6.34,68,2.06
Bainbridge,New York,NY,False,36,Clouds,-5.95,81,1.79
Bargersville,Indiana,IN,False,18,Clouds,-6.39,72,0.89
Boggstown,Indiana,IN,False,18,Clouds,-6.35,72,2.33
Brownsburg,Virginia,VA,False,51,Clear,-8.3,61,6.21
Camby,Indiana,IN,False,18,Clouds,-6.57,73,4.12
Charlottesville,Virginia,VA,False,51,Clear,-3.17,46,4.47
Coatesville,Pennsylvania,PA,False,42,Clouds,-3.83,59,5.14
Edinburgh,Indiana,IN,False,18,Clouds,-5.48,68,2.57
Finly,Indiana,IN,False,18,Clouds,-6.72,72,3.13
Fountaintown,Indiana,IN,False,18,Clouds,-6.72,72,3.13
Greencastle,Pennsylvania,PA,False,42,Clouds,-4.98,57,9.26
Gwynneville,Indiana,IN,False,18,Clouds,-6.8,73,2.15
Knightstown,Indiana,IN,False,18,Clouds,-6.69,78,2.28
Lizton,Indiana,IN,False,18,Clouds,-7.07,77,2.0
Mays,Indiana,IN,False,18,Clouds,-7.04,75,2.38
Morgantown,Pennsylvania,PA,False,42,Clouds,-4.46,59,5.14
Needham,Massachusetts,MA,False,25,Clouds,8.84,45,1.85
New Palestine,Indiana,IN,False,18,Clouds,-6.65,72,3.13
Nineveh,New York,NY,False,36,Snow,-6.08,79,2.24
North Salem,New Hampshire,NH,False,33,Clouds,-3.99,61,3.09
Paragon,Indiana,IN,False,18,Clouds,-5.37,97,1.48
Pittsboro,North Carolina,NC,False,37,Clear,-2.37,60,2.06
Putnamville,Indiana,IN,False,18,Clouds,-6.09,72,2.06
Reelsville,Indiana,IN,False,18,Clouds,-6.05,72,2.06
Roachdale,Indiana,IN,False,18,Clouds,-6.53,59,1.77
Stilesville,Indiana,IN,False,18,Clouds,-6.23,68,2.06
Trafalgar,Indiana,IN,False,18,Clouds,-6.35,73,1.81
West Newton,Massachusetts,MA,False,25,Clouds,-1.76,58,6.69
Whiteland,Indiana,IN,False,18,Clouds,-6.32,72,0.89
Wilkinson,West Virginia,WV,False,54,Clouds,-5.07,82,2.72
Beverly Shores,Indiana,IN,False,18,Clouds,-8.32,77,6.05
Boone Grove,Indiana,IN,False,18,Clear,-8.95,76,4.12
Chesterton,Indiana,IN,False,18,Clear,-8.21,75,4.12
Crown Point,New York,NY,False,36,Clouds,-5.97,72,1.77
Demotte,Indiana,IN,False,18,Clouds,-9.13,81,3.95
East Chicago,Indiana,IN,False,18,Clear,-8.11,73,3.6
Griffith,Indiana,IN,False,18,Clear,-8.2,73,3.6
Munster,Indiana,IN,False,18,Clear,-8.21,73,3.6
Kingsford Heights,Indiana,IN,False,18,Clear,-8.78,79,2.06
Kouts,Indiana,IN,False,18,Clear,-8.58,73,4.12
Michigan City,Mississippi,MS,False,28,Clouds,5.66,62,2.77
North Judson,Indiana,IN,False,18,Clouds,-10.03,45,4.11
Rolling Prairie,Indiana,IN,False,18,Clear,-8.47,71,2.06
Roselawn,Indiana,IN,False,18,Clouds,-9.18,81,3.94
San Pierre,Indiana,IN,False,18,Clouds,-9.56,83,4.12
Schererville,Indiana,IN,False,18,Clear,-8.3,73,3.6
Schneider,Indiana,IN,False,18,Clouds,-9.61,81,3.78
Sumava Resorts,Indiana,IN,False,18,Clouds,-9.53,81,3.79
Tefft,Indiana,IN,False,18,Clouds,-8.86,46,4.08
Union Mills,North Carolina,NC,False,37,Clear,-1.73,51,1.79
Wanatah,Indiana,IN,False,18,Clear,-8.17,71,4.12
Wheatfield,Indiana,IN,False,18,Clouds,-9.27,81,4.04
Lake Station,Indiana,IN,False,18,Clear,-8.2,74,3.09
Merrillville,Indiana,IN,False,18,Clear,-8.36,73,3.6
Argos,Indiana,IN,False,18,Clear,-9.16,79,3.09
Burket,Indiana,IN,False,18,Clear,-9.94,80,4.12
Etna Green,Indiana,IN,False,18,Clear,-9.56,80,4.12
Grovertown,Indiana,IN,False,18,Clear,-8.81,78,3.09
Hamlet,North Carolina,NC,False,37,Clear,-0.16,43,0.0
Middlebury,Vermont,VT,False,50,Clouds,-7.04,75,0.0
Mishawaka,Indiana,IN,False,18,Clear,-8.45,76,3.09
Nappanee,Indiana,IN,False,18,Clear,-9.5,78,5.14
New Carlisle,Ohio,OH,False,39,Clear,-8.25,73,3.09
New Paris,Pennsylvania,PA,False,42,Clouds,-7.54,53,3.6
North Webster,Indiana,IN,False,18,Clear,-10.22,84,4.12
Notre Dame,Indiana,IN,False,18,Clear,-8.42,76,3.09
Pierceton,Indiana,IN,False,18,Clear,-10.49,82,4.12
Shipshewana,Indiana,IN,False,18,Clear,-10.86,79,2.57
Tippecanoe,Ohio,OH,False,39,Clouds,-7.53,80,3.87
Walkerton,Virginia,VA,False,51,Clear,-2.96,50,1.54
Winona Lake,Indiana,IN,False,18,Clear,-10.17,82,4.12
Berne,New York,NY,False,36,Snow,-4.94,71,0.45
Bippus,Indiana,IN,False,18,Clouds,-10.61,67,3.55
Churubusco,New York,NY,False,36,Snow,-11.22,93,5.95
Craigville,Indiana,IN,False,18,Clouds,-10.66,81,0.89
Grabill,Indiana,IN,False,18,Clear,-10.23,82,2.68
Hoagland,Indiana,IN,False,18,Clouds,-10.58,80,3.6
Huntertown,Indiana,IN,False,18,Clear,-10.11,84,0.0
Kendallville,Indiana,IN,False,18,Clouds,-10.37,70,4.3
Kimmell,Indiana,IN,False,18,Clouds,-10.41,87,3.97
Larwill,Indiana,IN,False,18,Clouds,-10.66,85,2.24
Leo,Indiana,IN,False,18,Clear,-10.08,82,0.0
Ligonier,Pennsylvania,PA,False,42,Clouds,-8.14,84,6.19
Markle,Indiana,IN,False,18,Clouds,-10.67,81,3.77
Mongo,Indiana,IN,False,18,Clear,-10.05,83,3.09
Monroeville,New Jersey,NJ,False,34,Clear,-2.82,56,0.45
Petroleum,West Virginia,WV,False,54,Clear,-8.05,77,1.98
Pleasant Mills,Indiana,IN,False,18,Clouds,-10.5,79,4.17
Poneto,Indiana,IN,False,18,Clouds,-10.62,81,3.88
Preble,New York,NY,False,36,Clouds,-5.88,73,7.6
Rome City,Indiana,IN,False,18,Clouds,-10.13,79,4.15
South Milford,Indiana,IN,False,18,Clear,-10.03,85,3.09
South Whitley,Indiana,IN,False,18,Clouds,-10.39,82,3.72
Stroh,Indiana,IN,False,18,Clear,-9.88,85,3.09
Uniondale,New York,NY,False,36,Clear,-1.58,46,7.15
Wawaka,Indiana,IN,False,18,Clouds,-10.15,85,4.03
Wolcottville,Indiana,IN,False,18,Clouds,-10.06,79,4.23
Wolflake,Indiana,IN,False,18,Clouds,-10.68,90,3.91
Zanesville,Ohio,OH,False,39,Clouds,-9.3,79,4.12
Fort Wayne,Indiana,IN,False,18,Clouds,-10.25,81,3.6
Kokomo,Mississippi,MS,False,28,Clouds,11.81,74,3.6
Bringhurst,Indiana,IN,False,18,Clouds,-12.0,67,2.67
Burrows,Indiana,IN,False,18,Clear,-11.93,79,2.06
Deedsville,Indiana,IN,False,18,Clear,-10.86,82,2.57
Delong,Indiana,IN,False,18,Clouds,-8.79,48,3.78
Delphi,Indiana,IN,False,18,Clear,-11.27,79,2.06
Gas City,Indiana,IN,False,18,Clear,-11.1,83,2.57
Grass Creek,Indiana,IN,False,18,Clouds,-10.95,50,3.4
Greentown,Pennsylvania,PA,False,42,Clouds,-6.43,64,1.34
Kewanna,Indiana,IN,False,18,Clouds,-10.99,49,3.51
La Fontaine,Indiana,IN,False,18,Clouds,-10.63,86,1.34
Lagro,Indiana,IN,False,18,Clouds,-10.44,84,3.32
Lake Cicott,Indiana,IN,False,18,Clear,-11.95,79,2.06
Laketon,Indiana,IN,False,18,Clouds,-10.57,84,3.43
Leiters Ford,Indiana,IN,False,18,Clouds,-9.03,48,3.72
Liberty Mills,Indiana,IN,False,18,Clouds,-10.36,80,3.6
North Manchester,Indiana,IN,False,18,Clouds,-10.52,84,3.54
Onward,Indiana,IN,False,18,Clear,-11.96,79,3.09
Ora,Indiana,IN,False,18,Clouds,-8.74,45,3.98
Roann,Indiana,IN,False,18,Clouds,-10.59,84,1.79
Rockfield,Kentucky,KY,False,21,Clouds,-0.52,65,2.06
Royal Center,Indiana,IN,False,18,Clouds,-12.01,50,3.47
Russiaville,Indiana,IN,False,18,Clouds,-10.87,82,3.13
Servia,Indiana,IN,False,18,Clouds,-10.7,84,3.46
Swayzee,Indiana,IN,False,18,Clear,-11.57,82,4.12
Sweetser,Indiana,IN,False,18,Clear,-11.1,83,3.09
Twelve Mile,Indiana,IN,False,18,Clouds,-11.75,60,2.8
West Middleton,Indiana,IN,False,18,Clear,-10.83,83,4.12
Winamac,Indiana,IN,False,18,Clouds,-6.53,44,3.94
West College Corner,Indiana,IN,False,18,Clouds,-7.04,77,0.45
Dillsboro,North Carolina,NC,False,37,Clear,-1.28,40,4.63
East Enterprise,Indiana,IN,False,18,Clouds,-5.46,64,2.68
Lawrenceburg,Tennessee,TN,False,47,Clouds,3.63,52,1.54
Moores Hill,Indiana,IN,False,18,Clouds,-6.17,72,2.33
New Trenton,Indiana,IN,False,18,Clear,-5.81,72,0.45
Oldenburg,Indiana,IN,False,18,Clear,-6.49,75,1.54
Osgood,Ohio,OH,False,39,Clear,-10.64,85,3.09
Patriot,Ohio,OH,False,39,Clouds,-6.17,71,2.22
Rising Sun,Maryland,MD,False,24,Clear,-3.98,64,6.58
Sunman,Indiana,IN,False,18,Clear,-6.17,73,1.54
Vevay,Indiana,IN,False,18,Clouds,-4.67,65,2.68
Bethlehem,New Hampshire,NH,False,33,Clouds,-12.36,81,2.06
Borden,Indiana,IN,False,18,Clouds,-3.6,61,1.71
Campbellsburg,Kentucky,KY,False,21,Clouds,-4.92,65,2.06
Charlestown,Massachusetts,MA,False,25,Clouds,-1.65,57,7.2
Depauw,Indiana,IN,False,18,Clouds,-4.57,68,1.5
Eckerty,Indiana,IN,False,18,Clouds,-4.06,70,0.99
English,Indiana,IN,False,18,Clouds,-4.35,48,1.01
Floyds Knobs,Indiana,IN,False,18,Clouds,-3.0,57,1.59
Hardinsburg,Kentucky,KY,False,21,Clouds,-2.45,46,1.06
Henryville,Pennsylvania,PA,False,42,Clouds,-4.99,60,8.75
Jeffersonville,Vermont,VT,False,50,Snow,-10.31,87,0.89
Laconia,New Hampshire,NH,False,33,Clear,-8.22,73,3.09
Lanesville,New York,NY,False,36,Clouds,-5.33,69,4.92
Mauckport,Indiana,IN,False,18,Clouds,-4.08,64,1.12
Nabb,Indiana,IN,False,18,Clouds,-4.12,64,1.89
New Middletown,Ohio,OH,False,39,Clouds,-7.76,71,5.14
New Salisbury,Indiana,IN,False,18,Clouds,-4.62,67,1.68
New Washington,Ohio,OH,False,39,Clouds,-9.74,68,6.21
Otisco,Indiana,IN,False,18,Clouds,-4.28,64,1.79
Sellersburg,Indiana,IN,False,18,Clouds,-2.77,60,1.57
Taswell,Indiana,IN,False,18,Clouds,-4.05,70,0.97
Butlerville,Indiana,IN,False,18,Clouds,-7.02,51,2.07
Canaan,New Hampshire,NH,False,33,Clouds,-9.51,81,3.48
Commiskey,Indiana,IN,False,18,Clear,-3.76,68,0.0
Crothersville,Indiana,IN,False,18,Clouds,-3.38,61,1.86
Deputy,Indiana,IN,False,18,Clear,-3.51,61,0.0
Freetown,Indiana,IN,False,18,Clouds,-5.9,77,1.49
Grammer,Indiana,IN,False,18,Clouds,-5.64,68,2.57
Hartsville,South Carolina,SC,False,45,Clear,-0.18,70,0.0
Kurtz,Indiana,IN,False,18,Clouds,-5.72,77,1.4
Millhousen,Indiana,IN,False,18,Clouds,-7.1,68,2.46
New Point,Virginia,VA,False,51,Clear,-3.1,44,5.7
North Vernon,Indiana,IN,False,18,Clouds,-6.83,51,2.03
Paris Crossing,Indiana,IN,False,18,Clear,-3.61,68,0.0
Vallonia,Indiana,IN,False,18,Clouds,-5.7,77,1.64
Cambridge City,Indiana,IN,False,18,Clouds,-9.09,78,2.99
Connersville,Indiana,IN,False,18,Clouds,-8.1,79,2.27
Daleville,Virginia,VA,False,51,Clear,-2.25,41,6.17
Dunkirk,New York,NY,False,36,Clouds,-4.44,72,9.26
Dunreith,Indiana,IN,False,18,Clouds,-7.1,74,2.5
Economy,Indiana,IN,False,18,Clouds,-10.23,81,1.79
Farmland,Indiana,IN,False,18,Clouds,-10.56,82,3.57
Greensboro,Vermont,VT,False,50,Clouds,-12.16,85,3.6
Greens Fork,Indiana,IN,False,18,Clouds,-9.76,77,3.41
Hagerstown,Maryland,MD,False,24,Clouds,-4.98,55,9.26
Hartford City,Indiana,IN,False,18,Clouds,-9.76,68,3.4
Losantville,Indiana,IN,False,18,Clouds,-10.4,81,1.79
Mount Summit,Indiana,IN,False,18,Clouds,-10.52,81,0.45
Parker City,Indiana,IN,False,18,Clouds,-10.59,81,3.43
Pennville,Indiana,IN,False,18,Clear,-9.91,62,1.54
Pershing,Indiana,IN,False,18,Clouds,-9.11,77,3.03
Redkey,Indiana,IN,False,18,Clear,-10.05,63,1.54
Ridgeville,South Carolina,SC,False,45,Clouds,1.5,70,0.0
Salamonia,Indiana,IN,False,18,Clear,-10.08,63,1.54
Spiceland,Indiana,IN,False,18,Clouds,-9.92,81,2.57
Straughn,Indiana,IN,False,18,Clouds,-9.71,80,2.82
Clear Creek,West Virginia,WV,False,54,Clear,-6.52,73,3.51
Ellettsville,Indiana,IN,False,18,Clear,-5.47,77,1.54
French Lick,Indiana,IN,False,18,Clouds,-3.38,65,0.0
Gosport,Indiana,IN,False,18,Clouds,-5.61,98,1.39
Harrodsburg,Kentucky,KY,False,21,Clouds,-3.72,45,1.48
Helmsburg,Indiana,IN,False,18,Clouds,-4.41,74,0.89
Heltonville,Indiana,IN,False,18,Clouds,-4.79,71,1.43
Jasonville,Indiana,IN,False,18,Clouds,-4.6,72,1.67
Koleen,Indiana,IN,False,18,Clouds,-4.05,71,1.41
Oolitic,Indiana,IN,False,18,Clouds,-4.5,70,1.42
Owensburg,Indiana,IN,False,18,Clouds,-4.72,70,1.25
Patricksburg,Indiana,IN,False,18,Clouds,-5.72,49,1.53
Solsberry,Indiana,IN,False,18,Clear,-5.43,72,1.54
Stinesville,Indiana,IN,False,18,Clear,-5.5,82,1.54
Switz City,Indiana,IN,False,18,Clouds,-4.35,69,1.7
Tunnelton,West Virginia,WV,False,54,Clouds,-10.74,81,1.79
West Baden Springs,Indiana,IN,False,18,Clouds,-3.57,66,0.0
Birdseye,Indiana,IN,False,18,Clouds,-4.44,70,1.08
Branchville,New Jersey,NJ,False,34,Clouds,-3.43,52,5.14
Cannelburg,Indiana,IN,False,18,Clouds,-3.25,66,2.06
Cannelton,West Virginia,WV,False,54,Clear,-5.23,75,2.48
Celestine,Indiana,IN,False,18,Clouds,-3.76,66,0.0
Edwardsport,Indiana,IN,False,18,Clouds,-3.3,65,2.06
Elnora,Indiana,IN,False,18,Clouds,-3.49,68,1.7
Freelandville,Indiana,IN,False,18,Clouds,-3.4,65,0.89
Gentryville,Indiana,IN,False,18,Clouds,-1.92,59,3.09
Huntingburg,Indiana,IN,False,18,Clouds,-1.95,59,3.09
Ireland,West Virginia,WV,False,54,Clear,-9.29,77,2.52
Loogootee,Indiana,IN,False,18,Clouds,-3.24,63,2.06
Mariah Hill,Indiana,IN,False,18,Clouds,-2.0,59,3.09
Oaktown,Indiana,IN,False,18,Clouds,-3.26,63,0.0
Odon,Indiana,IN,False,18,Clouds,-3.84,66,2.06
Otwell,Indiana,IN,False,18,Clouds,-3.17,45,1.25
Ragsdale,Indiana,IN,False,18,Clouds,-3.43,64,2.06
Saint Croix,Indiana,IN,False,18,Clouds,-2.51,48,0.97
Saint Meinrad,Indiana,IN,False,18,Clouds,-1.79,59,3.09
Sandborn,Indiana,IN,False,18,Clouds,-3.28,65,1.65
Santa Claus,Indiana,IN,False,18,Clouds,-1.68,59,3.09
Schnellville,Indiana,IN,False,18,Clouds,-3.77,68,1.14
Shoals,West Virginia,WV,False,54,Clouds,-5.75,76,1.8
Spurgeon,Indiana,IN,False,18,Clouds,-2.22,63,1.41
Stendal,Indiana,IN,False,18,Clouds,-2.27,59,3.09
Tell City,Indiana,IN,False,18,Clouds,-1.05,35,1.54
Velpen,Indiana,IN,False,18,Clouds,-1.97,59,3.09
Vincennes,Indiana,IN,False,18,Clouds,-3.01,59,0.0
Chrisney,Indiana,IN,False,18,Clouds,-1.8,50,1.54
Cynthiana,Kentucky,KY,False,21,Clouds,-5.2,50,2.42
Elberfeld,Indiana,IN,False,18,Clouds,-1.55,61,2.06
Griffin,Georgia,GA,False,13,Clear,0.13,62,0.0
Inglefield,Indiana,IN,False,18,Clouds,-1.59,62,2.06
Newburgh,New York,NY,False,36,Clouds,-2.3,56,6.17
Poseyville,Indiana,IN,False,18,Clouds,-1.35,67,1.35
Wadesville,Indiana,IN,False,18,Clouds,-1.43,66,1.34
Haubstadt,Indiana,IN,False,18,Clouds,-1.69,63,2.06
Buckskin,Indiana,IN,False,18,Clouds,-1.93,63,1.51
Fort Branch,Indiana,IN,False,18,Clouds,-1.71,43,1.49
Francisco,Indiana,IN,False,18,Clouds,-2.19,63,1.55
Mackey,Indiana,IN,False,18,Clouds,-2.1,63,1.52
Oakland City,Indiana,IN,False,18,Clouds,-2.16,63,1.46
Terre Haute,Indiana,IN,False,18,Clouds,-4.28,73,1.54
Bellmore,New York,NY,False,36,Clear,-1.45,45,8.05
Blanford,Indiana,IN,False,18,Clouds,-5.56,75,1.54
Brazil,Indiana,IN,False,18,Clouds,-5.12,75,1.54
Dugger,Indiana,IN,False,18,Clouds,-4.57,72,1.65
Fontanet,Indiana,IN,False,18,Clouds,-5.14,76,1.54
Graysville,Pennsylvania,PA,False,42,Clouds,2.42,68,1.83
Hymera,Indiana,IN,False,18,Clouds,-4.41,72,1.66
Knightsville,Indiana,IN,False,18,Clouds,-5.88,81,1.54
Merom,Indiana,IN,False,18,Clouds,-4.41,46,1.57
New Goshen,Indiana,IN,False,18,Clouds,-5.26,76,1.54
Pimento,Indiana,IN,False,18,Clouds,-4.27,71,1.54
Poland,Maine,ME,False,23,Clear,-8.67,65,4.12
Prairie Creek,Indiana,IN,False,18,Clouds,-4.07,70,1.69
Prairieton,Indiana,IN,False,18,Clouds,-4.1,70,1.54
Saint Bernice,Indiana,IN,False,18,Clouds,-5.68,75,1.54
Saint Mary Of The Woods,Indiana,IN,False,18,Clouds,-4.61,73,1.54
Seelyville,Indiana,IN,False,18,Clouds,-4.61,74,1.54
Shelburn,Indiana,IN,False,18,Clouds,-4.41,72,1.68
Shepardsville,Indiana,IN,False,18,Clouds,-5.17,78,1.54
Universal,Indiana,IN,False,18,Clouds,-5.57,80,1.54
West Terre Haute,Indiana,IN,False,18,Clouds,-4.17,73,1.54
West Lafayette,Ohio,OH,False,39,Clouds,-8.24,78,1.34
Ambia,Indiana,IN,False,18,Clouds,-9.43,93,2.26
Brook,Indiana,IN,False,18,Clear,-9.96,79,4.12
Buck Creek,Indiana,IN,False,18,Clear,-12.12,92,0.0
Burnettsville,Indiana,IN,False,18,Clear,-12.17,79,2.06
Chalmers,Indiana,IN,False,18,Clear,-12.0,79,2.06
Clarks Hill,South Carolina,SC,False,45,Clear,4.66,45,2.35
Earl Park,Indiana,IN,False,18,Clouds,-9.71,62,2.31
Francesville,Indiana,IN,False,18,Clouds,-8.33,79,3.72
Idaville,Pennsylvania,PA,False,42,Clear,-5.74,51,6.12
Kentland,Indiana,IN,False,18,Clouds,-9.47,58,2.53
Ladoga,Indiana,IN,False,18,Clouds,-9.05,62,0.0
Medaryville,Indiana,IN,False,18,Clouds,-8.35,79,3.93
Mellott,Indiana,IN,False,18,Clouds,-8.82,64,1.6
Monon,Indiana,IN,False,18,Clouds,-9.72,79,3.43
Montmorenci,South Carolina,SC,False,45,Clear,1.57,65,3.09
Morocco,Indiana,IN,False,18,Clouds,-10.02,46,3.27
New Ross,Indiana,IN,False,18,Clouds,-9.17,62,0.0
Otterbein,Indiana,IN,False,18,Clear,-11.88,92,0.0
Perrysville,Ohio,OH,False,39,Clouds,-9.82,82,5.7
Pine Village,Indiana,IN,False,18,Clouds,-9.36,93,2.08
Remington,Virginia,VA,False,51,Clear,-4.56,53,3.09
Rensselaer,New York,NY,False,36,Snow,-2.88,70,3.09
Romney,West Virginia,WV,False,54,Clouds,-5.1,59,4.79
State Line,Pennsylvania,PA,False,42,Clouds,-5.34,56,9.26
Stockwell,Indiana,IN,False,18,Clouds,-12.8,92,2.57
Talbot,Indiana,IN,False,18,Clouds,-9.5,93,2.28
Veedersburg,Indiana,IN,False,18,Clouds,-7.16,63,1.49
Waveland,Mississippi,MS,False,28,Clouds,13.99,58,4.12
Waynetown,Indiana,IN,False,18,Clouds,-8.93,62,0.0
West Lebanon,New Hampshire,NH,False,33,Clouds,-7.11,77,2.57
Westpoint,Tennessee,TN,False,47,Clouds,4.59,52,2.41
Williamsport,Pennsylvania,PA,False,42,Clouds,-4.68,60,6.69
Yeoman,Indiana,IN,False,18,Clear,-12.0,79,2.06
Algonac,Michigan,MI,False,26,Clouds,-6.59,66,8.71
Anchorville,Michigan,MI,False,26,Clouds,-6.37,61,8.23
Armada,Michigan,MI,False,26,Clouds,-7.34,74,7.28
Capac,Michigan,MI,False,26,Clouds,-7.91,78,7.27
Center Line,Michigan,MI,False,26,Clouds,-6.42,66,5.66
Eastpointe,Michigan,MI,False,26,Clouds,-6.27,65,8.23
Fair Haven,Vermont,VT,False,50,Clouds,-3.96,57,4.45
Goodells,Michigan,MI,False,26,Clouds,-7.47,69,4.02
Harsens Island,Michigan,MI,False,26,Clouds,-6.01,64,10.09
Hazel Park,Michigan,MI,False,26,Clouds,-6.53,67,5.66
Jeddo,Michigan,MI,False,26,Clear,-7.43,71,6.84
Southfield,Massachusetts,MA,False,25,Clouds,-6.81,68,5.66
Clinton Township,Michigan,MI,False,26,Clouds,-6.32,66,8.23
Marine City,Michigan,MI,False,26,Clouds,-7.14,62,7.26
Mount Clemens,Michigan,MI,False,26,Clouds,-5.98,66,8.23
Harrison Township,Michigan,MI,False,26,Clouds,-5.95,65,8.23
New Baltimore,New York,NY,False,36,Clouds,-2.15,66,5.05
East China,Michigan,MI,False,26,Clouds,-7.15,63,3.13
Fort Gratiot,Michigan,MI,False,26,Clouds,-7.04,69,6.17
Port Huron,Michigan,MI,False,26,Clouds,-6.97,67,6.17
Royal Oak,Maryland,MD,False,24,Clear,-2.94,55,5.66
Pleasant Ridge,Michigan,MI,False,26,Clouds,-6.63,67,5.66
Huntington Woods,Michigan,MI,False,26,Clouds,-6.71,67,5.66
Madison Heights,Virginia,VA,False,51,Clear,-1.85,39,0.0
Berkley,Massachusetts,MA,False,25,Clouds,-9.68,74,2.06
Smiths Creek,Michigan,MI,False,26,Clouds,-7.18,65,3.09
Saint Clair Shores,Michigan,MI,False,26,Clouds,-6.22,65,8.23
Ray,Ohio,OH,False,39,Clouds,-6.77,72,2.48
Allen Park,Michigan,MI,False,26,Clouds,-6.23,64,7.72
Ann Arbor,Michigan,MI,False,26,Clouds,-7.08,71,6.17
Azalia,Michigan,MI,False,26,Clouds,-6.64,73,6.2
Melvindale,Michigan,MI,False,26,Clouds,-6.27,65,7.72
Dearborn Heights,Michigan,MI,False,26,Clouds,-6.48,67,7.72
Grosse Ile,Michigan,MI,False,26,Clouds,-5.96,64,7.72
Lambertville,New Jersey,NJ,False,34,Clouds,-3.26,53,7.2
Lincoln Park,New Jersey,NJ,False,34,Clouds,-2.37,49,5.14
Luna Pier,Michigan,MI,False,26,Clouds,-6.03,66,5.66
Maybee,Michigan,MI,False,26,Clouds,-6.44,71,5.66
New Hudson,Michigan,MI,False,26,Clear,-7.51,72,1.79
Pinckney,Michigan,MI,False,26,Clouds,-7.36,75,6.17
Romulus,New York,NY,False,36,Clear,-5.05,69,8.66
Samaria,Michigan,MI,False,26,Clouds,-6.42,68,5.66
South Lyon,Michigan,MI,False,26,Clear,-7.41,73,3.13
South Rockwood,Michigan,MI,False,26,Clouds,-5.94,62,7.72
Temperance,Michigan,MI,False,26,Clouds,-6.37,66,3.09
Westland,Pennsylvania,PA,False,42,Clouds,-7.35,73,4.12
Whitmore Lake,Michigan,MI,False,26,Clouds,-7.34,73,2.68
Whittaker,Michigan,MI,False,26,Clouds,-6.56,69,6.17
Riverview,Florida,FL,False,12,Clear,9.69,68,2.06
Southgate,Michigan,MI,False,26,Clouds,-6.17,58,7.72
Hamtramck,Michigan,MI,False,26,Clouds,-6.41,65,9.77
River Rouge,Michigan,MI,False,26,Clouds,-6.35,63,9.77
Harper Woods,Michigan,MI,False,26,Clouds,-6.21,66,9.77
Ecorse,Michigan,MI,False,26,Clouds,-6.32,63,9.77
Grosse Pointe,Michigan,MI,False,26,Clouds,-6.29,65,9.77
Bloomfield Hills,Michigan,MI,False,26,Clouds,-7.26,68,8.23
Sterling Heights,Michigan,MI,False,26,Clouds,-6.45,66,8.23
Keego Harbor,Michigan,MI,False,26,Clouds,-7.56,69,10.73
Auburn Hills,Michigan,MI,False,26,Clouds,-7.9,72,8.23
West Bloomfield,New York,NY,False,36,Clouds,-5.85,71,4.47
Drayton Plains,Michigan,MI,False,26,Clouds,-7.83,72,8.23
Davisburg,Michigan,MI,False,26,Clouds,-8.06,72,8.23
Lake Orion,Michigan,MI,False,26,Clouds,-8.19,77,8.23
Novi,Michigan,MI,False,26,Clear,-7.43,71,3.13
Commerce Township,Michigan,MI,False,26,Clouds,-7.49,71,10.73
Union Lake,Michigan,MI,False,26,Clouds,-7.63,71,10.73
Walled Lake,Michigan,MI,False,26,Clouds,-7.52,71,10.73
Wixom,Michigan,MI,False,26,Clouds,-7.52,72,8.23
Atlas,Michigan,MI,False,26,Clouds,-8.29,77,6.69
Bad Axe,Michigan,MI,False,26,Clouds,-7.99,67,6.17
Birch Run,Michigan,MI,False,26,Clouds,-8.24,76,6.6
Brown City,Michigan,MI,False,26,Clouds,-7.76,81,7.05
Carsonville,Michigan,MI,False,26,Clouds,-8.38,74,4.02
Columbiaville,New York,NY,False,36,Clouds,-1.75,60,2.97
Croswell,Michigan,MI,False,26,Clear,-7.68,67,7.43
Davison,Michigan,MI,False,26,Clouds,-8.24,77,6.69
Deckerville,Michigan,MI,False,26,Clouds,-8.4,74,4.02
Filion,Michigan,MI,False,26,Clouds,-7.78,67,6.17
Flushing,New York,NY,False,36,Clouds,-1.54,44,8.75
Gaines,Pennsylvania,PA,False,42,Clouds,-7.35,81,5.91
Grand Blanc,Michigan,MI,False,26,Clouds,-8.29,77,6.69
Hadley,Massachusetts,MA,False,25,Clouds,-2.02,62,1.34
Harbor Beach,Michigan,MI,False,26,Clouds,-5.94,68,9.29
Imlay City,Michigan,MI,False,26,Clouds,-8.2,73,5.66
Kinde,Michigan,MI,False,26,Clouds,-6.92,66,6.17
Lapeer,Michigan,MI,False,26,Clouds,-8.02,67,5.66
Lennon,Michigan,MI,False,26,Clouds,-8.22,74,6.69
Marlette,Michigan,MI,False,26,Clear,-7.81,67,6.96
Minden City,Michigan,MI,False,26,Clouds,-8.42,70,7.06
New Lothrop,Michigan,MI,False,26,Clouds,-7.95,71,4.12
Otisville,New York,NY,False,36,Clouds,-4.4,72,0.89
Otter Lake,Michigan,MI,False,26,Clouds,-8.29,70,6.7
Palms,Michigan,MI,False,26,Clouds,-8.43,74,7.23
Port Austin,Michigan,MI,False,26,Clouds,-6.56,65,5.66
Port Hope,Michigan,MI,False,26,Clouds,-5.97,63,5.66
Port Sanilac,Michigan,MI,False,26,Clouds,-7.91,74,9.38
Sandusky,New York,NY,False,36,Snow,-9.24,90,8.63
Snover,Michigan,MI,False,26,Clouds,-8.3,67,7.3
Swartz Creek,Michigan,MI,False,26,Clouds,-8.2,75,6.69
Ubly,Michigan,MI,False,26,Clouds,-8.06,67,6.17
Alger,Ohio,OH,False,39,Clear,-11.71,85,4.12
Brant,New York,NY,False,36,Clouds,-4.69,69,11.31
Chesaning,Michigan,MI,False,26,Clouds,-7.59,67,6.52
Comins,Michigan,MI,False,26,Clouds,-9.36,73,5.84
Edenville,Michigan,MI,False,26,Clouds,-8.13,62,3.6
Gladwin,Michigan,MI,False,26,Clouds,-7.31,63,6.28
Hemlock,New York,NY,False,36,Clouds,-5.12,74,4.92
Higgins Lake,Michigan,MI,False,26,Clouds,-9.01,73,6.17
Houghton Lake,Michigan,MI,False,26,Clouds,-8.99,73,6.17
Houghton Lake Heights,Michigan,MI,False,26,Clouds,-8.99,73,6.17
Kawkawlin,Michigan,MI,False,26,Clouds,-8.3,71,6.69
Lake,West Virginia,WV,False,54,Clouds,-5.71,76,2.52
Mio,Michigan,MI,False,26,Clouds,-9.29,79,3.13
Pinconning,Michigan,MI,False,26,Clouds,-8.37,74,6.92
Prudenville,Michigan,MI,False,26,Clouds,-9.0,73,6.17
Roscommon,Michigan,MI,False,26,Clouds,-8.96,73,6.17
Rose City,Michigan,MI,False,26,Clouds,-8.15,66,5.76
Saint Helen,Michigan,MI,False,26,Clouds,-9.11,70,5.59
Au Gres,Michigan,MI,False,26,Clouds,-7.24,61,6.6
Barton City,Michigan,MI,False,26,Clouds,-9.56,62,5.76
Bay Port,Michigan,MI,False,26,Clouds,-7.27,74,4.92
Black River,New York,NY,False,36,Snow,-4.47,85,5.14
Caro,Michigan,MI,False,26,Clouds,-8.05,73,5.66
Caseville,Michigan,MI,False,26,Clouds,-7.24,74,4.92
Cass City,Michigan,MI,False,26,Clouds,-7.98,68,6.82
Curran,Michigan,MI,False,26,Clouds,-7.69,66,5.99
Deford,Michigan,MI,False,26,Clouds,-8.11,66,6.99
East Tawas,Michigan,MI,False,26,Clouds,-7.75,76,4.47
Essexville,Michigan,MI,False,26,Clear,-8.35,74,6.7
Fairgrove,Michigan,MI,False,26,Clouds,-7.91,74,5.66
Frankenmuth,Michigan,MI,False,26,Clouds,-8.53,71,6.17
Gagetown,Michigan,MI,False,26,Clouds,-7.99,68,6.76
Glennie,Michigan,MI,False,26,Clouds,-8.72,61,5.64
Harrisville,Rhode Island,RI,False,44,Clouds,-2.53,64,3.6
Mikado,Michigan,MI,False,26,Clear,-8.05,67,6.17
Munger,Michigan,MI,False,26,Clouds,-8.31,72,6.17
Omer,Michigan,MI,False,26,Clouds,-6.73,60,6.56
Oscoda,Michigan,MI,False,26,Clear,-7.9,67,6.17
Owendale,Michigan,MI,False,26,Clouds,-7.34,69,7.15
Pigeon,Michigan,MI,False,26,Clouds,-7.32,74,8.22
Reese,Michigan,MI,False,26,Clouds,-8.1,73,6.17
Sebewaing,Michigan,MI,False,26,Clouds,-7.25,71,8.19
Silverwood,Michigan,MI,False,26,Clouds,-8.24,68,6.58
South Branch,Michigan,MI,False,26,Clouds,-7.45,62,5.76
Spruce,Michigan,MI,False,26,Snow,-2.2,90,6.8
Tawas City,Michigan,MI,False,26,Clouds,-7.75,76,4.47
Twining,Michigan,MI,False,26,Clouds,-6.56,58,6.18
Okemos,Michigan,MI,False,26,Clouds,-7.75,75,6.69
Bannister,Michigan,MI,False,26,Clear,-8.21,77,4.92
Belding,Michigan,MI,False,26,Clear,-8.15,79,5.42
Cedar Lake,Indiana,IN,False,18,Clouds,-9.6,81,1.34
Cohoctah,Michigan,MI,False,26,Clouds,-7.88,78,6.17
Corunna,Indiana,IN,False,18,Clear,-10.16,85,0.0
Dansville,New York,NY,False,36,Clouds,-4.2,58,4.12
Dimondale,Michigan,MI,False,26,Clouds,-7.81,74,6.69
East Lansing,Michigan,MI,False,26,Clouds,-7.77,74,6.69
Eaton Rapids,Michigan,MI,False,26,Clouds,-7.7,83,3.09
Elm Hall,Michigan,MI,False,26,Clouds,-8.61,71,5.14
Elwell,Michigan,MI,False,26,Clouds,-8.57,71,5.14
Fenwick,West Virginia,WV,False,54,Clear,-10.34,71,0.45
Fowlerville,Michigan,MI,False,26,Clouds,-7.53,76,6.71
Grand Ledge,Michigan,MI,False,26,Clouds,-7.93,67,6.69
Haslett,Michigan,MI,False,26,Clouds,-7.79,75,6.69
Hubbardston,Massachusetts,MA,False,25,Clouds,-4.23,65,5.17
Laingsburg,Michigan,MI,False,26,Clear,-7.62,78,5.92
Lake Odessa,Michigan,MI,False,26,Clouds,-8.02,73,6.17
Maple Rapids,Michigan,MI,False,26,Clear,-7.89,67,6.0
Morrice,Michigan,MI,False,26,Clouds,-7.48,68,6.17
Muir,Pennsylvania,PA,False,42,Clouds,-4.84,58,7.72
Mulliken,Michigan,MI,False,26,Clear,-8.0,70,5.58
North Star,Ohio,OH,False,39,Clear,-10.53,84,2.57
Owosso,Michigan,MI,False,26,Clouds,-6.99,68,6.17
Perrinton,Michigan,MI,False,26,Snow,-8.08,67,5.14
Pewamo,Michigan,MI,False,26,Clouds,-7.86,73,4.63
Pompeii,Michigan,MI,False,26,Clouds,-7.99,67,5.14
Potterville,Michigan,MI,False,26,Clouds,-8.06,79,2.57
Rosebush,Michigan,MI,False,26,Clouds,-8.64,72,4.12
Saranac,New York,NY,False,36,Clouds,-9.45,87,4.32
Shaftsburg,Michigan,MI,False,26,Clear,-7.79,76,6.06
Six Lakes,Michigan,MI,False,26,Clear,-8.2,66,6.02
Smyrna,New York,NY,False,36,Clouds,-5.97,79,3.58
Sunfield,Michigan,MI,False,26,Clear,-8.11,70,5.58
Vestaburg,Pennsylvania,PA,False,42,Clouds,-6.92,66,1.79
Webberville,Michigan,MI,False,26,Clouds,-7.54,77,6.17
Weidman,Michigan,MI,False,26,Clouds,-9.35,75,5.81
Williamston,North Carolina,NC,False,37,Clear,-1.45,45,2.64
Winn,Maine,ME,False,23,Clouds,-10.75,61,4.01
Kalamazoo,Michigan,MI,False,26,Clouds,-8.83,67,2.57
Allegan,Michigan,MI,False,26,Clouds,-8.08,80,0.89
Benton Harbor,Michigan,MI,False,26,Clear,-3.56,56,5.66
Breedsville,Michigan,MI,False,26,Clouds,-6.3,73,5.14
Cassopolis,Michigan,MI,False,26,Clouds,-9.08,57,3.98
Centreville,Virginia,VA,False,51,Clouds,-4.57,52,9.26
Constantine,Michigan,MI,False,26,Clear,-9.94,73,2.57
Covert,Michigan,MI,False,26,Clouds,-4.98,50,5.14
Delton,Michigan,MI,False,26,Clouds,-8.21,68,5.06
Dowagiac,Michigan,MI,False,26,Clouds,-6.21,68,3.95
Dowling,Michigan,MI,False,26,Clouds,-8.08,71,5.01
East Leroy,Michigan,MI,False,26,Clouds,-8.78,76,3.6
Gobles,Michigan,MI,False,26,Clouds,-7.23,80,0.45
Hickory Corners,Michigan,MI,False,26,Clouds,-8.05,73,3.6
Lacota,Michigan,MI,False,26,Clouds,-6.77,82,0.89
Leonidas,Michigan,MI,False,26,Clouds,-9.53,78,4.81
Marcellus,New York,NY,False,36,Snow,-5.14,72,8.75
Mattawan,Michigan,MI,False,26,Clouds,-7.63,67,2.57
Nottawa,Michigan,MI,False,26,Clear,-10.47,73,2.57
Oshtemo,Michigan,MI,False,26,Clouds,-9.18,67,2.57
Otsego,Michigan,MI,False,26,Clouds,-8.5,80,4.98
Plainwell,Michigan,MI,False,26,Clouds,-8.65,81,4.99
Schoolcraft,Michigan,MI,False,26,Clouds,-9.34,69,2.57
Scotts,North Carolina,NC,False,37,Clear,-1.0,45,0.0
Tekonsha,Michigan,MI,False,26,Clouds,-8.94,77,4.12
Vermontville,New York,NY,False,36,Snow,-8.13,73,3.6
Vicksburg,Pennsylvania,PA,False,42,Clouds,-4.62,59,4.12
Watervliet,New York,NY,False,36,Snow,-3.18,74,3.09
White Pigeon,Michigan,MI,False,26,Clear,-10.8,73,2.57
Baroda,Michigan,MI,False,26,Clear,-4.62,56,5.66
Berrien Center,Michigan,MI,False,26,Clouds,-6.23,62,0.45
Berrien Springs,Michigan,MI,False,26,Clouds,-5.69,60,0.45
Bridgman,Michigan,MI,False,26,Clouds,-4.65,55,4.92
Edwardsburg,Michigan,MI,False,26,Clear,-9.22,76,2.57
Galien,Michigan,MI,False,26,Clear,-8.28,66,4.12
Harbert,Michigan,MI,False,26,Clouds,-4.84,50,6.41
New Buffalo,Pennsylvania,PA,False,42,Clouds,-4.42,58,5.36
New Troy,Michigan,MI,False,26,Clouds,-5.21,50,5.5
Sodus,New York,NY,False,36,Snow,-4.05,73,11.96
Three Oaks,Michigan,MI,False,26,Clouds,-8.43,69,4.76
Union Pier,Michigan,MI,False,26,Clear,-8.1,73,3.6
Blissfield,Ohio,OH,False,39,Clouds,-8.88,79,4.19
Cement City,Michigan,MI,False,26,Clouds,-8.53,80,6.11
Clarklake,Michigan,MI,False,26,Clouds,-7.9,74,3.6
Grass Lake,Michigan,MI,False,26,Clouds,-7.53,75,3.13
Manitou Beach,Michigan,MI,False,26,Clouds,-8.48,80,6.1
Michigan Center,Michigan,MI,False,26,Clouds,-7.65,74,3.6
Mosherville,Michigan,MI,False,26,Clear,-9.09,80,4.12
Munith,Michigan,MI,False,26,Clouds,-7.46,71,6.32
North Adams,Massachusetts,MA,False,25,Snow,-4.64,64,7.2
Norvell,Michigan,MI,False,26,Clouds,-7.29,75,4.02
Onondaga,Michigan,MI,False,26,Clouds,-7.69,84,4.63
Onsted,Michigan,MI,False,26,Clear,-7.62,76,3.09
Ottawa Lake,Michigan,MI,False,26,Clouds,-7.09,69,3.09
Pittsford,Vermont,VT,False,50,Clouds,-4.97,68,0.89
Pleasant Lake,Indiana,IN,False,18,Clear,-9.97,85,3.09
Riga,Michigan,MI,False,26,Clouds,-7.17,71,3.09
Rives Junction,Michigan,MI,False,26,Clouds,-7.77,83,3.6
Somerset Center,Michigan,MI,False,26,Clouds,-8.65,80,1.34
Spring Arbor,Michigan,MI,False,26,Clouds,-7.85,81,3.6
Springport,Indiana,IN,False,18,Clear,-10.52,80,1.54
Barryton,Michigan,MI,False,26,Clouds,-8.87,64,5.41
Big Rapids,Michigan,MI,False,26,Clouds,-7.96,73,3.6
Bitely,Michigan,MI,False,26,Clear,-7.9,61,4.24
Brohman,Michigan,MI,False,26,Clear,-8.08,62,4.27
Burnips,Michigan,MI,False,26,Clouds,-8.82,82,0.45
Byron Center,Michigan,MI,False,26,Clouds,-8.12,80,3.09
Cannonsburg,Michigan,MI,False,26,Clouds,-7.88,81,3.09
Casnovia,Michigan,MI,False,26,Clear,-8.38,82,5.02
Cedar Springs,Georgia,GA,False,13,Clear,3.92,46,1.57
Chippewa Lake,Ohio,OH,False,39,Clouds,-9.2,82,2.24
Comstock Park,Michigan,MI,False,26,Clouds,-7.52,81,0.89
Coral,Pennsylvania,PA,False,42,Clouds,-7.32,73,6.17
Dorr,Michigan,MI,False,26,Clouds,-9.25,85,5.43
Howard City,Michigan,MI,False,26,Clear,-8.88,63,5.43
Kent City,Michigan,MI,False,26,Clear,-8.15,82,5.0
Mecosta,Michigan,MI,False,26,Clouds,-8.11,65,5.75
Middleville,New Jersey,NJ,False,34,Clear,-3.48,52,3.09
Newaygo,Michigan,MI,False,26,Clouds,-7.85,73,3.09
Remus,Michigan,MI,False,26,Clouds,-9.91,65,5.87
Sand Lake,New York,NY,False,36,Snow,-4.8,75,0.89
Trufant,Michigan,MI,False,26,Clear,-8.73,85,5.5
Conklin,New York,NY,False,36,Clouds,-5.59,73,0.89
Coopersville,Michigan,MI,False,26,Clouds,-7.57,80,5.19
Fennville,Michigan,MI,False,26,Clouds,-5.58,60,5.14
Ferrysburg,Michigan,MI,False,26,Clouds,-5.69,67,6.26
Free Soil,Michigan,MI,False,26,Clouds,-7.23,71,6.17
Fruitport,Michigan,MI,False,26,Clouds,-5.73,66,6.26
Grand Haven,Michigan,MI,False,26,Clouds,-5.71,69,5.36
Grandville,Michigan,MI,False,26,Clouds,-7.76,80,3.09
Hudsonville,Michigan,MI,False,26,Clouds,-7.74,79,0.89
Jenison,Michigan,MI,False,26,Clouds,-7.79,80,0.45
Ludington,Michigan,MI,False,26,Clouds,-7.02,68,3.6
Macatawa,Michigan,MI,False,26,Clouds,-5.0,65,5.14
Mears,Virginia,VA,False,51,Clear,-2.97,46,3.09
Muskegon,Michigan,MI,False,26,Clouds,-5.69,64,6.26
New Era,Michigan,MI,False,26,Clear,-6.41,74,5.75
Nunica,Michigan,MI,False,26,Clouds,-6.3,72,6.1
Pentwater,Michigan,MI,False,26,Clear,-6.66,74,5.36
Rothbury,Michigan,MI,False,26,Clear,-6.19,75,1.34
Saugatuck,Michigan,MI,False,26,Clouds,-4.67,64,5.14
Twin Lake,Michigan,MI,False,26,Clouds,-6.27,74,4.57
Walkerville,Michigan,MI,False,26,Clear,-7.13,57,4.55
West Olive,Michigan,MI,False,26,Clouds,-6.05,71,4.02
Sylvan Beach,New York,NY,False,36,Snow,-4.93,94,6.02
Cadillac,Michigan,MI,False,26,Clouds,-10.05,79,3.09
Bear Lake,Pennsylvania,PA,False,42,Snow,-8.3,92,7.13
Benzonia,Michigan,MI,False,26,Clouds,-6.27,58,7.2
Boon,Michigan,MI,False,26,Clouds,-10.18,79,3.09
Brethren,Michigan,MI,False,26,Clouds,-7.14,68,6.17
Central Lake,Michigan,MI,False,26,Clouds,-6.44,66,2.06
Copemish,Michigan,MI,False,26,Clouds,-6.45,66,5.19
Elk Rapids,Michigan,MI,False,26,Clouds,-6.67,70,8.75
Evart,Michigan,MI,False,26,Clouds,-8.89,81,5.16
Falmouth,Massachusetts,MA,False,25,Clouds,-7.54,63,3.6
Fife Lake,Michigan,MI,False,26,Clouds,-7.82,69,5.15
Filer City,Michigan,MI,False,26,Clouds,-6.96,71,6.17
Glen Arbor,Michigan,MI,False,26,Clouds,-7.21,68,9.52
Grawn,Michigan,MI,False,26,Clouds,-8.26,72,2.06
Harrietta,Michigan,MI,False,26,Clouds,-9.66,70,4.9
Hersey,Michigan,MI,False,26,Clouds,-8.84,81,3.6
Honor,Michigan,MI,False,26,Clouds,-5.95,58,7.2
Idlewild,Tennessee,TN,False,47,Clouds,1.85,59,0.0
Interlochen,Michigan,MI,False,26,Clouds,-8.2,72,2.06
Irons,Michigan,MI,False,26,Clouds,-6.37,57,4.41
Kaleva,Michigan,MI,False,26,Clouds,-7.01,61,5.23
Kalkaska,Michigan,MI,False,26,Clouds,-8.44,75,6.2
Kewadin,Michigan,MI,False,26,Clouds,-6.08,58,2.06
Lake Ann,Michigan,MI,False,26,Clouds,-8.28,72,5.18
Lake Leelanau,Michigan,MI,False,26,Clouds,-7.22,71,4.47
Mancelona,Michigan,MI,False,26,Clouds,-8.62,75,2.06
Manistee,Michigan,MI,False,26,Clouds,-7.05,71,6.17
Merritt,North Carolina,NC,False,37,Clear,-1.69,66,2.77
Mesick,Michigan,MI,False,26,Clouds,-9.29,71,5.16
Old Mission,Michigan,MI,False,26,Clouds,-7.13,71,10.01
Omena,Michigan,MI,False,26,Clouds,-7.18,71,11.14
Onekama,Michigan,MI,False,26,Clouds,-6.84,72,6.17
Reed City,Michigan,MI,False,26,Clouds,-8.94,81,3.6
Sears,Michigan,MI,False,26,Clouds,-8.97,64,5.1
South Boardman,Michigan,MI,False,26,Clouds,-7.83,70,5.66
Suttons Bay,Michigan,MI,False,26,Clouds,-7.18,71,4.47
Traverse City,Michigan,MI,False,26,Clouds,-7.22,67,2.06
Mackinaw City,Michigan,MI,False,26,Clouds,-6.5,78,9.26
Alanson,Michigan,MI,False,26,Clouds,-7.14,73,7.72
Barbeau,Michigan,MI,False,26,Mist,-7.42,79,8.23
Bay Shore,New York,NY,False,36,Clear,-1.59,47,6.17
Boyne City,Michigan,MI,False,26,Clouds,-7.08,76,6.98
Boyne Falls,Michigan,MI,False,26,Clouds,-7.34,73,6.38
Brimley,Michigan,MI,False,26,Snow,-6.3,83,12.86
Brutus,Michigan,MI,False,26,Clouds,-7.16,72,7.72
Burt Lake,Michigan,MI,False,26,Clouds,-7.27,72,7.72
Carp Lake,Michigan,MI,False,26,Clouds,-6.95,74,7.72
Charlevoix,Michigan,MI,False,26,Clouds,-6.91,69,9.26
Cheboygan,Michigan,MI,False,26,Clouds,-6.41,80,7.72
Cross Village,Michigan,MI,False,26,Clouds,-7.01,75,12.94
Dafter,Michigan,MI,False,26,Mist,-6.81,81,12.86
De Tour Village,Michigan,MI,False,26,Snow,-5.84,68,5.66
Drummond Island,Michigan,MI,False,26,Snow,-6.02,68,5.66
East Jordan,Michigan,MI,False,26,Clouds,-7.16,71,2.06
Eckerman,Michigan,MI,False,26,Clouds,-7.57,87,6.09
Goetzville,Michigan,MI,False,26,Snow,-6.15,87,6.78
Good Hart,Michigan,MI,False,26,Clouds,-7.25,75,12.69
Harbor Springs,Michigan,MI,False,26,Clouds,-7.09,74,8.05
Hawks,Michigan,MI,False,26,Clouds,-7.5,71,5.66
Herron,Michigan,MI,False,26,Clouds,-8.12,65,3.6
Hessel,Michigan,MI,False,26,Clouds,-7.28,78,9.87
Hubbard Lake,Michigan,MI,False,26,Clouds,-9.35,100,6.27
Indian River,Michigan,MI,False,26,Clouds,-7.13,74,5.45
Kinross,Michigan,MI,False,26,Mist,-7.94,81,8.23
Lachine,Michigan,MI,False,26,Clouds,-8.14,65,3.6
Levering,Michigan,MI,False,26,Clouds,-7.23,68,7.72
Mackinac Island,Michigan,MI,False,26,Clouds,-6.54,77,9.26
Mullett Lake,Michigan,MI,False,26,Clouds,-6.82,75,7.72
Naubinway,Michigan,MI,False,26,Clouds,-7.46,72,8.44
Onaway,Michigan,MI,False,26,Clouds,-7.93,83,5.62
Ossineke,Michigan,MI,False,26,Clouds,-9.06,94,7.54
Pellston,Michigan,MI,False,26,Clouds,-7.16,70,7.72
Petoskey,Michigan,MI,False,26,Clouds,-7.16,74,8.05
Pickford,Michigan,MI,False,26,Mist,-7.62,79,8.23
Pointe Aux Pins,Michigan,MI,False,26,Clouds,-6.23,81,9.26
Rogers City,Michigan,MI,False,26,Clouds,-6.94,70,8.94
Saint Ignace,Michigan,MI,False,26,Clouds,-6.64,75,9.26
Beaver Island,Michigan,MI,False,26,Clouds,-8.03,67,8.75
Kincheloe,Michigan,MI,False,26,Mist,-8.0,81,8.23
Topinabee,Michigan,MI,False,26,Clouds,-7.12,72,7.72
Walloon Lake,Michigan,MI,False,26,Clouds,-7.17,74,6.17
Waters,Michigan,MI,False,26,Clouds,-8.89,62,6.17
Wolverine,Michigan,MI,False,26,Clouds,-7.35,73,5.88
Iron Mountain,Michigan,MI,False,26,Clear,-13.86,68,5.14
Kingsford,Michigan,MI,False,26,Clear,-13.7,69,5.14
Allouez,Michigan,MI,False,26,Haze,-11.17,78,11.32
Au Train,Michigan,MI,False,26,Clouds,-11.11,72,6.17
Bark River,Michigan,MI,False,26,Clear,-12.27,67,5.14
Big Bay,Michigan,MI,False,26,Clouds,-9.86,70,1.34
Cooks,Michigan,MI,False,26,Clouds,-12.47,66,0.45
Deerton,Michigan,MI,False,26,Clouds,-11.28,72,10.98
Eben Junction,Michigan,MI,False,26,Clouds,-11.79,72,0.45
Rumely,Michigan,MI,False,26,Clouds,-11.95,72,0.45
Engadine,Michigan,MI,False,26,Clouds,-7.64,72,7.3
Escanaba,Michigan,MI,False,26,Clear,-12.03,67,5.14
Felch,Michigan,MI,False,26,Clear,-13.14,71,5.56
Foster City,Michigan,MI,False,26,Clear,-12.92,69,5.46
Garden,Michigan,MI,False,26,Clear,-12.24,66,5.42
Germfask,Michigan,MI,False,26,Clouds,-7.94,72,6.02
Gould City,Michigan,MI,False,26,Clouds,-7.77,72,6.66
Gulliver,Michigan,MI,False,26,Clouds,-10.9,62,7.2
Gwinn,Michigan,MI,False,26,Clear,-12.71,72,8.23
Hermansville,Michigan,MI,False,26,Clear,-12.13,64,5.05
Ishpeming,Michigan,MI,False,26,Clouds,-13.18,78,5.68
Manistique,Michigan,MI,False,26,Clouds,-10.91,62,7.2
Menominee,Michigan,MI,False,26,Clear,-11.96,56,3.6
Michigamme,Michigan,MI,False,26,Clouds,-14.96,83,6.13
Munising,Michigan,MI,False,26,Clouds,-8.03,73,6.17
Nadeau,Michigan,MI,False,26,Clear,-10.53,62,4.7
Nahma,Michigan,MI,False,26,Clear,-12.22,66,5.02
National Mine,Michigan,MI,False,26,Clouds,-13.44,78,1.79
Negaunee,Michigan,MI,False,26,Clouds,-12.78,76,4.47
Newberry,South Carolina,SC,False,45,Clear,0.02,80,0.25
Perronville,Michigan,MI,False,26,Clear,-12.47,64,4.88
Quinnesec,Michigan,MI,False,26,Clear,-13.25,69,5.14
Rapid River,Michigan,MI,False,26,Clear,-12.05,73,2.68
Sagola,Michigan,MI,False,26,Clouds,-15.15,74,5.93
Seney,Michigan,MI,False,26,Snow,-6.16,73,5.02
Shingleton,Michigan,MI,False,26,Clouds,-8.43,73,6.17
Skandia,Michigan,MI,False,26,Clear,-11.78,71,8.23
Stephenson,Virginia,VA,False,51,Clouds,-5.21,59,7.2
Trenary,Michigan,MI,False,26,Clouds,-11.64,72,5.06
Ahmeek,Michigan,MI,False,26,Haze,-10.79,78,11.32
Amasa,Michigan,MI,False,26,Clouds,-12.82,79,6.09
Atlantic Mine,Michigan,MI,False,26,Haze,-11.32,69,11.32
Baraga,Michigan,MI,False,26,Clouds,-12.62,79,0.45
Bergland,Michigan,MI,False,26,Clouds,-12.43,75,5.47
Bessemer,Pennsylvania,PA,False,42,Clouds,2.61,69,1.5
Bruce Crossing,Michigan,MI,False,26,Clouds,-12.2,76,4.76
Caspian,Michigan,MI,False,26,Clouds,-13.08,77,5.75
Chassell,Michigan,MI,False,26,Haze,-10.48,62,11.32
Copper City,Michigan,MI,False,26,Haze,-10.81,78,11.32
Copper Harbor,Michigan,MI,False,26,Clouds,-7.98,73,12.49
Crystal Falls,Michigan,MI,False,26,Clouds,-14.94,74,6.0
Dollar Bay,Michigan,MI,False,26,Haze,-10.51,67,11.32
Ewen,Michigan,MI,False,26,Clouds,-12.26,76,4.69
Gaastra,Michigan,MI,False,26,Clouds,-13.19,77,5.75
Ironwood,Michigan,MI,False,26,Clear,-17.59,60,6.17
Kearsarge,New Hampshire,NH,False,33,Clear,-7.96,63,5.14
Lake Linden,Michigan,MI,False,26,Haze,-10.32,75,11.32
Lanse,Pennsylvania,PA,False,42,Clouds,-8.38,71,6.33
Marenisco,Michigan,MI,False,26,Clouds,-16.35,72,4.68
Mass City,Michigan,MI,False,26,Clouds,-11.38,72,5.51
Mohawk,New York,NY,False,36,Snow,-4.69,82,7.72
Nisula,Michigan,MI,False,26,Clouds,-13.56,75,5.03
Ontonagon,Michigan,MI,False,26,Clouds,-8.83,67,8.33
Painesdale,Michigan,MI,False,26,Haze,-11.75,68,11.32
Pelkie,Michigan,MI,False,26,Clouds,-12.73,79,4.89
Sidnaw,Michigan,MI,False,26,Clouds,-12.34,78,5.3
Skanee,Michigan,MI,False,26,Clouds,-11.37,70,8.12
Toivola,Michigan,MI,False,26,Clouds,-11.76,75,6.63
Watersmeet,Michigan,MI,False,26,Clear,-15.79,60,4.12
Watton,Michigan,MI,False,26,Clouds,-14.42,79,5.38
White Pine,Tennessee,TN,False,47,Clouds,-4.88,71,0.67
Ackworth,Iowa,IA,False,19,Clouds,-9.34,71,3.79
Alleman,Iowa,IA,False,19,Clouds,-9.44,76,1.54
Anita,Pennsylvania,PA,False,42,Clouds,-7.58,77,2.68
Ankeny,Iowa,IA,False,19,Clouds,-9.41,74,1.54
Atlantic,Pennsylvania,PA,False,42,Mist,-7.86,85,4.12
Barnes City,Iowa,IA,False,19,Clouds,-8.87,67,2.44
Bevington,Iowa,IA,False,19,Clouds,-9.24,74,4.06
Blairsburg,Iowa,IA,False,19,Clouds,-9.22,57,3.6
Bouton,Iowa,IA,False,19,Clouds,-9.68,75,0.89
Boxholm,Iowa,IA,False,19,Clouds,-9.01,54,3.22
Brayton,Iowa,IA,False,19,Clouds,-10.6,68,5.66
Bussey,Iowa,IA,False,19,Clouds,-8.92,59,3.31
Chariton,Iowa,IA,False,19,Clouds,-9.99,67,4.63
Churdan,Iowa,IA,False,19,Clouds,-9.84,56,3.74
Clemons,New York,NY,False,36,Clouds,-2.51,70,4.59
Colo,Iowa,IA,False,19,Clouds,-8.35,66,2.15
Coon Rapids,Iowa,IA,False,19,Snow,-9.95,63,3.94
Corydon,Kentucky,KY,False,21,Clouds,-1.79,61,1.34
Cumming,Georgia,GA,False,13,Clouds,-0.48,63,2.02
Melcher Dallas,Iowa,IA,False,19,Clouds,-9.04,62,3.09
Dallas Center,Iowa,IA,False,19,Clouds,-9.85,78,3.32
Davis City,Iowa,IA,False,19,Snow,-7.6,62,7.2
Dows,Iowa,IA,False,19,Clouds,-9.98,28,3.26
Earlham,Iowa,IA,False,19,Clouds,-11.42,63,4.01
Ellston,Iowa,IA,False,19,Snow,-8.19,86,5.44
Exira,Iowa,IA,False,19,Clouds,-10.0,73,3.6
Ferguson,North Carolina,NC,False,37,Clear,-1.85,49,1.16
Grand River,Ohio,OH,False,39,Snow,-6.18,87,9.26
Guthrie Center,Iowa,IA,False,19,Snow,-8.82,64,4.15
Haverhill,Massachusetts,MA,False,25,Clouds,-3.97,61,5.66
Humeston,Iowa,IA,False,19,Clouds,-10.12,68,4.48
Huxley,Iowa,IA,False,19,Clouds,-8.77,68,3.6
Iowa Falls,Iowa,IA,False,19,Clouds,-8.02,45,4.12
Jamaica,Vermont,VT,False,50,Clouds,-5.35,83,1.34
Johnston,Rhode Island,RI,False,44,Clouds,-2.67,59,3.6
Kamrar,Iowa,IA,False,19,Clouds,-9.01,57,3.6
Kellerton,Iowa,IA,False,19,Snow,-8.18,62,7.2
Kelley,Iowa,IA,False,19,Clouds,-8.49,66,4.12
Keswick,Virginia,VA,False,51,Clear,-3.89,48,0.0
Killduff,Iowa,IA,False,19,Clouds,-8.84,72,3.6
Lacona,New York,NY,False,36,Snow,-4.05,85,6.49
Lamoni,Iowa,IA,False,19,Snow,-8.0,62,7.2
Leighton,Alabama,AL,False,1,Clouds,5.27,46,2.57
Liberty Center,Ohio,OH,False,39,Clouds,-8.09,70,4.86
Lineville,Alabama,AL,False,1,Clear,-1.73,78,0.54
Liscomb,Iowa,IA,False,19,Clouds,-8.37,62,4.12
Lorimor,Iowa,IA,False,19,Clouds,-9.86,74,4.42
Lovilia,Iowa,IA,False,19,Clouds,-8.99,60,3.54
Lynnville,Tennessee,TN,False,47,Clouds,1.43,60,2.2
Macksburg,Ohio,OH,False,39,Clouds,-9.6,80,2.56
Malcom,Iowa,IA,False,19,Clouds,-7.77,79,0.0
Marshalltown,Iowa,IA,False,19,Clouds,-8.05,67,4.12
Martensdale,Iowa,IA,False,19,Clouds,-9.23,72,3.09
Minburn,Iowa,IA,False,19,Clouds,-9.62,77,0.0
Mingo,Ohio,OH,False,39,Clouds,-11.12,86,4.52
Mitchellville,Tennessee,TN,False,47,Clouds,-0.04,55,1.54
Montour,Iowa,IA,False,19,Clouds,-7.8,68,1.17
New Providence,New Jersey,NJ,False,34,Clouds,-2.78,49,9.26
New Sharon,Maine,ME,False,23,Clouds,-10.38,67,0.45
New Virginia,Iowa,IA,False,19,Clouds,-9.01,67,0.0
Otley,Iowa,IA,False,19,Clouds,-9.34,70,3.09
Panora,Iowa,IA,False,19,Clouds,-10.14,59,4.0
Paton,Iowa,IA,False,19,Clouds,-8.88,55,3.54
Pella,Iowa,IA,False,19,Clouds,-9.3,71,1.54
Pilot Mound,Iowa,IA,False,19,Clouds,-8.94,73,4.12
Pleasantville,New Jersey,NJ,False,34,Clouds,-2.56,53,5.66
Polk City,Florida,FL,False,12,Clear,10.26,60,2.76
Popejoy,Iowa,IA,False,19,Clouds,-8.05,45,4.12
Prole,Iowa,IA,False,19,Clouds,-9.47,72,3.09
Radcliffe,Iowa,IA,False,19,Clouds,-8.73,48,2.3
Reasnor,Iowa,IA,False,19,Clouds,-8.83,70,3.6
Rhodes,Michigan,MI,False,26,Clouds,-8.21,61,6.48
Rippey,Iowa,IA,False,19,Snow,-9.89,74,0.0
Runnells,Iowa,IA,False,19,Clouds,-9.24,74,3.36
Searsboro,Iowa,IA,False,19,Clouds,-7.78,79,0.0
Sheldahl,Iowa,IA,False,19,Clouds,-9.12,71,3.6
Stanhope,New Jersey,NJ,False,34,Clear,-4.51,54,3.09
State Center,Iowa,IA,False,19,Clouds,-8.44,77,1.79
Story City,Iowa,IA,False,19,Clouds,-7.99,76,1.87
Sully,Iowa,IA,False,19,Clouds,-8.77,74,3.6
Swan,Iowa,IA,False,19,Clouds,-9.24,56,3.45
Thornburg,Virginia,VA,False,51,Clear,-4.41,54,2.06
Truro,Massachusetts,MA,False,25,Clouds,-9.25,66,4.16
Van Meter,Iowa,IA,False,19,Clouds,-9.26,77,3.87
Van Wert,Ohio,OH,False,39,Clouds,-10.58,88,4.08
Waukee,Iowa,IA,False,19,Clouds,-9.57,74,0.45
West Des Moines,Iowa,IA,False,19,Clouds,-9.32,72,3.09
What Cheer,Iowa,IA,False,19,Clouds,-7.86,62,2.52
Whitten,Iowa,IA,False,19,Clouds,-8.65,60,4.12
Williamson,New York,NY,False,36,Snow,-4.25,73,9.39
Winterset,Iowa,IA,False,19,Clouds,-11.45,65,4.26
Wiota,Iowa,IA,False,19,Clouds,-10.67,65,5.66
Zearing,Iowa,IA,False,19,Clouds,-8.99,65,1.99
Urbandale,Iowa,IA,False,19,Clouds,-9.22,73,3.09
Windsor Heights,West Virginia,WV,False,54,Clouds,-6.81,68,4.63
Clive,Iowa,IA,False,19,Clouds,-9.14,73,3.09
Belmond,Iowa,IA,False,19,Clouds,-10.05,62,4.63
Buffalo Center,Iowa,IA,False,19,Clouds,-11.69,63,2.24
Corwith,Iowa,IA,False,19,Clouds,-9.92,31,4.28
Coulter,Iowa,IA,False,19,Clouds,-10.15,57,4.63
Goodell,Iowa,IA,False,19,Clouds,-10.16,30,4.01
Hanlontown,Iowa,IA,False,19,Clear,-11.59,66,4.63
Joice,Iowa,IA,False,19,Clear,-11.72,65,5.66
Kanawha,Iowa,IA,False,19,Clouds,-10.06,30,4.05
Klemme,Iowa,IA,False,19,Clouds,-11.04,30,4.3
Latimer,Iowa,IA,False,19,Clouds,-10.15,57,4.63
Little Cedar,Iowa,IA,False,19,Clouds,-11.54,63,1.34
Manly,Iowa,IA,False,19,Clear,-11.38,64,4.63
Meservey,Iowa,IA,False,19,Clouds,-10.18,29,4.11
Nora Springs,Iowa,IA,False,19,Clouds,-10.97,60,4.07
Rake,Iowa,IA,False,19,Clouds,-11.61,63,4.17
Riceville,Pennsylvania,PA,False,42,Snow,-8.39,90,5.43
Rockwell,North Carolina,NC,False,37,Clear,-3.26,64,1.2
Rowan,Iowa,IA,False,19,Clouds,-10.1,62,4.63
Rudd,Iowa,IA,False,19,Clouds,-10.87,64,3.96
Saint Ansgar,Iowa,IA,False,19,Clouds,-11.7,62,1.34
Scarville,Iowa,IA,False,19,Clouds,-11.62,33,4.16
Stacyville,Maine,ME,False,23,Clouds,-12.93,71,1.72
Swaledale,Iowa,IA,False,19,Clouds,-11.01,29,4.33
Titonka,Iowa,IA,False,19,Clouds,-11.63,63,4.6
Toeterville,Iowa,IA,False,19,Clouds,-11.67,63,1.34
Albert City,Iowa,IA,False,19,Clouds,-10.66,32,4.82
Algona,Iowa,IA,False,19,Clouds,-9.95,57,6.17
Ayrshire,Iowa,IA,False,19,Clouds,-10.72,65,4.5
Bode,Iowa,IA,False,19,Clouds,-9.89,31,3.92
Bradgate,Iowa,IA,False,19,Clouds,-10.29,31,3.92
Burt,New York,NY,False,36,Clouds,-4.38,77,11.49
Callender,Iowa,IA,False,19,Clouds,-10.07,41,3.84
Clarion,Pennsylvania,PA,False,42,Clouds,-8.38,88,5.35
Cylinder,Iowa,IA,False,19,Clouds,-10.47,31,4.59
Dolliver,Iowa,IA,False,19,Clouds,-10.93,57,7.2
Duncombe,Iowa,IA,False,19,Clouds,-9.02,58,4.12
Eagle Grove,Iowa,IA,False,19,Clouds,-9.91,62,4.63
Emmetsburg,Iowa,IA,False,19,Clouds,-10.56,65,4.65
Farnhamville,Iowa,IA,False,19,Clouds,-9.02,49,3.88
Fonda,New York,NY,False,36,Snow,-4.67,84,7.72
Gilmore City,Iowa,IA,False,19,Clouds,-10.46,31,4.03
Gowrie,Iowa,IA,False,19,Clouds,-8.99,49,3.66
Harcourt,Iowa,IA,False,19,Clouds,-9.01,48,3.34
Havelock,North Carolina,NC,False,37,Clear,-0.91,60,0.89
Jolley,Iowa,IA,False,19,Clouds,-10.48,39,4.42
Knierim,Iowa,IA,False,19,Clouds,-9.1,40,4.32
Laurens,New York,NY,False,36,Clouds,-5.42,79,1.79
Ledyard,Connecticut,CT,False,9,Clouds,-1.76,52,5.14
Lu Verne,Iowa,IA,False,19,Clouds,-9.89,31,4.09
Lytton,Iowa,IA,False,19,Clouds,-9.47,42,4.04
Mallard,Iowa,IA,False,19,Clouds,-10.53,65,4.3
Moorland,Iowa,IA,False,19,Clouds,-10.06,62,4.12
Otho,Iowa,IA,False,19,Clouds,-9.57,60,4.12
Ottosen,Iowa,IA,False,19,Clouds,-9.89,30,4.06
Rembrandt,Iowa,IA,False,19,Clouds,-10.71,32,4.75
Renwick,Iowa,IA,False,19,Clouds,-9.99,31,3.62
Ringsted,Iowa,IA,False,19,Clouds,-10.91,32,5.05
Rockwell City,Iowa,IA,False,19,Clouds,-9.38,44,4.27
Rolfe,Iowa,IA,False,19,Clouds,-10.4,64,4.19
Sac City,Iowa,IA,False,19,Clouds,-10.44,43,3.94
Sioux Rapids,Iowa,IA,False,19,Clouds,-10.27,32,4.73
Storm Lake,Iowa,IA,False,19,Clouds,-10.9,67,3.6
Swea City,Iowa,IA,False,19,Clouds,-11.66,33,4.61
Thor,Iowa,IA,False,19,Clouds,-9.51,59,4.12
Truesdale,Iowa,IA,False,19,Clouds,-10.77,67,3.6
Varina,Iowa,IA,False,19,Clouds,-10.54,64,4.73
Vincent,Alabama,AL,False,1,Clouds,1.92,72,1.34
Webster City,Iowa,IA,False,19,Clouds,-8.85,57,3.6
Whittemore,Michigan,MI,False,26,Clouds,-8.14,59,5.84
Woolstock,Iowa,IA,False,19,Clouds,-9.19,57,3.6
Ackley,Iowa,IA,False,19,Clouds,-8.78,28,3.12
Aplington,Iowa,IA,False,19,Clouds,-9.47,59,2.24
Aredale,Iowa,IA,False,19,Clouds,-9.72,30,4.14
Austinville,Virginia,VA,False,51,Clear,-4.15,47,4.02
Beaman,Iowa,IA,False,19,Clouds,-8.31,64,4.12
Cedar Falls,North Carolina,NC,False,37,Clear,-0.54,48,0.89
Charles City,Virginia,VA,False,51,Clear,-4.9,61,0.0
Colwell,Iowa,IA,False,19,Clouds,-10.94,60,5.14
Dunkerton,Iowa,IA,False,19,Clouds,-8.99,57,5.14
Eldora,Iowa,IA,False,19,Clouds,-8.88,55,4.12
Fairbank,Pennsylvania,PA,False,42,Clouds,-7.15,53,1.34
Frederika,Iowa,IA,False,19,Clouds,-10.88,63,4.15
Garwin,Iowa,IA,False,19,Clouds,-7.93,69,1.11
Gilbertville,Massachusetts,MA,False,25,Clouds,-7.91,51,2.94
Gladbrook,Iowa,IA,False,19,Clouds,-8.34,66,4.12
Greene,Rhode Island,RI,False,44,Clouds,-3.3,60,0.89
Grundy Center,Iowa,IA,False,19,Clouds,-8.73,66,0.45
Hazleton,Pennsylvania,PA,False,42,Clouds,-7.18,66,6.26
Jesup,Georgia,GA,False,13,Clear,0.96,93,0.0
Kesley,Iowa,IA,False,19,Clouds,-9.52,59,3.69
La Porte City,Iowa,IA,False,19,Clouds,-7.69,46,3.6
Marble Rock,Iowa,IA,False,19,Clouds,-10.57,64,4.12
New Hartford,Connecticut,CT,False,9,Clouds,-2.27,61,2.24
North Washington,Pennsylvania,PA,False,42,Snow,-8.5,76,1.34
Oelwein,Iowa,IA,False,19,Clouds,-9.61,61,4.46
Readlyn,Iowa,IA,False,19,Clouds,-9.29,61,4.23
Reinbeck,Iowa,IA,False,19,Clouds,-8.54,67,1.79
Shell Rock,Iowa,IA,False,19,Clouds,-8.73,55,3.85
Steamboat Rock,Iowa,IA,False,19,Clouds,-8.63,53,4.12
Stout,Ohio,OH,False,39,Clouds,-4.38,68,1.76
Traer,Iowa,IA,False,19,Clouds,-8.23,59,1.2
Wellsburg,New York,NY,False,36,Clouds,-5.32,70,4.02
Westgate,Iowa,IA,False,19,Clouds,-9.66,61,4.39
Evansdale,Iowa,IA,False,19,Clouds,-8.03,55,5.14
Arispe,Iowa,IA,False,19,Snow,-9.95,67,7.2
Blockton,Iowa,IA,False,19,Snow,-8.84,71,4.92
Diagonal,Iowa,IA,False,19,Snow,-9.68,90,5.9
Fontanelle,Iowa,IA,False,19,Clouds,-11.9,79,4.86
Gravity,Iowa,IA,False,19,Snow,-8.42,91,5.79
Massena,New York,NY,False,36,Clouds,-9.01,79,3.09
Mount Ayr,Indiana,IN,False,18,Clear,-10.05,79,3.6
Nodaway,Iowa,IA,False,19,Snow,-8.19,91,5.84
Shannon City,Iowa,IA,False,19,Snow,-9.77,67,7.2
Sharpsburg,Maryland,MD,False,24,Clouds,-5.24,59,4.02
Tingley,Iowa,IA,False,19,Snow,-9.9,87,5.56
Villisca,Iowa,IA,False,19,Snow,-8.18,91,5.81
Anthon,Iowa,IA,False,19,Clouds,-10.11,55,4.3
Aurelia,Iowa,IA,False,19,Clouds,-10.34,52,3.09
Brunsville,Iowa,IA,False,19,Clouds,-10.17,52,3.6
Castana,Iowa,IA,False,19,Snow,-10.15,72,0.89
Cleghorn,Iowa,IA,False,19,Clouds,-10.49,52,3.09
Climbing Hill,Iowa,IA,False,19,Clouds,-9.09,58,4.07
Correctionville,Iowa,IA,False,19,Clouds,-9.73,50,4.34
Hawarden,Iowa,IA,False,19,Clouds,-10.57,63,2.68
Hornick,Iowa,IA,False,19,Snow,-10.0,72,3.87
Ireton,Iowa,IA,False,19,Clouds,-11.25,65,4.33
Kingsley,Pennsylvania,PA,False,42,Clouds,-5.31,69,4.02
Larrabee,Iowa,IA,False,19,Clouds,-10.29,52,3.09
Le Mars,Iowa,IA,False,19,Clouds,-10.1,52,3.6
Linn Grove,Indiana,IN,False,18,Clouds,-10.41,81,4.08
Moville,Iowa,IA,False,19,Clouds,-9.84,49,4.34
Onawa,Iowa,IA,False,19,Snow,-9.43,65,1.79
Orange City,Florida,FL,False,12,Clear,7.33,80,0.0
Oto,Iowa,IA,False,19,Clouds,-10.09,72,4.26
Oyens,Iowa,IA,False,19,Clouds,-10.21,52,3.6
Paullina,Iowa,IA,False,19,Clouds,-11.07,34,4.6
Pierson,Florida,FL,False,12,Clear,5.97,79,0.71
Quimby,Iowa,IA,False,19,Clouds,-9.95,52,3.09
Remsen,New York,NY,False,36,Snow,-6.83,92,4.11
Rodney,Michigan,MI,False,26,Clouds,-8.31,73,3.6
Salix,Pennsylvania,PA,False,42,Mist,-10.19,86,8.23
Schaller,Iowa,IA,False,19,Clouds,-10.84,67,3.6
Sergeant Bluff,Iowa,IA,False,19,Clouds,-9.31,56,4.63
Smithland,Kentucky,KY,False,21,Clouds,0.65,61,2.7
Ute,Iowa,IA,False,19,Snow,-10.29,72,4.73
Washta,Iowa,IA,False,19,Clouds,-9.88,44,4.38
Sioux City,Iowa,IA,False,19,Clouds,-10.01,60,4.63
Boyden,Iowa,IA,False,19,Clouds,-11.13,57,5.14
Doon,Iowa,IA,False,19,Clouds,-11.42,35,4.44
Hospers,Iowa,IA,False,19,Clouds,-11.04,52,5.14
Inwood,New York,NY,False,36,Clear,-1.69,44,8.75
Larchwood,Iowa,IA,False,19,Clouds,-12.15,65,4.55
Lester,West Virginia,WV,False,54,Clear,-7.09,64,3.09
Primghar,Iowa,IA,False,19,Clouds,-11.63,66,4.71
Rock Rapids,Iowa,IA,False,19,Clouds,-11.83,35,4.84
Rock Valley,Iowa,IA,False,19,Clouds,-11.33,65,4.31
Sioux Center,Iowa,IA,False,19,Clouds,-11.73,65,0.89
Arnolds Park,Iowa,IA,False,19,Clouds,-12.17,56,4.47
Estherville,Iowa,IA,False,19,Clouds,-11.01,60,7.2
Everly,Iowa,IA,False,19,Clouds,-11.82,69,4.89
Gillett Grove,Iowa,IA,False,19,Clouds,-9.98,32,4.63
Graettinger,Iowa,IA,False,19,Clouds,-10.86,57,7.2
Ocheyedan,Iowa,IA,False,19,Clouds,-12.52,70,5.54
Okoboji,Iowa,IA,False,19,Clouds,-12.16,55,4.92
Ruthven,Iowa,IA,False,19,Clouds,-11.84,32,4.77
Terril,Iowa,IA,False,19,Clouds,-12.13,55,5.36
Wallingford,Vermont,VT,False,50,Clouds,-5.02,77,0.89
Webb,Alabama,AL,False,1,Clear,5.39,66,0.0
Aspinwall,Iowa,IA,False,19,Snow,-10.21,74,4.28
Breda,Iowa,IA,False,19,Snow,-10.33,63,3.83
Charter Oak,Iowa,IA,False,19,Snow,-9.92,67,5.14
Dedham,Massachusetts,MA,False,25,Clouds,-1.85,59,7.2
Deloit,Iowa,IA,False,19,Snow,-9.91,67,5.14
Halbur,Iowa,IA,False,19,Snow,-10.29,73,5.66
Ida Grove,Iowa,IA,False,19,Clouds,-10.1,57,4.26
Kirkman,Iowa,IA,False,19,Snow,-9.95,73,4.73
Kiron,Iowa,IA,False,19,Clouds,-10.15,62,4.26
Lake View,New York,NY,False,36,Clouds,-4.6,67,4.92
Lidderdale,Iowa,IA,False,19,Clouds,-10.08,73,5.66
Lohrville,Iowa,IA,False,19,Clouds,-9.11,51,3.93
Manilla,Indiana,IN,False,18,Clouds,-7.04,76,1.9
Odebolt,Iowa,IA,False,19,Clouds,-10.09,55,4.09
Ricketts,Iowa,IA,False,19,Snow,-10.06,63,4.58
Schleswig,Iowa,IA,False,19,Snow,-10.45,63,4.39
Wall Lake,Iowa,IA,False,19,Clouds,-9.92,57,3.89
Westside,Iowa,IA,False,19,Snow,-10.14,70,4.06
Council Bluffs,Iowa,IA,False,19,Snow,-9.43,64,8.23
Carter Lake,Iowa,IA,False,19,Snow,-9.41,63,8.23
Arion,Iowa,IA,False,19,Snow,-9.77,67,5.14
Blencoe,Iowa,IA,False,19,Snow,-9.36,65,4.04
Dow City,Iowa,IA,False,19,Snow,-9.73,67,5.14
Earling,Iowa,IA,False,19,Clouds,-10.1,71,4.76
Elk Horn,Kentucky,KY,False,21,Clouds,-2.57,68,0.87
Griswold,Iowa,IA,False,19,Snow,-9.89,85,5.58
Harlan,Kentucky,KY,False,21,Clear,-2.29,54,1.54
Kimballton,Iowa,IA,False,19,Clouds,-9.97,73,2.57
Little Sioux,Iowa,IA,False,19,Snow,-9.03,57,6.17
Marne,Michigan,MI,False,26,Clouds,-7.95,81,1.79
Missouri Valley,Iowa,IA,False,19,Snow,-10.56,65,4.7
Modale,Iowa,IA,False,19,Snow,-9.82,71,4.61
Mondamin,Iowa,IA,False,19,Clouds,-9.0,57,6.17
Pacific Junction,Iowa,IA,False,19,Snow,-9.02,68,7.72
Persia,Iowa,IA,False,19,Clouds,-10.71,73,4.99
Pisgah,Alabama,AL,False,1,Clouds,-0.27,64,0.0
Portsmouth,Rhode Island,RI,False,44,Clouds,-2.28,57,3.6
Treynor,Iowa,IA,False,19,Snow,-10.12,69,8.23
Shenandoah,Pennsylvania,PA,False,42,Clouds,-5.85,59,5.07
Braddyville,Iowa,IA,False,19,Snow,-8.01,62,6.17
Clarinda,Iowa,IA,False,19,Snow,-8.1,62,6.17
Coin,Iowa,IA,False,19,Snow,-8.08,73,6.17
College Springs,Iowa,IA,False,19,Snow,-8.32,62,6.17
Farragut,Iowa,IA,False,19,Snow,-7.99,73,6.17
Imogene,Iowa,IA,False,19,Snow,-8.25,73,6.17
New Market,Maryland,MD,False,24,Clouds,-5.33,58,6.69
Northboro,Iowa,IA,False,19,Snow,-8.22,73,6.17
Percival,Iowa,IA,False,19,Snow,-8.67,87,7.2
Shambaugh,Iowa,IA,False,19,Snow,-8.01,62,6.17
Thurman,Ohio,OH,False,39,Clouds,-7.25,76,2.42
Dubuque,Iowa,IA,False,19,Clear,-7.74,41,3.6
Andrew,Iowa,IA,False,19,Clouds,-7.58,46,2.82
Bernard,Maine,ME,False,23,Clouds,-9.87,63,2.24
Colesburg,Iowa,IA,False,19,Clouds,-9.25,30,3.85
Delmar,New York,NY,False,36,Clouds,-3.02,68,3.58
Dyersville,Iowa,IA,False,19,Clouds,-8.93,29,4.01
Elkader,Iowa,IA,False,19,Clouds,-9.16,30,4.02
Elkport,Iowa,IA,False,19,Clouds,-8.67,30,3.78
Epworth,Georgia,GA,False,13,Clouds,-1.0,57,0.51
Farmersburg,Indiana,IN,False,18,Clouds,-4.37,71,1.55
Garnavillo,Iowa,IA,False,19,Clear,-9.8,48,2.57
Guttenberg,Iowa,IA,False,19,Clouds,-8.94,30,3.76
La Motte,Iowa,IA,False,19,Clear,-7.89,49,3.6
Maquoketa,Iowa,IA,False,19,Clouds,-7.23,46,2.24
New Vienna,Ohio,OH,False,39,Clouds,-8.67,73,1.34
North Buena Vista,Iowa,IA,False,19,Clouds,-7.99,30,3.88
Peosta,Iowa,IA,False,19,Clear,-8.28,42,3.6
Sabula,Iowa,IA,False,19,Clouds,-7.08,56,2.53
Saint Donatus,Iowa,IA,False,19,Clear,-7.97,48,3.6
Saint Olaf,Iowa,IA,False,19,Clouds,-9.45,31,4.15
Spragueville,Iowa,IA,False,19,Clouds,-7.14,39,2.63
Strawberry Point,Iowa,IA,False,19,Clouds,-9.99,64,4.15
Zwingle,Iowa,IA,False,19,Clear,-7.8,49,3.6
Decorah,Iowa,IA,False,19,Clear,-11.49,52,4.63
Calmar,Iowa,IA,False,19,Clear,-12.23,52,4.63
Castalia,North Carolina,NC,False,37,Clear,-2.56,55,4.29
Clermont,Georgia,GA,False,13,Clouds,0.38,47,2.24
Cresco,Pennsylvania,PA,False,42,Clouds,-6.08,66,8.75
Harpers Ferry,West Virginia,WV,False,54,Clouds,-4.84,60,4.92
Hawkeye,Iowa,IA,False,19,Clouds,-9.54,29,4.23
Lawler,Iowa,IA,False,19,Clouds,-10.97,62,4.23
Lime Springs,Iowa,IA,False,19,Clouds,-11.87,67,4.63
Luana,Iowa,IA,False,19,Clouds,-9.92,31,4.35
Monona,Iowa,IA,False,19,Clouds,-10.1,31,4.28
New Albin,Iowa,IA,False,19,Clouds,-10.85,58,4.16
Ossian,Indiana,IN,False,18,Clouds,-11.39,80,4.12
Postville,Iowa,IA,False,19,Clouds,-12.1,32,4.28
Protivin,Iowa,IA,False,19,Clouds,-11.14,30,4.35
Randalia,Iowa,IA,False,19,Clouds,-9.72,30,4.2
Saint Lucas,Iowa,IA,False,19,Clouds,-11.86,30,4.15
Spillville,Iowa,IA,False,19,Clear,-11.84,52,4.63
Waucoma,Iowa,IA,False,19,Clouds,-10.9,29,4.22
Waukon,Iowa,IA,False,19,Clouds,-12.23,33,4.35
Alburnett,Iowa,IA,False,19,Clouds,-7.3,58,2.24
Amana,Iowa,IA,False,19,Clouds,-8.16,83,2.57
Anamosa,Iowa,IA,False,19,Clouds,-7.72,50,3.09
Center Junction,Iowa,IA,False,19,Clouds,-7.53,55,3.09
Clutier,Iowa,IA,False,19,Clouds,-7.62,68,0.92
Coggon,Iowa,IA,False,19,Clouds,-7.8,55,3.58
Prairieburg,Iowa,IA,False,19,Clouds,-8.05,56,3.58
Conroy,Iowa,IA,False,19,Clouds,-8.58,88,0.99
Deep River,Connecticut,CT,False,9,Clouds,-1.62,52,3.6
Dysart,Pennsylvania,PA,False,42,Clouds,-9.19,78,7.36
Elberon,Virginia,VA,False,51,Clear,-1.77,45,1.54
Hartwick,New York,NY,False,36,Clouds,-5.4,77,4.02
Hopkinton,Massachusetts,MA,False,25,Clouds,-2.75,64,1.79
Iowa City,Iowa,IA,False,19,Clouds,-9.14,72,2.06
Coralville,Iowa,IA,False,19,Clouds,-9.06,75,2.06
Kalona,Iowa,IA,False,19,Clouds,-8.93,69,1.46
Ladora,Iowa,IA,False,19,Clouds,-8.41,73,1.09
Langworthy,Iowa,IA,False,19,Clouds,-8.03,48,3.09
Lost Nation,Iowa,IA,False,19,Clouds,-7.57,61,1.72
Lowden,Iowa,IA,False,19,Clouds,-7.86,78,0.9
Luzerne,Pennsylvania,PA,False,42,Clouds,-4.36,60,7.2
Martelle,Iowa,IA,False,19,Clouds,-7.39,59,1.06
Mechanicsville,Pennsylvania,PA,False,42,Clear,-3.96,53,6.17
Middle Amana,Iowa,IA,False,19,Clouds,-8.25,84,2.57
Millersburg,Pennsylvania,PA,False,42,Clouds,-4.77,59,6.71
North English,Iowa,IA,False,19,Clouds,-8.61,68,2.07
North Liberty,Indiana,IN,False,18,Clouds,-8.83,76,3.22
Olin,North Carolina,NC,False,37,Clear,-0.7,44,2.65
Onslow,Iowa,IA,False,19,Clouds,-7.75,51,3.09
Oxford Junction,Iowa,IA,False,19,Clouds,-7.19,55,1.48
Palo,Michigan,MI,False,26,Clear,-8.06,65,5.79
Quasqueton,Iowa,IA,False,19,Clouds,-8.5,58,5.66
Robins,Iowa,IA,False,19,Clouds,-7.25,59,1.79
Rowley,Massachusetts,MA,False,25,Clouds,-3.55,63,5.66
Shellsburg,Iowa,IA,False,19,Clouds,-7.31,58,3.09
Solon,Maine,ME,False,23,Clouds,-11.03,66,2.78
South Amana,Iowa,IA,False,19,Clouds,-8.39,88,0.89
South English,Iowa,IA,False,19,Clouds,-8.66,65,2.29
Swisher,Iowa,IA,False,19,Clouds,-7.62,68,2.57
Tama,Iowa,IA,False,19,Clouds,-7.51,69,1.09
Tiffin,Ohio,OH,False,39,Clouds,-8.27,82,5.57
Toddville,Maryland,MD,False,24,Clear,-2.78,52,3.58
Troy Mills,Iowa,IA,False,19,Clouds,-7.84,58,3.05
Van Horne,Iowa,IA,False,19,Clouds,-7.74,69,0.76
Walford,Iowa,IA,False,19,Clouds,-7.5,64,2.57
West Branch,Michigan,MI,False,26,Clear,-9.15,67,6.17
West Chester,Pennsylvania,PA,False,42,Clear,-3.98,53,4.02
Ottumwa,Iowa,IA,False,19,Clouds,-8.77,70,2.06
Albia,Iowa,IA,False,19,Clouds,-7.91,60,3.63
Beacon,New York,NY,False,36,Clouds,-2.62,57,5.66
Birmingham,New Jersey,NJ,False,34,Clouds,-2.76,48,5.14
Blakesburg,Iowa,IA,False,19,Clouds,-9.36,68,3.57
Cantril,Iowa,IA,False,19,Clouds,-6.89,60,3.27
Cincinnati,Ohio,OH,False,39,Clear,-5.14,68,2.57
Douds,Iowa,IA,False,19,Clouds,-8.57,60,2.99
Drakesville,Iowa,IA,False,19,Clouds,-9.34,61,3.59
Exline,Iowa,IA,False,19,Clouds,-7.99,53,4.63
Floris,Iowa,IA,False,19,Clouds,-8.78,68,3.28
Hayesville,North Carolina,NC,False,37,Clear,-1.68,50,0.89
Hedrick,Iowa,IA,False,19,Clouds,-8.79,70,2.57
Keosauqua,Iowa,IA,False,19,Clouds,-6.98,60,3.03
Kirkville,New York,NY,False,36,Snow,-4.45,73,3.58
Moravia,New York,NY,False,36,Clouds,-4.91,73,8.6
Mystic,Connecticut,CT,False,9,Clouds,-1.58,52,5.14
Ollie,Iowa,IA,False,19,Clouds,-8.99,73,2.06
Promise City,Iowa,IA,False,19,Clouds,-8.05,63,4.44
Sigourney,Iowa,IA,False,19,Clouds,-7.91,61,2.4
Udell,Iowa,IA,False,19,Clouds,-7.93,53,4.63
Bonaparte,Iowa,IA,False,19,Clouds,-6.98,60,2.9
Fort Madison,Iowa,IA,False,19,Clouds,-7.63,67,2.57
Keokuk,Iowa,IA,False,19,Clouds,-6.85,63,3.12
Lockridge,Iowa,IA,False,19,Clouds,-8.81,70,2.42
Mediapolis,Iowa,IA,False,19,Clouds,-8.29,77,2.26
Morning Sun,Iowa,IA,False,19,Clouds,-8.32,71,2.25
Mount Union,Pennsylvania,PA,False,42,Clouds,-5.51,57,1.79
Olds,Iowa,IA,False,19,Clouds,-8.43,73,3.6
Stockport,Ohio,OH,False,39,Clear,-9.12,79,0.45
Swedesburg,Iowa,IA,False,19,Clear,-8.3,66,0.0
Wapello,Iowa,IA,False,19,Clouds,-8.32,64,2.0
West Burlington,New York,NY,False,36,Clouds,-5.67,77,8.99
Wever,Iowa,IA,False,19,Clouds,-7.7,67,2.57
Yarmouth,Maine,ME,False,23,Clouds,-8.24,64,3.6
Atalissa,Iowa,IA,False,19,Clouds,-8.72,59,1.3
Bettendorf,Iowa,IA,False,19,Clouds,-7.64,73,2.06
Blue Grass,Virginia,VA,False,51,Clouds,-9.96,66,5.94
Calamus,Iowa,IA,False,19,Clouds,-7.8,78,1.04
Camanche,Iowa,IA,False,19,Clouds,-6.81,68,2.57
Columbus City,Iowa,IA,False,19,Clouds,-9.57,75,1.79
Columbus Junction,Iowa,IA,False,19,Clouds,-9.39,78,1.79
Conesville,Ohio,OH,False,39,Clouds,-9.71,82,3.99
Donahue,Iowa,IA,False,19,Clouds,-8.24,79,2.24
Goose Lake,Iowa,IA,False,19,Clouds,-6.98,68,2.57
Grand Mound,Iowa,IA,False,19,Clouds,-7.95,81,1.09
Le Claire,Iowa,IA,False,19,Clouds,-7.69,73,1.14
Letts,Iowa,IA,False,19,Clouds,-8.68,91,1.54
Long Grove,Iowa,IA,False,19,Clouds,-8.37,79,2.24
Low Moor,Virginia,VA,False,51,Clear,-3.9,52,3.95
Muscatine,Iowa,IA,False,19,Clouds,-8.55,75,1.54
New Liberty,Kentucky,KY,False,21,Clouds,-2.54,47,0.62
Pleasant Valley,New York,NY,False,36,Clouds,-2.73,56,5.66
Teeds Grove,Iowa,IA,False,19,Clouds,-7.19,42,2.52
Welton,Iowa,IA,False,19,Clouds,-7.34,47,1.59
Adell,Wisconsin,WI,False,55,Clear,-11.3,46,7.72
Allenton,Michigan,MI,False,26,Clouds,-8.84,81,7.13
Ashippun,Wisconsin,WI,False,55,Clear,-11.14,53,4.63
Belgium,Wisconsin,WI,False,55,Clouds,-10.73,43,6.15
Campbellsport,Wisconsin,WI,False,55,Clouds,-11.59,60,0.45
Cedarburg,Wisconsin,WI,False,55,Clear,-10.33,51,6.69
Cedar Grove,New Jersey,NJ,False,34,Clouds,-2.86,47,7.2
Clyman,Wisconsin,WI,False,55,Clear,-10.99,53,4.63
Colgate,Wisconsin,WI,False,55,Clear,-10.74,51,5.66
Delafield,Wisconsin,WI,False,55,Clear,-10.81,50,5.66
Elkhart Lake,Wisconsin,WI,False,55,Clear,-11.77,54,7.72
Glenbeulah,Wisconsin,WI,False,55,Clear,-11.76,54,7.72
Horicon,Wisconsin,WI,False,55,Clear,-10.85,49,3.6
Hubertus,Wisconsin,WI,False,55,Clouds,-10.89,53,1.79
Hustisford,Wisconsin,WI,False,55,Clear,-10.96,53,3.6
Iron Ridge,Wisconsin,WI,False,55,Clear,-11.33,54,3.6
Ixonia,Wisconsin,WI,False,55,Clear,-11.09,54,4.63
Johnson Creek,Wisconsin,WI,False,55,Clear,-10.79,68,4.63
Kewaskum,Wisconsin,WI,False,55,Clear,-11.24,52,6.69
Kiel,Wisconsin,WI,False,55,Clear,-11.72,56,6.38
Kohler,Wisconsin,WI,False,55,Clear,-11.17,49,7.72
Lannon,Wisconsin,WI,False,55,Clear,-10.49,50,5.66
Lomira,Wisconsin,WI,False,55,Clouds,-11.62,55,0.45
Menomonee Falls,Wisconsin,WI,False,55,Clear,-10.35,50,5.66
Merton,Wisconsin,WI,False,55,Clear,-10.83,50,5.66
Mount Calvary,Wisconsin,WI,False,55,Clear,-11.58,46,6.02
Nashotah,Wisconsin,WI,False,55,Clear,-10.9,50,5.66
New Holstein,Wisconsin,WI,False,55,Clear,-11.8,67,6.37
North Lake,Wisconsin,WI,False,55,Clear,-10.92,51,5.66
Oakfield,Maine,ME,False,23,Clouds,-15.76,77,4.44
Oconomowoc,Wisconsin,WI,False,55,Clear,-10.94,51,4.63
Okauchee,Wisconsin,WI,False,55,Clear,-10.86,49,5.66
Oostburg,Wisconsin,WI,False,55,Clear,-11.09,44,7.72
Pewaukee,Wisconsin,WI,False,55,Clear,-10.58,49,5.66
Port Washington,New York,NY,False,36,Clouds,-2.01,47,8.75
Random Lake,Wisconsin,WI,False,55,Clouds,-11.12,42,0.89
Rubicon,Wisconsin,WI,False,55,Clouds,-11.45,58,2.24
Saukville,Wisconsin,WI,False,55,Clear,-10.46,49,6.69
Sheboygan,Wisconsin,WI,False,55,Clear,-10.99,47,7.72
Sheboygan Falls,Wisconsin,WI,False,55,Clear,-11.15,49,7.72
Slinger,Wisconsin,WI,False,55,Clear,-11.23,54,6.69
Stockbridge,Massachusetts,MA,False,25,Snow,-3.38,63,6.69
Sussex,New Jersey,NJ,False,34,Clouds,-3.49,54,5.14
West Bend,Iowa,IA,False,19,Clouds,-10.97,62,6.17
Theresa,New York,NY,False,36,Mist,-4.79,88,2.06
Mequon,Wisconsin,WI,False,55,Clear,-9.93,51,4.63
Benet Lake,Wisconsin,WI,False,55,Clear,-9.06,52,3.6
Camp Lake,Wisconsin,WI,False,55,Clear,-9.07,55,3.09
Cudahy,Wisconsin,WI,False,55,Clouds,-9.4,48,0.45
Dousman,Wisconsin,WI,False,55,Clear,-10.58,53,5.66
East Troy,Wisconsin,WI,False,55,Clear,-9.99,58,7.2
Franksville,Wisconsin,WI,False,55,Clear,-9.78,56,3.09
Genesee Depot,Wisconsin,WI,False,55,Clear,-10.46,55,7.2
Genoa City,Wisconsin,WI,False,55,Clouds,-9.16,57,2.24
Greendale,Wisconsin,WI,False,55,Clear,-9.77,48,4.63
Hales Corners,Wisconsin,WI,False,55,Clear,-9.89,48,6.71
Helenville,Wisconsin,WI,False,55,Clear,-10.51,75,4.63
Honey Creek,Iowa,IA,False,19,Snow,-9.98,61,4.63
Kansasville,Wisconsin,WI,False,55,Clear,-9.87,56,4.12
Kenosha,Wisconsin,WI,False,55,Clear,-8.83,47,5.81
Lake Geneva,Florida,FL,False,12,Clouds,3.05,81,2.57
Mukwonago,Wisconsin,WI,False,55,Clear,-10.23,58,7.2
Muskego,Wisconsin,WI,False,55,Clear,-10.15,52,5.66
New Munster,Wisconsin,WI,False,55,Clear,-9.34,56,4.12
North Prairie,Wisconsin,WI,False,55,Clear,-10.48,56,7.2
Pell Lake,Wisconsin,WI,False,55,Clear,-9.35,57,4.12
Pleasant Prairie,Wisconsin,WI,False,55,Clear,-8.95,47,5.81
South Milwaukee,Wisconsin,WI,False,55,Clouds,-9.37,49,0.45
Sturtevant,Wisconsin,WI,False,55,Clear,-9.28,49,5.14
Trevor,Wisconsin,WI,False,55,Clear,-9.02,53,3.09
Union Grove,North Carolina,NC,False,37,Clear,-4.42,67,3.17
Walworth,New York,NY,False,36,Snow,-4.54,72,6.26
Waukesha,Wisconsin,WI,False,55,Clear,-10.36,49,5.66
Williams Bay,Wisconsin,WI,False,55,Clouds,-9.39,57,3.96
Milwaukee,Wisconsin,WI,False,55,Clear,-9.36,47,4.63
Arena,Wisconsin,WI,False,55,Clouds,-10.53,61,4.14
Barneveld,New York,NY,False,36,Snow,-6.14,95,7.72
Black Earth,Wisconsin,WI,False,55,Clouds,-10.43,61,4.02
Blanchardville,Wisconsin,WI,False,55,Clouds,-10.39,33,3.91
Blue Mounds,Wisconsin,WI,False,55,Clouds,-11.67,61,3.13
Brodhead,Kentucky,KY,False,21,Clouds,-4.06,48,0.77
Brooklyn,Connecticut,CT,False,9,Clouds,-1.71,57,2.24
Browntown,Wisconsin,WI,False,55,Clear,-8.57,48,3.09
Dane,Wisconsin,WI,False,55,Clouds,-10.9,57,3.6
Dodgeville,Michigan,MI,False,26,Haze,-11.23,69,11.32
Edmund,Wisconsin,WI,False,55,Clear,-10.55,52,3.6
Footville,Wisconsin,WI,False,55,Clouds,-9.43,51,4.63
Fort Atkinson,Iowa,IA,False,19,Clouds,-11.82,30,4.16
Gotham,Wisconsin,WI,False,55,Clear,-9.99,48,3.6
Gratiot,Ohio,OH,False,39,Clear,-10.91,84,3.73
Juda,Wisconsin,WI,False,55,Clear,-8.61,48,3.09
Lake Mills,Iowa,IA,False,19,Clouds,-11.68,66,4.17
Lone Rock,Iowa,IA,False,19,Clouds,-10.99,62,6.17
Mazomanie,Wisconsin,WI,False,55,Clouds,-10.53,61,4.02
Merrimac,Massachusetts,MA,False,25,Clouds,0.37,93,2.85
Montfort,Wisconsin,WI,False,55,Clear,-10.11,52,3.6
Mount Horeb,Wisconsin,WI,False,55,Clouds,-11.31,61,3.13
Muscoda,Wisconsin,WI,False,55,Clouds,-9.95,33,3.6
New Glarus,Wisconsin,WI,False,55,Clouds,-9.95,60,3.83
Orfordville,Wisconsin,WI,False,55,Clouds,-9.33,50,4.63
Plain,Wisconsin,WI,False,55,Clear,-10.23,48,3.6
Prairie Du Sac,Wisconsin,WI,False,55,Clouds,-10.51,60,4.03
Reeseville,Wisconsin,WI,False,55,Clear,-10.82,57,4.63
Rewey,Wisconsin,WI,False,55,Clear,-9.73,50,4.12
Richland Center,Wisconsin,WI,False,55,Clouds,-10.08,33,3.98
Sauk City,Wisconsin,WI,False,55,Clouds,-10.44,60,4.01
Sextonville,Wisconsin,WI,False,55,Clear,-10.02,48,3.6
Shullsburg,Wisconsin,WI,False,55,Clouds,-9.16,31,3.83
South Wayne,Wisconsin,WI,False,55,Clouds,-9.07,32,3.76
Spring Green,Wisconsin,WI,False,55,Clear,-10.07,48,3.6
Stoughton,Massachusetts,MA,False,25,Clouds,-2.4,61,1.79
Sun Prairie,Wisconsin,WI,False,55,Clouds,-10.84,56,0.89
Waunakee,Wisconsin,WI,False,55,Clouds,-10.61,58,3.13
Woodford,Virginia,VA,False,51,Clear,-4.44,57,2.06
Beetown,Wisconsin,WI,False,55,Clouds,-9.3,31,3.76
Boscobel,Wisconsin,WI,False,55,Clouds,-9.71,33,3.68
Cuba City,Wisconsin,WI,False,55,Clear,-8.99,48,4.12
Dickeyville,Wisconsin,WI,False,55,Clear,-8.53,42,4.12
Fennimore,Wisconsin,WI,False,55,Clouds,-10.37,33,3.81
Hazel Green,Alabama,AL,False,1,Clouds,2.33,66,2.06
Kieler,Wisconsin,WI,False,55,Clear,-8.43,41,4.12
Patch Grove,Wisconsin,WI,False,55,Clear,-9.86,48,2.57
Prairie Du Chien,Wisconsin,WI,False,55,Clear,-8.99,48,2.57
Sinsinawa,Wisconsin,WI,False,55,Clear,-8.78,40,4.63
Stitzer,Wisconsin,WI,False,55,Clouds,-9.96,33,3.8
Wauzeka,Wisconsin,WI,False,55,Clear,-8.95,48,3.09
Woodman,Wisconsin,WI,False,55,Clear,-8.97,48,3.09
Baraboo,Wisconsin,WI,False,55,Clear,-11.61,58,2.57
Beaver Dam,Kentucky,KY,False,21,Clouds,-1.24,64,1.6
Burnett,Wisconsin,WI,False,55,Clear,-10.96,50,2.06
Cazenovia,New York,NY,False,36,Snow,-6.58,78,9.05
Dellwood,Wisconsin,WI,False,55,Clouds,-11.03,28,4.71
Doylestown,Pennsylvania,PA,False,42,Clouds,-3.89,53,6.69
Elroy,Wisconsin,WI,False,55,Clear,-11.1,48,5.14
Endeavor,Pennsylvania,PA,False,42,Snow,-8.44,95,4.64
Fairwater,Wisconsin,WI,False,55,Clouds,-11.15,42,5.42
Friesland,Wisconsin,WI,False,55,Clouds,-11.29,33,4.89
Grand Marsh,Wisconsin,WI,False,55,Clouds,-9.58,28,5.7
Lake Delton,Wisconsin,WI,False,55,Clear,-11.75,54,3.6
La Valle,Wisconsin,WI,False,55,Clear,-12.0,52,3.6
Lime Ridge,Wisconsin,WI,False,55,Clear,-12.53,52,3.6
Loganville,Pennsylvania,PA,False,42,Clear,-5.85,60,5.66
Lyndon Station,Wisconsin,WI,False,55,Clouds,-11.97,25,4.65
Markesan,Wisconsin,WI,False,55,Clouds,-10.77,38,5.13
Mauston,Wisconsin,WI,False,55,Clear,-10.97,48,5.14
New Lisbon,New Jersey,NJ,False,34,Clouds,-3.06,49,5.14
North Freedom,Wisconsin,WI,False,55,Clear,-11.77,54,3.6
Packwaukee,Wisconsin,WI,False,55,Clouds,-11.06,39,5.11
Pardeeville,Wisconsin,WI,False,55,Clouds,-11.14,25,4.56
Poynette,Wisconsin,WI,False,55,Clouds,-10.54,58,4.54
Reedsburg,Wisconsin,WI,False,55,Clear,-12.01,52,3.6
Waupun,Wisconsin,WI,False,55,Clouds,-11.26,40,5.42
Wisconsin Dells,Wisconsin,WI,False,55,Clear,-11.76,51,2.57
Wonewoc,Wisconsin,WI,False,55,Clouds,-11.04,30,4.32
Wyocena,Wisconsin,WI,False,55,Clouds,-10.92,25,4.59
Amery,Wisconsin,WI,False,55,Clouds,-15.13,38,4.16
Beldenville,Wisconsin,WI,False,55,Clouds,-13.95,35,4.24
Dresser,Wisconsin,WI,False,55,Clear,-14.23,44,3.09
East Ellsworth,Wisconsin,WI,False,55,Clear,-13.84,43,1.54
Glenwood City,Wisconsin,WI,False,55,Clouds,-15.29,63,0.45
Hager City,Wisconsin,WI,False,55,Clear,-13.55,54,1.54
New Richmond,West Virginia,WV,False,54,Clear,-6.19,81,3.46
River Falls,Alabama,AL,False,1,Clouds,4.22,72,1.45
Star Prairie,Wisconsin,WI,False,55,Clear,-14.87,52,3.09
Houlton,Maine,ME,False,23,Clear,-15.6,78,2.06
Abrams,Wisconsin,WI,False,55,Clear,-13.12,52,4.12
Amberg,Wisconsin,WI,False,55,Clear,-10.44,60,4.71
Armstrong Creek,Wisconsin,WI,False,55,Clear,-12.71,71,5.42
Athelstane,Wisconsin,WI,False,55,Clear,-10.68,59,4.82
Black Creek,New York,NY,False,36,Snow,-8.91,92,0.0
Bonduel,Wisconsin,WI,False,55,Clear,-11.27,31,2.57
Brillion,Wisconsin,WI,False,55,Clear,-12.17,62,6.12
Combined Locks,Wisconsin,WI,False,55,Clear,-11.99,55,4.63
Crivitz,Wisconsin,WI,False,55,Clear,-10.2,51,5.07
De Pere,Wisconsin,WI,False,55,Clear,-11.74,54,5.14
Fence,Wisconsin,WI,False,55,Clear,-14.8,71,5.41
Forest Junction,Wisconsin,WI,False,55,Clear,-12.21,60,2.24
Hilbert,Wisconsin,WI,False,55,Clear,-12.19,63,2.24
Kaukauna,Wisconsin,WI,False,55,Clear,-11.89,56,4.63
Keshena,Wisconsin,WI,False,55,Clear,-11.05,31,2.57
Krakow,Wisconsin,WI,False,55,Clear,-11.76,45,4.59
Little Chute,Wisconsin,WI,False,55,Clear,-12.05,55,4.63
Little Suamico,Wisconsin,WI,False,55,Clear,-11.5,54,5.01
Marinette,Wisconsin,WI,False,55,Clear,-11.95,56,4.12
Neopit,Wisconsin,WI,False,55,Clear,-15.08,52,4.23
Nichols,New York,NY,False,36,Clouds,-4.68,70,6.42
Oconto Falls,Wisconsin,WI,False,55,Clear,-13.27,52,4.12
Pembine,Wisconsin,WI,False,55,Clear,-12.81,68,5.01
Peshtigo,Wisconsin,WI,False,55,Clear,-11.99,56,4.12
Porterfield,Wisconsin,WI,False,55,Clear,-12.09,56,4.12
Pound,Virginia,VA,False,51,Clear,-5.11,60,2.06
Shawano,Wisconsin,WI,False,55,Clear,-11.2,31,2.57
Shiocton,Wisconsin,WI,False,55,Clear,-12.37,56,5.02
Sobieski,Wisconsin,WI,False,55,Clear,-11.67,54,4.95
Suamico,Wisconsin,WI,False,55,Clear,-11.5,50,5.14
Suring,Wisconsin,WI,False,55,Clear,-12.66,50,5.36
Wausaukee,Wisconsin,WI,False,55,Clear,-10.27,56,4.84
Wrightstown,New Jersey,NJ,False,34,Clouds,-3.15,49,5.14
Zachow,Wisconsin,WI,False,55,Clear,-11.31,31,2.57
Algoma,Mississippi,MS,False,28,Clouds,8.81,59,3.5
Baileys Harbor,Wisconsin,WI,False,55,Clear,-11.71,56,4.63
Casco,Maine,ME,False,23,Clouds,-9.29,66,3.09
Denmark,Maine,ME,False,23,Clouds,-7.77,61,5.14
Egg Harbor,Wisconsin,WI,False,55,Clear,-11.77,56,4.63
Ellison Bay,Wisconsin,WI,False,55,Clear,-11.76,56,5.14
Fish Creek,Wisconsin,WI,False,55,Clear,-11.71,56,4.63
Francis Creek,Wisconsin,WI,False,55,Clear,-11.57,58,7.72
Kellnersville,Wisconsin,WI,False,55,Clear,-11.89,59,7.72
Kewaunee,Wisconsin,WI,False,55,Clear,-11.67,45,5.98
Luxemburg,Iowa,IA,False,19,Clouds,-9.24,31,3.92
Manitowoc,Wisconsin,WI,False,55,Clear,-11.19,57,7.72
Maplewood,New Jersey,NJ,False,34,Clouds,-2.68,47,7.72
Maribel,Wisconsin,WI,False,55,Clear,-12.1,60,7.72
Mishicot,Wisconsin,WI,False,55,Clear,-11.29,59,7.72
New Franken,Wisconsin,WI,False,55,Clear,-11.96,52,5.32
Reedsville,Pennsylvania,PA,False,42,Clouds,-5.93,71,4.63
Saint Nazianz,Wisconsin,WI,False,55,Clear,-11.74,55,6.28
Sister Bay,Wisconsin,WI,False,55,Clear,-11.79,56,4.63
Sturgeon Bay,Wisconsin,WI,False,55,Clear,-11.8,56,6.69
Tisch Mills,Wisconsin,WI,False,55,Clear,-11.46,60,5.96
Valders,Wisconsin,WI,False,55,Clear,-11.77,55,7.72
Washington Island,Wisconsin,WI,False,55,Clouds,-10.95,73,5.14
Whitelaw,Wisconsin,WI,False,55,Clear,-11.86,58,7.72
Green Bay,Virginia,VA,False,51,Clear,-1.87,41,0.45
Wausau,Florida,FL,False,12,Clear,7.18,71,2.58
Abbotsford,Wisconsin,WI,False,55,Clear,-15.62,66,3.09
Amherst Junction,Wisconsin,WI,False,55,Clear,-13.6,51,2.06
Aniwa,Wisconsin,WI,False,55,Clear,-14.81,49,4.63
Antigo,Wisconsin,WI,False,55,Clear,-15.94,51,4.63
Arpin,Wisconsin,WI,False,55,Clear,-14.05,54,6.17
Auburndale,Massachusetts,MA,False,25,Clouds,-1.7,60,4.12
Babcock,Wisconsin,WI,False,55,Clouds,-14.18,42,5.24
Birnamwood,Wisconsin,WI,False,55,Clear,-14.54,49,0.89
Blenker,Wisconsin,WI,False,55,Clouds,-14.72,58,4.14
Bowler,Wisconsin,WI,False,55,Clear,-14.14,49,4.9
Brokaw,Wisconsin,WI,False,55,Clear,-14.75,47,5.14
Chili,Wisconsin,WI,False,55,Clear,-12.95,47,6.17
Curtiss,Wisconsin,WI,False,55,Clear,-15.55,66,3.09
Deerbrook,Wisconsin,WI,False,55,Clear,-16.02,51,4.63
Eland,Wisconsin,WI,False,55,Clear,-14.45,49,0.89
Elcho,Wisconsin,WI,False,55,Clear,-16.51,59,4.59
Elderon,Wisconsin,WI,False,55,Clear,-14.36,49,0.89
Galloway,West Virginia,WV,False,54,Clear,-10.11,75,1.54
Jump River,Wisconsin,WI,False,55,Clear,-16.59,61,3.18
Gleason,Tennessee,TN,False,47,Clouds,3.11,53,3.09
Granton,Wisconsin,WI,False,55,Clouds,-14.34,52,4.67
Hatley,Wisconsin,WI,False,55,Clear,-14.54,49,5.06
Irma,Wisconsin,WI,False,55,Clear,-16.43,46,3.09
Lublin,Wisconsin,WI,False,55,Clear,-16.81,61,3.76
Milladore,Wisconsin,WI,False,55,Clouds,-14.73,55,4.26
Mosinee,Wisconsin,WI,False,55,Clear,-14.9,52,6.17
Neillsville,Wisconsin,WI,False,55,Clouds,-14.17,52,2.68
Nekoosa,Wisconsin,WI,False,55,Clear,-13.87,51,3.6
Nelsonville,Ohio,OH,False,39,Clouds,-11.85,72,2.95
Owen,Wisconsin,WI,False,55,Clouds,-15.3,66,4.29
Pearson,Georgia,GA,False,13,Clear,3.09,75,0.0
Pelican Lake,Wisconsin,WI,False,55,Clear,-16.47,59,4.61
Phlox,Wisconsin,WI,False,55,Clear,-15.55,51,4.63
Pickerel,Wisconsin,WI,False,55,Clear,-16.42,58,4.99
Pittsville,Maryland,MD,False,24,Clear,-3.79,47,6.7
Plover,Iowa,IA,False,19,Clouds,-11.06,67,4.33
Port Edwards,Wisconsin,WI,False,55,Clear,-13.98,53,3.6
Rib Lake,Wisconsin,WI,False,55,Clear,-16.73,55,4.26
Ringle,Wisconsin,WI,False,55,Clear,-14.73,45,5.14
Rothschild,Wisconsin,WI,False,55,Clear,-14.61,48,6.17
Rudolph,Ohio,OH,False,39,Clouds,-9.51,74,5.09
Schofield,Wisconsin,WI,False,55,Clear,-14.51,47,6.17
Stetsonville,Wisconsin,WI,False,55,Clear,-16.0,50,3.09
Stevens Point,Wisconsin,WI,False,55,Clear,-13.21,49,4.02
Summit Lake,Wisconsin,WI,False,55,Clear,-16.71,59,2.24
Tigerton,Wisconsin,WI,False,55,Clear,-14.02,49,5.05
Tomahawk,Kentucky,KY,False,21,Clear,-2.72,50,1.54
Vesper,Wisconsin,WI,False,55,Clear,-14.4,57,3.6
Wisconsin Rapids,Wisconsin,WI,False,55,Clear,-14.06,54,3.6
Withee,Wisconsin,WI,False,55,Clouds,-15.37,67,4.28
Wittenberg,Wisconsin,WI,False,55,Clear,-14.3,49,0.89
Rhinelander,Wisconsin,WI,False,55,Clear,-16.91,51,4.12
Argonne,Wisconsin,WI,False,55,Clouds,-16.61,58,4.92
Boulder Junction,Wisconsin,WI,False,55,Clear,-17.77,64,2.57
Brantwood,Wisconsin,WI,False,55,Clear,-16.72,73,3.88
Butternut,Wisconsin,WI,False,55,Clear,-17.75,77,3.78
Catawba,Virginia,VA,False,51,Clear,-3.53,52,2.2
Clam Lake,Wisconsin,WI,False,55,Clear,-17.2,61,3.13
Conover,North Carolina,NC,False,37,Clear,-1.58,55,1.8
Crandon,Wisconsin,WI,False,55,Clear,-16.59,58,0.45
Fifield,Wisconsin,WI,False,55,Clear,-16.98,46,2.57
Gile,Wisconsin,WI,False,55,Clear,-17.53,66,4.12
Harshaw,Wisconsin,WI,False,55,Clear,-16.51,49,4.12
Hazelhurst,Wisconsin,WI,False,55,Clear,-16.94,55,2.57
Heafford Junction,Wisconsin,WI,False,55,Clear,-16.07,43,3.92
Iron Belt,Wisconsin,WI,False,55,Clouds,-17.67,78,4.12
Kennan,Wisconsin,WI,False,55,Clear,-17.07,75,3.48
Lac Du Flambeau,Wisconsin,WI,False,55,Clear,-17.35,57,2.57
Lake Tomahawk,Wisconsin,WI,False,55,Clear,-17.03,55,2.57
Land O Lakes,Florida,FL,False,12,Clear,9.15,82,3.09
Laona,Wisconsin,WI,False,55,Clear,-16.53,58,5.28
Manitowish Waters,Wisconsin,WI,False,55,Clear,-17.77,64,2.57
Mellen,Wisconsin,WI,False,55,Clear,-17.27,63,3.62
Minocqua,Wisconsin,WI,False,55,Clear,-16.96,55,2.57
Park Falls,Wisconsin,WI,False,55,Clear,-17.01,75,3.51
Phelps,New York,NY,False,36,Snow,-4.76,71,9.13
Prentice,Wisconsin,WI,False,55,Clear,-16.7,55,3.62
Presque Isle,Maine,ME,False,23,Clouds,-14.94,81,2.57
Saint Germain,Wisconsin,WI,False,55,Clear,-16.97,55,3.6
Saxon,West Virginia,WV,False,54,Clear,-6.97,67,3.38
Sayner,Wisconsin,WI,False,55,Clear,-17.09,55,2.57
Star Lake,New York,NY,False,36,Snow,-6.4,85,5.16
Three Lakes,Wisconsin,WI,False,55,Clear,-17.0,55,3.6
Tony,Wisconsin,WI,False,55,Clear,-15.99,47,5.14
Tripoli,Iowa,IA,False,19,Clouds,-9.55,29,4.24
Upson,Wisconsin,WI,False,55,Clear,-17.72,77,3.9
Wabeno,Wisconsin,WI,False,55,Clear,-16.51,58,5.38
Alma Center,Wisconsin,WI,False,55,Clouds,-13.3,34,4.12
Arkdale,Wisconsin,WI,False,55,Clouds,-11.08,30,4.99
Black River Falls,Wisconsin,WI,False,55,Clear,-12.9,47,3.6
Camp Douglas,Wisconsin,WI,False,55,Clear,-13.11,52,5.14
Cashton,Wisconsin,WI,False,55,Clouds,-12.94,48,4.67
Cataract,Wisconsin,WI,False,55,Clear,-12.36,50,3.6
Chaseburg,Wisconsin,WI,False,55,Clear,-11.07,57,4.12
Cochrane,Wisconsin,WI,False,55,Clear,-12.29,52,3.6
Coon Valley,Wisconsin,WI,False,55,Clear,-11.12,55,4.12
Eastman,Georgia,GA,False,13,Clear,-0.1,93,0.0
Ettrick,Wisconsin,WI,False,55,Clouds,-12.33,33,3.87
Ferryville,Wisconsin,WI,False,55,Clouds,-10.0,52,4.13
Fountain City,Indiana,IN,False,18,Clouds,-10.4,80,3.35
Galesville,Maryland,MD,False,24,Clear,-3.62,52,6.69
Gays Mills,Wisconsin,WI,False,55,Clouds,-9.6,43,4.02
Hixton,Wisconsin,WI,False,55,Clear,-13.19,47,3.6
Holmen,Wisconsin,WI,False,55,Clear,-11.97,55,5.66
Hustler,Wisconsin,WI,False,55,Clear,-13.05,52,5.14
La Farge,Wisconsin,WI,False,55,Clouds,-11.94,60,2.24
Lynxville,Wisconsin,WI,False,55,Clouds,-9.68,43,0.45
Millston,Wisconsin,WI,False,55,Clear,-13.17,47,3.6
Mindoro,Wisconsin,WI,False,55,Clouds,-11.76,57,3.62
Necedah,Wisconsin,WI,False,55,Clear,-13.08,52,4.12
Readstown,Wisconsin,WI,False,55,Clear,-11.95,65,4.12
Soldiers Grove,Wisconsin,WI,False,55,Clouds,-11.72,65,4.22
Steuben,Maine,ME,False,23,Clouds,-9.46,53,5.51
Stoddard,New Hampshire,NH,False,33,Clouds,-5.7,72,4.89
Tomah,Wisconsin,WI,False,55,Clear,-12.27,52,0.0
Trempealeau,Wisconsin,WI,False,55,Clouds,-11.93,55,1.79
Tunnel City,Wisconsin,WI,False,55,Clear,-12.49,52,0.0
Viroqua,Wisconsin,WI,False,55,Clear,-12.35,59,4.12
Warrens,Wisconsin,WI,False,55,Clouds,-12.38,26,4.73
Eau Claire,Pennsylvania,PA,False,42,Snow,-8.77,77,5.41
Arkansaw,Wisconsin,WI,False,55,Clouds,-13.89,34,3.94
Bloomer,Wisconsin,WI,False,55,Clouds,-14.17,50,4.34
Boyceville,Wisconsin,WI,False,55,Clouds,-15.27,62,3.93
Cadott,Wisconsin,WI,False,55,Clouds,-14.32,42,4.57
Chetek,Wisconsin,WI,False,55,Clear,-14.18,41,2.06
Chippewa Falls,Wisconsin,WI,False,55,Clear,-13.78,48,4.63
Conrath,Wisconsin,WI,False,55,Clear,-15.82,47,5.14
Eau Galle,Wisconsin,WI,False,55,Clouds,-12.75,33,3.99
Eleva,Wisconsin,WI,False,55,Clouds,-13.12,48,3.73
Elk Mound,Wisconsin,WI,False,55,Clear,-13.63,48,6.17
Fairchild,Wisconsin,WI,False,55,Clouds,-14.23,35,4.41
Gilmanton,New Hampshire,NH,False,33,Clouds,-9.02,75,3.09
Holcombe,Wisconsin,WI,False,55,Clear,-14.47,69,3.4
Humbird,Wisconsin,WI,False,55,Clouds,-14.13,35,4.36
Jim Falls,Wisconsin,WI,False,55,Clouds,-14.28,49,1.79
Knapp,Wisconsin,WI,False,55,Clear,-13.63,53,6.17
Maiden Rock,Wisconsin,WI,False,55,Clear,-13.42,51,1.54
Menomonie,Wisconsin,WI,False,55,Clear,-13.0,47,6.17
Merrillan,Wisconsin,WI,False,55,Clouds,-13.18,34,4.24
Mondovi,Wisconsin,WI,False,55,Clouds,-13.07,32,3.98
Pepin,Wisconsin,WI,False,55,Clouds,-11.51,35,3.8
Pigeon Falls,Wisconsin,WI,False,55,Clouds,-11.76,33,4.05
Plum City,Wisconsin,WI,False,55,Clouds,-13.5,35,3.95
Prairie Farm,Wisconsin,WI,False,55,Clouds,-15.4,58,3.58
Ridgeland,South Carolina,SC,False,45,Clear,0.97,47,1.55
Sand Creek,Michigan,MI,False,26,Clear,-8.01,74,3.09
Strum,Wisconsin,WI,False,55,Clouds,-12.79,33,3.79
Spooner,Wisconsin,WI,False,55,Clear,-17.03,81,2.96
Balsam Lake,Wisconsin,WI,False,55,Clouds,-14.51,39,4.33
Barron,Wisconsin,WI,False,55,Clear,-14.83,37,4.63
Barronett,Wisconsin,WI,False,55,Clear,-14.27,36,4.63
Benoit,Mississippi,MS,False,28,Clouds,8.97,53,4.63
Birchwood,Tennessee,TN,False,47,Clouds,1.44,51,3.09
Brill,Wisconsin,WI,False,55,Clear,-15.2,67,4.34
Cable,Ohio,OH,False,39,Clouds,-10.65,84,4.49
Centuria,Wisconsin,WI,False,55,Clear,-14.67,40,3.09
Cornucopia,Wisconsin,WI,False,55,Clear,-14.18,58,7.01
Couderay,Wisconsin,WI,False,55,Clear,-16.19,71,3.71
Cumberland,Rhode Island,RI,False,44,Clouds,-2.34,63,5.14
Edgewater,New Jersey,NJ,False,34,Clouds,-1.79,45,8.23
Exeland,Wisconsin,WI,False,55,Clear,-15.93,69,3.86
Foxboro,Massachusetts,MA,False,25,Clear,-17.29,70,3.16
Frederic,Michigan,MI,False,26,Clouds,-9.11,78,3.6
Haugen,Wisconsin,WI,False,55,Clear,-13.99,36,4.63
Herbster,Wisconsin,WI,False,55,Clear,-12.36,70,6.97
Hertel,Wisconsin,WI,False,55,Clear,-17.09,46,2.06
High Bridge,New Jersey,NJ,False,34,Clouds,-3.26,50,4.12
Iron River,Michigan,MI,False,26,Clouds,-13.1,77,5.78
Ladysmith,Virginia,VA,False,51,Clear,-4.28,52,2.76
Lake Nebagamon,Wisconsin,WI,False,55,Clear,-17.96,58,1.34
La Pointe,Wisconsin,WI,False,55,Clear,-13.59,57,5.14
Luck,Wisconsin,WI,False,55,Clouds,-17.46,40,4.64
Mikana,Wisconsin,WI,False,55,Clear,-15.18,68,4.14
Minong,Wisconsin,WI,False,55,Clear,-16.94,71,3.19
Odanah,Wisconsin,WI,False,55,Clear,-14.33,65,4.82
Ojibwa,Wisconsin,WI,False,55,Clear,-15.86,72,3.64
Port Wing,Wisconsin,WI,False,55,Clear,-12.84,69,6.29
Radisson,Wisconsin,WI,False,55,Clear,-15.79,71,3.74
Rice Lake,Wisconsin,WI,False,55,Clear,-14.97,36,4.63
Sarona,Wisconsin,WI,False,55,Clear,-14.12,74,3.7
Shell Lake,Wisconsin,WI,False,55,Clear,-14.01,79,3.08
Siren,Wisconsin,WI,False,55,Clear,-17.02,46,2.06
Solon Springs,Wisconsin,WI,False,55,Clear,-16.99,39,2.06
South Range,Michigan,MI,False,26,Haze,-11.77,67,11.83
Springbrook,Iowa,IA,False,19,Clouds,-7.51,46,2.82
Stone Lake,Wisconsin,WI,False,55,Clear,-16.29,56,3.53
Wascott,Wisconsin,WI,False,55,Clear,-16.94,39,2.06
Weyerhaeuser,Wisconsin,WI,False,55,Clear,-14.27,62,4.16
Winter,Wisconsin,WI,False,55,Clear,-15.97,73,3.51
Almond,New York,NY,False,36,Clouds,-6.81,77,6.71
Bear Creek,Pennsylvania,PA,False,42,Clouds,5.13,50,3.6
Butte Des Morts,Wisconsin,WI,False,55,Clear,-12.12,55,4.63
Caroline,Wisconsin,WI,False,55,Clear,-13.17,43,4.63
Clintonville,Pennsylvania,PA,False,42,Snow,-8.67,79,6.69
Fond Du Lac,Wisconsin,WI,False,55,Clear,-11.47,48,5.14
Green Lake,Wisconsin,WI,False,55,Clouds,-10.94,43,5.18
Hortonville,New York,NY,False,36,Clouds,-5.98,79,6.7
King,North Carolina,NC,False,37,Clear,-1.56,46,1.08
Larsen,Wisconsin,WI,False,55,Clear,-12.02,57,4.63
Leopolis,Wisconsin,WI,False,55,Clear,-13.15,43,4.63
Manawa,Wisconsin,WI,False,55,Clear,-12.85,55,2.68
Menasha,Wisconsin,WI,False,55,Clear,-12.15,55,4.63
Neenah,Wisconsin,WI,False,55,Clear,-12.1,56,4.63
Neshkoro,Wisconsin,WI,False,55,Clear,-12.91,47,6.69
Ogdensburg,New Jersey,NJ,False,34,Clouds,-4.61,55,4.12
Omro,Wisconsin,WI,False,55,Clear,-12.12,55,4.63
Pickett,Wisconsin,WI,False,55,Clear,-12.44,54,4.63
Poy Sippi,Wisconsin,WI,False,55,Clouds,-12.6,56,5.03
Readfield,Maine,ME,False,23,Clouds,-10.47,65,3.6
Redgranite,Wisconsin,WI,False,55,Clear,-12.88,47,6.69
Saxeville,Wisconsin,WI,False,55,Clouds,-13.0,56,5.27
Scandinavia,Wisconsin,WI,False,55,Clear,-12.18,46,4.12
Tilleda,Wisconsin,WI,False,55,Clear,-13.86,57,4.77
Van Dyne,Wisconsin,WI,False,55,Clear,-11.92,49,5.14
Waukau,Wisconsin,WI,False,55,Clear,-12.3,57,4.63
Waupaca,Wisconsin,WI,False,55,Clear,-12.88,55,5.21
Wautoma,Wisconsin,WI,False,55,Clear,-13.03,47,6.69
Weyauwega,Wisconsin,WI,False,55,Clear,-12.79,57,2.68
Wild Rose,Wisconsin,WI,False,55,Clear,-13.11,47,6.69
Winneconne,Wisconsin,WI,False,55,Clear,-12.07,55,4.63
Almelund,Minnesota,MN,False,27,Clouds,-15.57,56,4.56
Bayport,New York,NY,False,36,Clouds,-1.9,52,7.2
Braham,Minnesota,MN,False,27,Clouds,-16.18,52,4.12
Brook Park,Minnesota,MN,False,27,Clear,-16.81,46,4.12
Cannon Falls,Minnesota,MN,False,27,Clear,-13.06,61,2.06
Center City,Minnesota,MN,False,27,Clouds,-15.13,54,4.48
Chisago City,Minnesota,MN,False,27,Clear,-15.06,52,3.09
Circle Pines,Minnesota,MN,False,27,Clear,-14.49,51,4.12
Dalbo,Minnesota,MN,False,27,Clear,-16.35,54,2.57
Elko New Market,Minnesota,MN,False,27,Clear,-14.16,59,2.57
Faribault,Minnesota,MN,False,27,Clear,-14.03,66,3.6
Forest Lake,Minnesota,MN,False,27,Clouds,-15.02,55,1.34
Goodhue,Minnesota,MN,False,27,Clouds,-14.31,62,4.14
Grandy,North Carolina,NC,False,37,Clear,-1.99,47,7.93
Grasston,Minnesota,MN,False,27,Clear,-16.03,42,4.12
Henriette,Minnesota,MN,False,27,Clear,-16.25,41,4.12
Isanti,Minnesota,MN,False,27,Clouds,-15.62,51,1.79
Lake Elmo,Minnesota,MN,False,27,Clear,-14.09,48,4.12
Lakeville,Massachusetts,MA,False,25,Clouds,-1.95,58,5.66
Lindstrom,Minnesota,MN,False,27,Clear,-14.79,51,3.09
Marine On Saint Croix,Minnesota,MN,False,27,Clear,-14.82,50,3.09
Nerstrand,Minnesota,MN,False,27,Clear,-14.41,66,2.06
North Branch,New York,NY,False,36,Clouds,-6.24,75,6.75
Northfield,Massachusetts,MA,False,25,Clouds,-2.71,64,5.66
Owatonna,Minnesota,MN,False,27,Clear,-13.91,66,3.6
Pine City,New York,NY,False,36,Clouds,-4.65,61,4.12
Red Wing,Minnesota,MN,False,27,Clear,-14.02,58,1.54
Rock Creek,West Virginia,WV,False,54,Clear,-5.97,73,3.24
Rosemount,Minnesota,MN,False,27,Clear,-13.55,50,3.6
Rush City,Minnesota,MN,False,27,Clouds,-15.93,56,2.06
Saint Paul Park,Minnesota,MN,False,27,Clear,-13.24,46,4.12
Sandstone,West Virginia,WV,False,54,Clear,-5.65,60,4.3
Shafer,Minnesota,MN,False,27,Clear,-14.77,50,3.09
South Saint Paul,Minnesota,MN,False,27,Clear,-13.25,45,4.12
Inver Grove Heights,Minnesota,MN,False,27,Clear,-13.5,45,4.12
Stacy,North Carolina,NC,False,37,Clear,1.28,57,4.02
Stanchfield,Minnesota,MN,False,27,Clear,-16.21,56,2.06
Taylors Falls,Minnesota,MN,False,27,Clear,-14.27,44,3.09
Willernie,Minnesota,MN,False,27,Clear,-14.36,50,4.12
Albertville,Alabama,AL,False,1,Clouds,0.77,65,2.06
Annandale,New Jersey,NJ,False,34,Clouds,-3.39,50,4.12
Anoka,Minnesota,MN,False,27,Clear,-14.63,49,4.12
Burnsville,West Virginia,WV,False,54,Clear,-9.11,81,2.51
Becker,Mississippi,MS,False,28,Clouds,8.14,42,2.06
Bird Island,Minnesota,MN,False,27,Clear,-19.28,67,3.82
Osseo,Michigan,MI,False,26,Clear,-9.83,79,4.12
Brownton,Minnesota,MN,False,27,Clear,-13.53,47,3.6
Buffalo Lake,Minnesota,MN,False,27,Clouds,-13.93,40,4.18
Carver,Massachusetts,MA,False,25,Clouds,-2.24,60,5.66
Champlin,Minnesota,MN,False,27,Clear,-14.64,49,4.12
Chanhassen,Minnesota,MN,False,27,Clear,-13.77,48,4.12
Chaska,Minnesota,MN,False,27,Clear,-13.39,51,4.12
Cokato,Minnesota,MN,False,27,Clouds,-13.54,56,3.89
Cologne,New Jersey,NJ,False,34,Clouds,-2.94,54,7.2
Dassel,Minnesota,MN,False,27,Clear,-14.78,47,4.12
Eden Valley,Minnesota,MN,False,27,Clear,-15.69,55,3.6
Excelsior,Minnesota,MN,False,27,Clear,-13.8,47,4.12
Green Isle,Minnesota,MN,False,27,Clear,-14.21,63,2.24
Eden Prairie,Minnesota,MN,False,27,Clear,-13.53,49,4.12
Minnetonka,Minnesota,MN,False,27,Clear,-13.75,46,4.12
Lester Prairie,Minnesota,MN,False,27,Clear,-14.0,60,0.0
Loretto,Pennsylvania,PA,False,42,Clouds,-9.69,88,0.89
Maple Lake,Minnesota,MN,False,27,Clear,-14.71,50,6.69
Minnetonka Beach,Minnesota,MN,False,27,Clear,-13.84,47,4.12
New Auburn,Wisconsin,WI,False,55,Clear,-14.22,43,4.42
New Germany,Minnesota,MN,False,27,Clear,-13.98,60,0.0
Norwood Young America,Minnesota,MN,False,27,Clear,-13.97,60,0.0
Prior Lake,Minnesota,MN,False,27,Clear,-13.61,53,4.12
Saint Bonifacius,Minnesota,MN,False,27,Clouds,-14.0,49,2.68
Santiago,Minnesota,MN,False,27,Clear,-16.09,47,3.6
Shakopee,Minnesota,MN,False,27,Clear,-13.23,50,4.12
Spring Park,Minnesota,MN,False,27,Clear,-13.9,47,4.12
Stewart,Tennessee,TN,False,47,Clouds,1.44,60,1.94
Waconia,Minnesota,MN,False,27,Clouds,-14.13,49,0.89
Wayzata,Minnesota,MN,False,27,Clear,-13.9,46,4.12
Navarre,Florida,FL,False,12,Clouds,11.56,46,2.57
Maple Plain,Minnesota,MN,False,27,Clouds,-14.21,48,4.0
Winsted,Connecticut,CT,False,9,Clouds,-3.4,65,2.68
Zimmerman,Minnesota,MN,False,27,Clear,-15.52,53,2.57
Young America,Indiana,IN,False,18,Clouds,-10.68,81,3.6
Howard Lake,Minnesota,MN,False,27,Clouds,-13.31,56,4.92
Beaver Bay,Minnesota,MN,False,27,Clear,-15.18,59,4.86
Brimson,Minnesota,MN,False,27,Clear,-20.22,62,6.26
Finland,Minnesota,MN,False,27,Clear,-18.56,36,7.03
Grand Marais,Michigan,MI,False,26,Clouds,-5.72,74,12.72
Grand Portage,Minnesota,MN,False,27,Clear,-16.81,53,4.02
Hovland,Minnesota,MN,False,27,Clear,-16.59,54,6.93
Knife River,Minnesota,MN,False,27,Clear,-16.71,51,0.45
Lutsen,Minnesota,MN,False,27,Clear,-17.2,65,8.44
Schroeder,Minnesota,MN,False,27,Clear,-17.22,36,7.56
Silver Bay,New York,NY,False,36,Clouds,-2.97,70,4.74
Tofte,Minnesota,MN,False,27,Clear,-17.29,36,7.88
Two Harbors,Minnesota,MN,False,27,Clear,-16.74,51,1.34
Adolph,Minnesota,MN,False,27,Clear,-18.55,52,6.69
Alborn,Minnesota,MN,False,27,Clear,-19.4,63,4.53
Askov,Minnesota,MN,False,27,Clear,-17.32,60,4.37
Babbitt,Minnesota,MN,False,27,Clear,-22.06,59,3.09
Barnum,Iowa,IA,False,19,Clouds,-9.1,53,2.57
Biwabik,Minnesota,MN,False,27,Clear,-21.38,62,5.66
Bovey,Minnesota,MN,False,27,Clear,-20.03,58,3.94
Britt,Iowa,IA,False,19,Clouds,-11.05,31,4.37
Chisholm,Minnesota,MN,False,27,Clear,-22.1,50,6.17
Cloquet,Minnesota,MN,False,27,Clear,-18.79,54,5.14
Cohasset,Massachusetts,MA,False,25,Clouds,-1.73,59,2.06
Coleraine,Minnesota,MN,False,27,Clear,-20.03,58,3.94
Cotton,Georgia,GA,False,13,Clear,2.92,49,0.94
Crane Lake,Minnesota,MN,False,27,Clear,-18.58,82,4.29
Grand Rapids,Ohio,OH,False,39,Clouds,-9.27,71,4.47
Embarrass,Wisconsin,WI,False,55,Clear,-12.97,43,4.63
Esko,Minnesota,MN,False,27,Clear,-18.22,54,5.14
Eveleth,Minnesota,MN,False,27,Clear,-20.86,58,5.66
Finlayson,Minnesota,MN,False,27,Clear,-17.22,59,4.56
Floodwood,Minnesota,MN,False,27,Clear,-17.57,75,4.06
Hibbing,Minnesota,MN,False,27,Clear,-22.01,52,6.17
Hoyt Lakes,Minnesota,MN,False,27,Clear,-21.77,66,0.45
Iron,Minnesota,MN,False,27,Clear,-20.87,58,5.66
Jacobson,Minnesota,MN,False,27,Clear,-17.75,76,3.97
Keewatin,Minnesota,MN,False,27,Clear,-21.55,65,6.17
Kettle River,Minnesota,MN,False,27,Clear,-18.25,46,2.57
Kinney,Minnesota,MN,False,27,Clear,-21.59,51,6.17
Makinen,Minnesota,MN,False,27,Clear,-20.12,56,5.66
Marble,Pennsylvania,PA,False,42,Clouds,-9.29,87,5.12
Meadowlands,Minnesota,MN,False,27,Clear,-17.63,75,4.12
Melrude,Minnesota,MN,False,27,Clear,-21.1,79,4.3
Moose Lake,Minnesota,MN,False,27,Clear,-18.03,46,2.57
Mountain Iron,Minnesota,MN,False,27,Clear,-20.87,58,5.66
Nashwauk,Minnesota,MN,False,27,Clear,-21.58,65,3.13
Orr,Minnesota,MN,False,27,Clear,-22.01,64,3.6
Nett Lake,Minnesota,MN,False,27,Clear,-21.94,89,3.94
Pengilly,Minnesota,MN,False,27,Clear,-21.36,65,3.94
Side Lake,Minnesota,MN,False,27,Clear,-21.42,88,3.91
Soudan,Minnesota,MN,False,27,Clear,-18.99,84,4.12
Sturgeon Lake,Minnesota,MN,False,27,Clear,-18.03,46,2.57
Swan River,Minnesota,MN,False,27,Clear,-19.99,78,3.91
Swatara,Minnesota,MN,False,27,Clear,-17.9,80,3.76
Taconite,Minnesota,MN,False,27,Clear,-20.19,58,3.92
Tamarack,Minnesota,MN,False,27,Clear,-19.09,55,3.6
Tower,Michigan,MI,False,26,Clouds,-7.71,83,5.25
Twig,Minnesota,MN,False,27,Clear,-19.49,60,6.69
Warba,Minnesota,MN,False,27,Clear,-19.95,80,3.92
Willow River,Minnesota,MN,False,27,Clear,-17.99,46,2.57
Wrenshall,Minnesota,MN,False,27,Clear,-18.08,51,5.14
Duluth,Georgia,GA,False,13,Clouds,0.19,56,2.38
Altura,Minnesota,MN,False,27,Clear,-13.15,52,3.6
Blooming Prairie,Minnesota,MN,False,27,Clouds,-13.74,74,4.17
Brownsdale,Minnesota,MN,False,27,Clear,-12.17,58,3.09
Dodge Center,Minnesota,MN,False,27,Clear,-13.95,65,3.6
Eitzen,Minnesota,MN,False,27,Clouds,-11.85,33,4.4
Eyota,Minnesota,MN,False,27,Clouds,-13.78,64,4.63
Grand Meadow,Minnesota,MN,False,27,Clouds,-14.09,33,4.55
Hayfield,Minnesota,MN,False,27,Clear,-13.93,70,3.6
Hokah,Minnesota,MN,False,27,Clear,-11.81,56,5.66
Kasson,Minnesota,MN,False,27,Clear,-13.83,65,3.6
Kenyon,Rhode Island,RI,False,44,Clouds,-2.36,59,4.63
La Crescent,Minnesota,MN,False,27,Clear,-11.85,56,5.66
Lanesboro,Massachusetts,MA,False,25,Clear,-13.23,56,5.66
Mabel,Minnesota,MN,False,27,Clouds,-11.99,34,4.62
Mantorville,Minnesota,MN,False,27,Clear,-13.64,65,3.6
Mazeppa,Minnesota,MN,False,27,Clouds,-13.45,67,4.27
Minnesota City,Minnesota,MN,False,27,Clear,-11.94,52,3.6
Oronoco,Minnesota,MN,False,27,Clear,-13.31,64,3.09
Ostrander,Ohio,OH,False,39,Clear,-10.57,86,2.57
Peterson,Alabama,AL,False,1,Clouds,5.84,60,2.06
Pine Island,New York,NY,False,36,Clouds,-1.94,49,7.72
Reads Landing,Minnesota,MN,False,27,Clouds,-13.28,35,3.75
Rollingstone,Minnesota,MN,False,27,Clear,-12.04,52,3.6
Rose Creek,Minnesota,MN,False,27,Clear,-12.88,65,4.63
Rushford,New York,NY,False,36,Snow,-8.98,92,1.54
Sargeant,Minnesota,MN,False,27,Clear,-13.88,71,4.63
Stewartville,Minnesota,MN,False,27,Clear,-13.73,56,5.66
Taopi,Minnesota,MN,False,27,Clouds,-12.41,63,4.48
Wabasha,Minnesota,MN,False,27,Clouds,-13.29,35,3.73
Waltham,Massachusetts,MA,False,25,Clouds,-1.62,59,7.2
Wanamingo,Minnesota,MN,False,27,Clouds,-13.96,69,1.34
West Concord,Minnesota,MN,False,27,Clear,-14.2,67,3.6
Wykoff,Minnesota,MN,False,27,Clear,-14.02,58,5.66
Zumbro Falls,Minnesota,MN,False,27,Clouds,-13.22,64,4.24
Zumbrota,Minnesota,MN,False,27,Clouds,-13.79,68,1.34
Albert Lea,Minnesota,MN,False,27,Clear,-12.96,66,5.14
Blue Earth,Minnesota,MN,False,27,Clouds,-12.5,72,4.12
Bricelyn,Minnesota,MN,False,27,Clouds,-12.5,72,4.08
Clarks Grove,Minnesota,MN,False,27,Clear,-13.17,66,5.14
Comfrey,Minnesota,MN,False,27,Clouds,-12.91,65,4.67
Conger,Minnesota,MN,False,27,Clear,-13.06,66,5.14
Darfur,Minnesota,MN,False,27,Clouds,-12.97,65,4.68
Elmore,Alabama,AL,False,1,Clear,2.9,77,0.0
Elysian,Minnesota,MN,False,27,Clear,-12.93,56,5.66
Emmons,Minnesota,MN,False,27,Clouds,-12.75,32,4.26
Essig,Minnesota,MN,False,27,Clear,-13.9,56,2.57
Freeborn,Minnesota,MN,False,27,Clear,-13.33,68,5.14
Glenville,Pennsylvania,PA,False,42,Clear,-5.96,63,5.66
Good Thunder,Minnesota,MN,False,27,Clouds,-12.77,81,4.23
Hanska,Minnesota,MN,False,27,Clear,-12.34,65,4.02
Hartland,Maine,ME,False,23,Clouds,-11.07,64,0.89
Hollandale,Mississippi,MS,False,28,Clouds,9.32,57,4.79
Kasota,Minnesota,MN,False,27,Clear,-12.59,58,4.63
Kiester,Minnesota,MN,False,27,Clouds,-13.15,33,4.13
Kilkenny,Minnesota,MN,False,27,Clouds,-13.86,32,4.55
Lake Crystal,Minnesota,MN,False,27,Clouds,-12.35,71,3.88
Le Center,Minnesota,MN,False,27,Clouds,-13.66,54,4.55
Le Sueur,Minnesota,MN,False,27,Clouds,-13.06,54,2.24
Madelia,Minnesota,MN,False,27,Clouds,-12.19,64,1.79
Madison Lake,Minnesota,MN,False,27,Clear,-13.01,65,4.63
Minnesota Lake,Minnesota,MN,False,27,Clouds,-12.3,72,4.11
New Prague,Minnesota,MN,False,27,Clouds,-13.8,56,4.46
New Richland,Minnesota,MN,False,27,Clouds,-13.79,70,4.25
Nicollet,Minnesota,MN,False,27,Clouds,-12.83,69,3.83
Northrop,Minnesota,MN,False,27,Clear,-11.97,61,6.17
Pemberton,New Jersey,NJ,False,34,Clouds,-3.15,48,5.14
Searles,Minnesota,MN,False,27,Clear,-12.84,63,4.02
Sleepy Eye,Minnesota,MN,False,27,Clear,-13.32,61,2.57
Truman,Minnesota,MN,False,27,Clouds,-11.9,33,4.45
Vernon Center,New York,NY,False,36,Snow,-5.71,86,8.82
Waldorf,Maryland,MD,False,24,Clear,-4.44,58,0.45
Waseca,Minnesota,MN,False,27,Clear,-13.21,62,5.66
Balaton,Minnesota,MN,False,27,Clouds,-14.69,42,5.81
Beaver Creek,Minnesota,MN,False,27,Clouds,-12.45,68,4.63
Bingham Lake,Minnesota,MN,False,27,Clear,-13.03,61,6.69
Ceylon,Minnesota,MN,False,27,Clear,-11.89,61,6.69
Currie,North Carolina,NC,False,37,Clear,-1.01,47,1.43
Dovray,Minnesota,MN,False,27,Clouds,-13.8,41,5.27
Dunnell,Minnesota,MN,False,27,Clear,-11.99,61,6.69
Fulda,Indiana,IN,False,18,Clouds,-1.62,50,0.0
Hardwick,Massachusetts,MA,False,25,Snow,-3.47,53,3.95
Hendricks,West Virginia,WV,False,54,Clouds,-10.53,87,1.34
Heron Lake,Minnesota,MN,False,27,Clouds,-12.39,71,5.07
Hills,Iowa,IA,False,19,Clouds,-8.39,74,3.09
Ihlen,Minnesota,MN,False,27,Clouds,-12.81,39,5.83
Jeffers,Minnesota,MN,False,27,Clear,-13.14,61,6.69
Kanaranzi,Minnesota,MN,False,27,Clouds,-12.16,62,4.63
Kenneth,Minnesota,MN,False,27,Clouds,-12.66,70,4.63
Lake Benton,Minnesota,MN,False,27,Clouds,-16.69,74,5.95
Lakefield,Minnesota,MN,False,27,Clouds,-12.34,71,1.34
Lake Wilson,Minnesota,MN,False,27,Clear,-14.08,66,6.17
Lamberton,Minnesota,MN,False,27,Clouds,-13.63,41,5.04
Leota,Minnesota,MN,False,27,Clouds,-13.22,38,5.96
Lismore,Minnesota,MN,False,27,Clouds,-12.81,38,5.95
Lynd,Minnesota,MN,False,27,Clear,-15.24,72,6.69
Mountain Lake,Minnesota,MN,False,27,Clear,-12.8,61,6.69
Okabena,Minnesota,MN,False,27,Clouds,-12.25,71,5.16
Ormsby,Minnesota,MN,False,27,Clouds,-11.56,33,4.71
Pipestone,Minnesota,MN,False,27,Clouds,-13.68,40,6.04
Rushmore,Minnesota,MN,False,27,Clouds,-12.99,70,6.69
Ruthton,Minnesota,MN,False,27,Clouds,-17.22,43,6.07
Sherburn,Minnesota,MN,False,27,Clouds,-12.25,33,4.8
Slayton,Minnesota,MN,False,27,Clear,-13.96,66,6.17
Steen,Minnesota,MN,False,27,Clouds,-12.36,66,4.63
Storden,Minnesota,MN,False,27,Clouds,-12.97,40,5.1
Trimont,Minnesota,MN,False,27,Clouds,-12.12,33,4.79
Trosky,Minnesota,MN,False,27,Clouds,-12.94,39,5.98
Welcome,Maryland,MD,False,24,Clear,-3.71,54,5.14
Wilmont,Minnesota,MN,False,27,Clouds,-13.32,38,6.03
Willmar,Minnesota,MN,False,27,Clear,-15.03,66,3.6
Alberta,Virginia,VA,False,51,Clear,-1.43,34,0.0
Beardsley,Minnesota,MN,False,27,Clouds,-17.88,61,4.64
Belview,Minnesota,MN,False,27,Clouds,-14.09,48,4.1
Blomkest,Minnesota,MN,False,27,Clear,-14.1,61,0.0
Chokio,Minnesota,MN,False,27,Clear,-17.0,66,6.69
Clara City,Minnesota,MN,False,27,Clouds,-14.88,55,3.94
Clarkfield,Minnesota,MN,False,27,Clouds,-15.67,70,4.34
Clontarf,Minnesota,MN,False,27,Clear,-16.01,66,4.63
Correll,Minnesota,MN,False,27,Clouds,-15.1,56,0.0
Cosmos,Minnesota,MN,False,27,Clouds,-14.95,45,3.98
Danube,Minnesota,MN,False,27,Clear,-14.01,61,0.0
Ghent,New York,NY,False,36,Clouds,-2.87,65,1.79
Graceville,Florida,FL,False,12,Clear,6.48,82,2.65
Grove City,Pennsylvania,PA,False,42,Snow,-7.9,79,6.57
Hancock,New Hampshire,NH,False,33,Clouds,-4.95,73,3.09
Hanley Falls,Minnesota,MN,False,27,Clear,-14.01,66,4.12
Holloway,Ohio,OH,False,39,Clouds,-7.92,83,4.52
Kandiyohi,Minnesota,MN,False,27,Clear,-15.2,66,3.6
Kerkhoven,Minnesota,MN,False,27,Clear,-14.96,66,3.6
Lake Lillian,Minnesota,MN,False,27,Clouds,-14.06,48,3.95
Lucan,Minnesota,MN,False,27,Clouds,-13.52,44,4.83
Milroy,Pennsylvania,PA,False,42,Clouds,-6.28,65,6.17
Minneota,Minnesota,MN,False,27,Clear,-15.01,72,6.69
Montevideo,Minnesota,MN,False,27,Clear,-15.64,71,5.66
Norcross,Georgia,GA,False,13,Clear,0.52,53,0.0
Olivia,North Carolina,NC,False,37,Clear,-1.25,44,1.99
Ortonville,Michigan,MI,False,26,Clouds,-8.76,77,4.02
Pennock,Minnesota,MN,False,27,Clear,-15.01,66,3.6
Prinsburg,Minnesota,MN,False,27,Clouds,-14.95,53,3.85
Redwood Falls,Minnesota,MN,False,27,Clear,-14.03,61,3.09
Renville,Minnesota,MN,False,27,Clear,-13.98,61,0.0
Sacred Heart,Minnesota,MN,False,27,Clear,-14.04,66,4.12
Seaforth,Minnesota,MN,False,27,Clouds,-14.03,45,4.46
Spicer,Minnesota,MN,False,27,Clear,-15.47,62,3.6
Sunburg,Minnesota,MN,False,27,Clouds,-15.26,62,3.83
Taunton,Massachusetts,MA,False,25,Clouds,-2.14,61,1.34
Vesta,Virginia,VA,False,51,Clear,-6.89,50,4.08
Wabasso,Florida,FL,False,12,Clear,10.51,82,0.0
Wanda,Minnesota,MN,False,27,Clouds,-14.14,41,4.79
Saint Cloud,Florida,FL,False,12,Clear,7.52,78,0.0
Barrett,Minnesota,MN,False,27,Clear,-17.95,60,4.63
Bock,Minnesota,MN,False,27,Clouds,-17.01,47,1.79
Bowlus,Minnesota,MN,False,27,Clear,-16.95,51,2.06
Brooten,Minnesota,MN,False,27,Clouds,-16.86,64,3.83
Buckman,Minnesota,MN,False,27,Clouds,-17.37,53,4.48
Burtrum,Minnesota,MN,False,27,Clear,-16.85,60,2.57
Carlos,Minnesota,MN,False,27,Clear,-18.32,73,4.12
Cold Spring,New York,NY,False,36,Clouds,-2.88,57,6.17
Collegeville,Pennsylvania,PA,False,42,Clouds,-3.41,52,5.66
Cyrus,Minnesota,MN,False,27,Clear,-17.04,66,6.69
Elrosa,Minnesota,MN,False,27,Clear,-16.93,60,3.6
Flensburg,Minnesota,MN,False,27,Clear,-17.29,49,2.06
Foreston,Minnesota,MN,False,27,Clouds,-16.78,48,3.58
Greenwald,Minnesota,MN,False,27,Clear,-16.8,62,3.6
Grey Eagle,Minnesota,MN,False,27,Clear,-16.59,62,3.6
Hillman,Michigan,MI,False,26,Clouds,-8.22,73,5.89
Holdingford,Minnesota,MN,False,27,Clouds,-16.79,53,2.68
Holmes City,Minnesota,MN,False,27,Clear,-18.14,69,4.12
Isle,Minnesota,MN,False,27,Clouds,-17.54,63,5.35
Lastrup,Minnesota,MN,False,27,Clouds,-17.63,56,4.37
Little Falls,New Jersey,NJ,False,34,Clouds,-3.07,49,7.2
Long Prairie,Minnesota,MN,False,27,Clear,-16.94,60,2.57
Lowry,Virginia,VA,False,51,Clear,-2.68,43,4.04
Milaca,Minnesota,MN,False,27,Clouds,-16.83,47,3.58
Miltona,Minnesota,MN,False,27,Clouds,-18.27,72,3.87
New Munich,Minnesota,MN,False,27,Clear,-16.39,55,3.6
Ogilvie,Minnesota,MN,False,27,Clear,-17.05,42,3.6
Onamia,Minnesota,MN,False,27,Clouds,-17.74,61,4.72
Osakis,Minnesota,MN,False,27,Clear,-17.39,65,4.12
Parkers Prairie,Minnesota,MN,False,27,Clouds,-19.38,75,3.96
Paynesville,West Virginia,WV,False,54,Clear,-8.0,84,0.45
Pease,Minnesota,MN,False,27,Clear,-16.56,47,3.58
Pierz,Minnesota,MN,False,27,Clear,-17.26,48,2.06
Saint Stephen,South Carolina,SC,False,45,Clear,0.54,46,1.46
Saint Martin,Minnesota,MN,False,27,Clear,-16.09,53,4.12
Sartell,Minnesota,MN,False,27,Clear,-16.07,53,3.6
Sauk Centre,Minnesota,MN,False,27,Clear,-16.57,64,3.6
Sauk Rapids,Minnesota,MN,False,27,Clear,-16.03,53,3.6
Swanville,Minnesota,MN,False,27,Clear,-16.97,60,2.57
Upsala,Minnesota,MN,False,27,Clouds,-16.88,53,3.71
Villard,Minnesota,MN,False,27,Clear,-17.11,66,4.12
Wahkon,Minnesota,MN,False,27,Clouds,-17.51,63,5.32
Waite Park,Minnesota,MN,False,27,Clear,-16.13,52,3.6
Brainerd,Minnesota,MN,False,27,Clear,-18.33,56,2.06
Baxter,West Virginia,WV,False,54,Clouds,-9.41,75,3.32
Ah Gwah Ching,Minnesota,MN,False,27,Clear,-21.45,72,2.57
Aitkin,Minnesota,MN,False,27,Clear,-20.02,59,2.06
Akeley,Minnesota,MN,False,27,Clear,-21.93,72,2.57
Backus,Minnesota,MN,False,27,Clear,-19.1,65,3.09
Bertha,Minnesota,MN,False,27,Clouds,-21.06,65,4.04
Browerville,Minnesota,MN,False,27,Clouds,-16.92,56,4.22
Clarissa,Minnesota,MN,False,27,Clouds,-17.0,59,4.23
Crosslake,Minnesota,MN,False,27,Clear,-18.93,78,3.27
Deerwood,Minnesota,MN,False,27,Clear,-19.32,59,2.06
Eagle Bend,Minnesota,MN,False,27,Clouds,-18.19,61,4.2
Emily,Minnesota,MN,False,27,Clear,-20.18,79,3.42
Fifty Lakes,Minnesota,MN,False,27,Clear,-18.99,81,3.4
Fort Ripley,Minnesota,MN,False,27,Clear,-17.08,45,2.57
Hackensack,New Jersey,NJ,False,34,Clouds,-2.07,46,8.23
Jenkins,Kentucky,KY,False,21,Clouds,-6.08,63,1.44
Lake Hubert,Minnesota,MN,False,27,Clear,-18.13,53,2.06
Menahga,Minnesota,MN,False,27,Clear,-21.92,64,2.06
Merrifield,Virginia,VA,False,51,Clouds,-4.76,53,5.14
Motley,Minnesota,MN,False,27,Clear,-17.9,50,4.12
Nevis,Minnesota,MN,False,27,Clear,-22.05,64,2.06
Nisswa,Minnesota,MN,False,27,Clear,-18.2,53,2.06
Park Rapids,Minnesota,MN,False,27,Clear,-22.0,64,2.06
Pequot Lakes,Minnesota,MN,False,27,Clear,-18.97,65,3.09
Pillager,Minnesota,MN,False,27,Clouds,-18.29,58,4.41
Pine River,Wisconsin,WI,False,55,Clear,-16.0,51,2.06
Sebeka,Minnesota,MN,False,27,Clouds,-21.04,85,3.28
Nimrod,Minnesota,MN,False,27,Clouds,-18.08,80,3.5
Verndale,Minnesota,MN,False,27,Clear,-18.12,50,4.12
Wadena,Iowa,IA,False,19,Clouds,-10.07,32,4.02
Detroit Lakes,Minnesota,MN,False,27,Clouds,-21.97,77,4.12
Audubon,New Jersey,NJ,False,34,Clouds,-3.09,50,5.14
Barnesville,Pennsylvania,PA,False,42,Clouds,-5.87,65,3.09
Battle Lake,Minnesota,MN,False,27,Clouds,-20.06,75,4.06
Bejou,Minnesota,MN,False,27,Clouds,-22.89,95,3.01
Beltrami,Minnesota,MN,False,27,Clouds,-23.68,95,3.31
Borup,Minnesota,MN,False,27,Clouds,-23.16,95,3.53
Clitherall,Minnesota,MN,False,27,Clouds,-19.15,75,3.91
Dent,Minnesota,MN,False,27,Clouds,-20.09,75,3.9
Dilworth,Minnesota,MN,False,27,Clear,-21.0,67,5.14
Elbow Lake,Minnesota,MN,False,27,Clear,-18.01,60,4.63
Erhard,Minnesota,MN,False,27,Clouds,-19.45,84,4.22
Erskine,Minnesota,MN,False,27,Clear,-24.48,80,3.6
Fergus Falls,Minnesota,MN,False,27,Clear,-19.21,72,3.6
Fertile,Iowa,IA,False,19,Clear,-11.45,63,5.66
Flom,Minnesota,MN,False,27,Clouds,-22.08,97,2.86
Fosston,Minnesota,MN,False,27,Clear,-24.05,70,3.6
Foxhome,Minnesota,MN,False,27,Clear,-18.83,71,3.6
Frazee,Minnesota,MN,False,27,Clouds,-21.68,74,4.12
Glyndon,Maryland,MD,False,24,Clouds,-5.59,57,4.92
Halstad,Minnesota,MN,False,27,Clouds,-23.54,95,3.74
Hendrum,Minnesota,MN,False,27,Clouds,-23.41,95,3.73
Hitterdal,Minnesota,MN,False,27,Clouds,-23.26,95,3.6
Lake Park,Georgia,GA,False,13,Clear,3.17,75,0.0
Mahnomen,Minnesota,MN,False,27,Clear,-21.94,77,3.09
Moorhead,Mississippi,MS,False,28,Clouds,9.41,49,4.39
Naytahwaush,Minnesota,MN,False,27,Clear,-22.47,77,3.09
New York Mills,New York,NY,False,36,Fog,-5.41,90,5.14
Nielsville,Minnesota,MN,False,27,Clouds,-23.83,95,3.7
Ogema,Wisconsin,WI,False,55,Clear,-16.75,56,3.77
Ottertail,Minnesota,MN,False,27,Clouds,-20.02,75,3.69
Pelican Rapids,Minnesota,MN,False,27,Clouds,-19.98,88,4.16
Perham,Maine,ME,False,23,Clouds,-15.29,82,3.29
Perley,Minnesota,MN,False,27,Clouds,-21.08,94,3.75
Ponsford,Minnesota,MN,False,27,Clouds,-22.19,86,3.63
Richville,New York,NY,False,36,Clouds,-7.99,68,4.35
Richwood,New Jersey,NJ,False,34,Clouds,-3.51,52,5.14
Rochert,Minnesota,MN,False,27,Clouds,-21.81,74,4.12
Rothsay,Minnesota,MN,False,27,Clouds,-19.09,86,4.33
Sabin,Minnesota,MN,False,27,Clear,-21.03,67,5.14
Shelly,Minnesota,MN,False,27,Clouds,-23.75,95,3.71
Tintah,Minnesota,MN,False,27,Clouds,-17.61,64,4.43
Twin Valley,Minnesota,MN,False,27,Clouds,-21.71,96,3.1
Ulen,Minnesota,MN,False,27,Clouds,-23.47,96,3.46
Vergas,Minnesota,MN,False,27,Clouds,-21.76,75,4.12
Vining,Iowa,IA,False,19,Clouds,-7.67,72,1.79
Waubun,Minnesota,MN,False,27,Clear,-22.01,77,3.09
White Earth,Minnesota,MN,False,27,Clear,-22.55,77,3.09
Winger,Minnesota,MN,False,27,Clear,-23.92,70,3.6
Wolverton,Minnesota,MN,False,27,Clouds,-20.29,85,4.23
Bemidji,Minnesota,MN,False,27,Clear,-20.53,83,3.92
Bagley,Iowa,IA,False,19,Clouds,-9.2,57,3.96
Baudette,Minnesota,MN,False,27,Clear,-21.02,59,5.14
Bena,Virginia,VA,False,51,Clear,-3.28,55,2.06
Big Falls,Wisconsin,WI,False,55,Clear,-13.08,63,5.06
Birchdale,Minnesota,MN,False,27,Clouds,-19.93,92,3.78
Blackduck,Minnesota,MN,False,27,Clouds,-20.86,95,3.61
Bowstring,Minnesota,MN,False,27,Clear,-21.01,89,3.46
Cass Lake,Minnesota,MN,False,27,Clear,-23.07,88,3.52
Clearbrook,Minnesota,MN,False,27,Clouds,-22.83,80,1.34
Deer River,New York,NY,False,36,Snow,-4.91,83,2.06
Talmoon,Minnesota,MN,False,27,Clear,-21.06,89,3.52
Federal Dam,Minnesota,MN,False,27,Clear,-20.97,86,3.78
Gonvick,Minnesota,MN,False,27,Clouds,-23.37,80,1.34
Gully,Minnesota,MN,False,27,Clouds,-23.39,80,1.34
International Falls,Minnesota,MN,False,27,Clear,-21.9,59,4.63
Kelliher,Minnesota,MN,False,27,Clouds,-22.34,96,3.25
Lengby,Minnesota,MN,False,27,Clear,-24.23,70,3.6
Littlefork,Minnesota,MN,False,27,Clear,-21.88,87,3.75
Loman,Minnesota,MN,False,27,Clear,-19.42,88,3.8
Marcell,Minnesota,MN,False,27,Clear,-21.06,88,3.53
Margie,Minnesota,MN,False,27,Clouds,-19.59,91,3.68
Mizpah,New Jersey,NJ,False,34,Clear,-3.56,60,6.34
Northome,Minnesota,MN,False,27,Clouds,-20.08,95,3.3
Outing,Minnesota,MN,False,27,Clear,-21.0,83,3.37
Ponemah,Minnesota,MN,False,27,Clouds,-22.54,96,3.84
Puposky,Minnesota,MN,False,27,Clear,-21.76,72,2.57
Ranier,Minnesota,MN,False,27,Clear,-21.88,59,4.63
Kabetogama,Minnesota,MN,False,27,Clear,-19.21,82,4.38
Redby,Minnesota,MN,False,27,Clear,-22.54,95,3.81
Remer,Minnesota,MN,False,27,Clear,-21.06,85,3.64
Shevlin,Minnesota,MN,False,27,Clear,-23.6,96,3.62
Solway,Minnesota,MN,False,27,Clear,-23.16,74,2.57
South International Falls,Minnesota,MN,False,27,Clear,-21.94,59,4.63
Spring Lake,New Jersey,NJ,False,34,Clear,-2.71,49,7.72
Squaw Lake,Minnesota,MN,False,27,Clear,-19.5,92,3.8
Swift,Minnesota,MN,False,27,Clear,-25.03,70,3.6
Tenstrike,Minnesota,MN,False,27,Clouds,-20.64,84,3.62
Waskish,Minnesota,MN,False,27,Clear,-21.99,71,2.57
Wirt,Minnesota,MN,False,27,Clear,-20.95,91,3.54
Thief River Falls,Minnesota,MN,False,27,Clear,-25.03,77,4.12
Angle Inlet,Minnesota,MN,False,27,Clouds,-22.02,93,3.64
East Grand Forks,Minnesota,MN,False,27,Clear,-23.12,79,5.14
Euclid,Ohio,OH,False,39,Snow,-7.13,83,7.72
Gatzke,Minnesota,MN,False,27,Clear,-24.44,97,3.84
Goodridge,Minnesota,MN,False,27,Clouds,-25.11,97,3.15
Greenbush,Massachusetts,MA,False,25,Clouds,-11.03,65,1.34
Grygla,Minnesota,MN,False,27,Clear,-24.3,97,3.45
Hallock,Minnesota,MN,False,27,Clouds,-24.99,70,3.6
Halma,Minnesota,MN,False,27,Clouds,-25.36,99,2.92
Karlstad,Minnesota,MN,False,27,Clouds,-25.75,98,3.0
Kennedy,New York,NY,False,36,Mist,-7.14,93,5.66
Lake Bronson,Minnesota,MN,False,27,Clouds,-25.29,99,2.93
Mentor,Ohio,OH,False,39,Snow,-6.98,85,7.72
Middle River,Maryland,MD,False,24,Clear,-3.66,51,2.24
Newfolden,Minnesota,MN,False,27,Clouds,-25.11,98,3.42
Noyes,Minnesota,MN,False,27,Clouds,-27.22,99,3.05
Oak Island,North Carolina,NC,False,37,Clear,0.46,47,2.24
Oklee,Minnesota,MN,False,27,Clear,-23.12,96,3.4
Oslo,Minnesota,MN,False,27,Clouds,-24.88,96,3.5
Red Lake Falls,Minnesota,MN,False,27,Clouds,-24.77,97,3.44
Roseau,Minnesota,MN,False,27,Clear,-26.99,69,3.09
Saint Hilaire,Minnesota,MN,False,27,Clear,-24.95,77,4.12
Saint Vincent,Minnesota,MN,False,27,Clouds,-27.53,99,3.11
Salol,Minnesota,MN,False,27,Clear,-27.04,69,3.6
Stephen,Minnesota,MN,False,27,Clouds,-25.06,73,3.22
Strandquist,Minnesota,MN,False,27,Clouds,-25.44,98,3.12
Strathcona,Minnesota,MN,False,27,Clouds,-25.45,98,3.52
Viking,Minnesota,MN,False,27,Clouds,-24.92,97,3.34
Wannaska,Minnesota,MN,False,27,Clear,-27.09,98,3.51
Warroad,Minnesota,MN,False,27,Clear,-24.99,70,3.6
Alcester,South Dakota,SD,False,46,Clouds,-10.94,62,4.45
Baltic,Connecticut,CT,False,9,Clouds,-1.65,54,3.09
Beresford,South Dakota,SD,False,46,Clouds,-11.2,38,4.5
Canistota,South Dakota,SD,False,46,Clouds,-11.75,35,4.44
Chancellor,Alabama,AL,False,1,Clouds,5.08,65,2.06
Colman,South Dakota,SD,False,46,Clouds,-13.96,39,4.54
Crooks,South Dakota,SD,False,46,Clouds,-12.41,64,6.17
Dell Rapids,South Dakota,SD,False,46,Clouds,-12.16,37,4.72
Elk Point,South Dakota,SD,False,46,Clouds,-9.94,48,4.13
Flandreau,South Dakota,SD,False,46,Clouds,-15.75,39,4.17
Garretson,South Dakota,SD,False,46,Clouds,-12.52,37,4.78
Gayville,South Dakota,SD,False,46,Clouds,-9.77,57,4.63
Lennox,South Dakota,SD,False,46,Clouds,-11.77,63,4.35
Menno,South Dakota,SD,False,46,Clouds,-10.56,35,4.45
Mission Hill,South Dakota,SD,False,46,Clouds,-9.84,57,4.63
North Sioux City,South Dakota,SD,False,46,Clouds,-10.01,62,3.09
Nunda,New York,NY,False,36,Clouds,-4.56,58,2.57
Oldham,South Dakota,SD,False,46,Clouds,-14.02,44,4.45
Olivet,Michigan,MI,False,26,Clouds,-8.07,73,3.6
Renner,South Dakota,SD,False,46,Clouds,-12.1,64,6.17
Sinai,South Dakota,SD,False,46,Clear,-15.01,73,4.12
Tabor,Iowa,IA,False,19,Snow,-9.44,72,5.37
Tea,South Dakota,SD,False,46,Clouds,-12.14,66,6.17
Tyndall,South Dakota,SD,False,46,Clouds,-10.9,44,4.4
Viborg,South Dakota,SD,False,46,Clouds,-11.08,35,4.64
Volga,West Virginia,WV,False,54,Clear,-10.63,81,0.0
Volin,South Dakota,SD,False,46,Clouds,-9.82,57,4.63
Wakonda,South Dakota,SD,False,46,Clouds,-10.22,38,4.72
Winfred,South Dakota,SD,False,46,Clouds,-13.99,38,4.85
Worthing,South Dakota,SD,False,46,Clouds,-11.65,63,4.26
Yankton,South Dakota,SD,False,46,Clouds,-9.86,57,4.63
Sioux Falls,South Dakota,SD,False,46,Clouds,-12.04,64,6.17
Watertown,Massachusetts,MA,False,25,Clouds,-1.62,59,7.2
Big Stone City,South Dakota,SD,False,46,Clear,-16.87,66,7.2
Brandt,South Dakota,SD,False,46,Clouds,-17.55,66,6.22
Bruce,Mississippi,MS,False,28,Clouds,7.91,57,3.69
Castlewood,Virginia,VA,False,51,Clear,-5.61,52,0.4
Claire City,South Dakota,SD,False,46,Clouds,-18.09,81,3.39
Clear Lake,Iowa,IA,False,19,Clear,-11.35,62,4.63
De Smet,South Dakota,SD,False,46,Clouds,-14.87,50,4.33
Erwin,North Carolina,NC,False,37,Clear,-2.52,63,0.0
Hazel,Kentucky,KY,False,21,Clouds,1.86,57,4.12
Kranzburg,South Dakota,SD,False,46,Clear,-17.49,66,4.63
Labolt,South Dakota,SD,False,46,Clouds,-17.73,75,5.46
Lake Norden,South Dakota,SD,False,46,Clouds,-16.19,76,3.55
Lake Preston,South Dakota,SD,False,46,Clouds,-14.95,50,4.31
Marvin,South Dakota,SD,False,46,Clouds,-18.3,66,5.28
Milbank,South Dakota,SD,False,46,Clear,-17.1,66,7.2
New Effington,South Dakota,SD,False,46,Clouds,-17.89,75,3.98
Ortley,South Dakota,SD,False,46,Clouds,-18.8,71,5.4
Peever,South Dakota,SD,False,46,Clouds,-18.08,65,6.69
Revillo,South Dakota,SD,False,46,Clouds,-17.41,75,3.58
Rosholt,Wisconsin,WI,False,55,Clear,-13.2,40,2.06
Sisseton,South Dakota,SD,False,46,Clouds,-18.14,65,6.69
South Shore,Kentucky,KY,False,21,Clear,-3.32,53,0.89
Stockholm,Maine,ME,False,23,Clouds,-14.96,83,2.9
Strandburg,South Dakota,SD,False,46,Clouds,-18.34,60,5.71
Twin Brooks,South Dakota,SD,False,46,Clouds,-17.32,60,5.33
Veblen,South Dakota,SD,False,46,Clouds,-19.47,84,3.11
Waubay,South Dakota,SD,False,46,Clouds,-18.58,73,5.23
White,Pennsylvania,PA,False,42,Snow,-10.0,84,5.84
Willow Lake,South Dakota,SD,False,46,Clouds,-15.56,58,3.89
Armour,South Dakota,SD,False,46,Clouds,-10.94,48,4.0
Artesian,South Dakota,SD,False,46,Clouds,-10.04,38,4.4
Bonesteel,South Dakota,SD,False,46,Clouds,-12.23,76,6.71
Bridgewater,Massachusetts,MA,False,25,Clouds,-2.07,61,3.6
Canova,South Dakota,SD,False,46,Clouds,-11.7,68,2.68
Cavour,South Dakota,SD,False,46,Clouds,-12.05,61,5.66
Chamberlain,Maine,ME,False,23,Clouds,-9.2,73,2.24
Corsica,Pennsylvania,PA,False,42,Clouds,-8.89,83,5.28
Dante,Virginia,VA,False,51,Clear,-7.05,52,0.35
Delmont,New Jersey,NJ,False,34,Clear,-2.78,58,8.53
Dimock,Pennsylvania,PA,False,42,Clouds,-6.64,71,4.02
Ethan,South Dakota,SD,False,46,Clouds,-10.56,58,4.18
Fedora,South Dakota,SD,False,46,Clouds,-12.23,37,4.42
Fort Thompson,South Dakota,SD,False,46,Clouds,-12.95,79,4.73
Gann Valley,South Dakota,SD,False,46,Clouds,-13.71,74,4.87
Geddes,South Dakota,SD,False,46,Clouds,-11.66,73,3.17
Highmore,South Dakota,SD,False,46,Snow,-15.51,83,4.28
Stephan,South Dakota,SD,False,46,Clouds,-14.46,85,5.0
Kaylor,South Dakota,SD,False,46,Clouds,-10.47,38,4.26
Lake Andes,South Dakota,SD,False,46,Clouds,-11.13,66,3.19
Letcher,Kentucky,KY,False,21,Clear,-4.35,53,1.38
Marty,South Dakota,SD,False,46,Snow,-10.95,68,3.22
Oacoma,South Dakota,SD,False,46,Clouds,-11.39,79,4.63
Parkston,South Dakota,SD,False,46,Clouds,-10.46,35,4.28
Pickstown,South Dakota,SD,False,46,Snow,-11.03,69,3.15
Plankinton,South Dakota,SD,False,46,Clouds,-11.7,48,4.66
Platte,South Dakota,SD,False,46,Clouds,-11.66,73,3.45
Pukwana,South Dakota,SD,False,46,Clouds,-11.75,79,4.63
Ree Heights,South Dakota,SD,False,46,Clouds,-15.05,78,4.34
Saint Lawrence,South Dakota,SD,False,46,Clouds,-14.33,71,4.21
Stickney,South Dakota,SD,False,46,Clouds,-11.46,48,4.5
Tripp,South Dakota,SD,False,46,Clouds,-10.87,39,4.3
Wagner,South Dakota,SD,False,46,Clouds,-10.75,59,3.41
Wessington,South Dakota,SD,False,46,Clouds,-13.73,66,4.12
Wessington Springs,South Dakota,SD,False,46,Clouds,-13.41,66,4.3
White Lake,New York,NY,False,36,Snow,-6.49,98,0.45
Wolsey,South Dakota,SD,False,46,Clouds,-12.12,61,5.66
Woonsocket,Rhode Island,RI,False,44,Clouds,-1.98,64,5.14
Akaska,South Dakota,SD,False,46,Clouds,-15.81,73,3.52
Bowdle,South Dakota,SD,False,46,Clouds,-17.11,71,3.97
Brentford,South Dakota,SD,False,46,Clouds,-17.28,74,4.96
Britton,Michigan,MI,False,26,Clouds,-7.72,77,5.82
Conde,South Dakota,SD,False,46,Clouds,-17.32,59,4.34
Cresbard,South Dakota,SD,False,46,Clouds,-17.31,58,4.26
Doland,South Dakota,SD,False,46,Clouds,-14.74,59,3.29
Faulkton,South Dakota,SD,False,46,Clouds,-15.82,64,4.28
Ferney,South Dakota,SD,False,46,Clouds,-17.78,73,5.16
Gettysburg,Pennsylvania,PA,False,42,Clouds,-5.25,65,4.02
Groton,Massachusetts,MA,False,25,Clouds,-2.8,64,6.69
Hecla,South Dakota,SD,False,46,Clouds,-18.16,70,4.6
Hosmer,South Dakota,SD,False,46,Clouds,-17.26,70,4.15
Houghton,New York,NY,False,36,Snow,-8.39,91,7.89
Hoven,South Dakota,SD,False,46,Clouds,-16.34,71,3.87
Ipswich,Massachusetts,MA,False,25,Clouds,-2.9,65,2.06
Java,Virginia,VA,False,51,Clear,-2.1,44,2.53
Langford,South Dakota,SD,False,46,Clouds,-17.91,77,4.69
Long Lake,New York,NY,False,36,Snow,-7.7,86,0.89
Mellette,South Dakota,SD,False,46,Clouds,-17.28,74,4.95
Northville,New York,NY,False,36,Clouds,-1.31,59,7.15
Onaka,South Dakota,SD,False,46,Clouds,-18.13,69,4.12
Pierpont,Ohio,OH,False,39,Clouds,-7.37,88,6.69
Rockham,South Dakota,SD,False,46,Clouds,-15.21,61,4.33
Selby,South Dakota,SD,False,46,Clouds,-14.42,73,3.5
Tolstoy,South Dakota,SD,False,46,Clouds,-16.64,70,4.05
Turton,South Dakota,SD,False,46,Clouds,-17.34,58,3.83
Agar,South Dakota,SD,False,46,Snow,-15.76,86,3.23
Blunt,South Dakota,SD,False,46,Snow,-14.6,93,4.67
Burke,New York,NY,False,36,Snow,-10.39,89,4.83
Colome,South Dakota,SD,False,46,Snow,-13.56,78,6.17
Fort Pierre,South Dakota,SD,False,46,Mist,-13.44,85,5.66
Hamill,South Dakota,SD,False,46,Snow,-12.53,88,4.19
Holabird,South Dakota,SD,False,46,Snow,-15.32,87,4.43
Ideal,Georgia,GA,False,13,Clear,2.43,55,1.38
Kadoka,South Dakota,SD,False,46,Snow,-15.5,95,4.4
Kennebec,South Dakota,SD,False,46,Clouds,-13.41,90,4.34
Long Valley,New Jersey,NJ,False,34,Clear,-4.53,57,1.34
Lower Brule,South Dakota,SD,False,46,Clouds,-13.01,82,4.55
Milesville,South Dakota,SD,False,46,Snow,-14.81,95,4.21
Murdo,South Dakota,SD,False,46,Snow,-14.66,95,4.18
Okaton,South Dakota,SD,False,46,Snow,-14.48,95,4.29
Okreek,South Dakota,SD,False,46,Snow,-14.23,96,4.69
Onida,South Dakota,SD,False,46,Snow,-15.56,92,3.63
Parmelee,South Dakota,SD,False,46,Snow,-14.2,96,4.49
Philip,South Dakota,SD,False,46,Mist,-14.91,85,5.66
Presho,South Dakota,SD,False,46,Snow,-13.68,92,4.46
Tuthill,South Dakota,SD,False,46,Snow,-13.63,95,4.74
Wanblee,South Dakota,SD,False,46,Snow,-14.06,95,4.51
White River,South Dakota,SD,False,46,Snow,-13.41,95,4.56
Winner,South Dakota,SD,False,46,Snow,-12.97,78,6.17
Witten,South Dakota,SD,False,46,Snow,-12.95,78,6.17
Wood,Pennsylvania,PA,False,42,Clouds,-3.02,51,7.2
Mobridge,South Dakota,SD,False,46,Clear,-13.94,66,4.63
Bullhead,South Dakota,SD,False,46,Clouds,-14.66,73,3.79
Cherry Creek,New York,NY,False,36,Snow,-6.96,84,7.73
Dupree,South Dakota,SD,False,46,Snow,-15.99,96,3.86
Eagle Butte,South Dakota,SD,False,46,Snow,-16.14,96,3.64
Faith,North Carolina,NC,False,37,Clear,-2.56,53,0.0
Glencross,South Dakota,SD,False,46,Clouds,-15.75,80,3.09
Glenham,New York,NY,False,36,Clouds,-2.78,57,6.17
Herreid,South Dakota,SD,False,46,Clouds,-15.85,68,3.89
Keldron,South Dakota,SD,False,46,Snow,-15.78,90,3.29
Lantry,South Dakota,SD,False,46,Snow,-16.03,96,3.73
Lemmon,South Dakota,SD,False,46,Snow,-16.13,97,3.15
Little Eagle,South Dakota,SD,False,46,Clouds,-14.87,73,3.58
Ralph,Alabama,AL,False,1,Clouds,5.03,55,1.89
Reva,Virginia,VA,False,51,Clear,-4.84,49,0.95
Ridgeview,West Virginia,WV,False,54,Clear,-6.4,86,2.02
Timber Lake,South Dakota,SD,False,46,Snow,-15.91,90,2.89
Trail City,South Dakota,SD,False,46,Clouds,-14.89,74,3.29
Wakpala,South Dakota,SD,False,46,Clear,-13.87,66,4.63
Watauga,Tennessee,TN,False,47,Clear,-4.17,62,2.06
Whitehorse,South Dakota,SD,False,46,Snow,-15.23,93,2.91
Rapid City,Michigan,MI,False,26,Clouds,-7.08,63,4.12
Batesland,South Dakota,SD,False,46,Snow,-13.61,94,4.51
Belle Fourche,South Dakota,SD,False,46,Snow,-12.72,70,4.69
Camp Crook,South Dakota,SD,False,46,Snow,-15.49,95,5.21
Caputa,South Dakota,SD,False,46,Snow,-14.5,80,3.09
Enning,South Dakota,SD,False,46,Snow,-15.94,95,4.38
Fairburn,Georgia,GA,False,13,Clear,-0.36,69,0.89
Fort Meade,Florida,FL,False,12,Clear,8.76,45,2.99
Hermosa,South Dakota,SD,False,46,Snow,-15.24,96,1.8
Howes,South Dakota,SD,False,46,Snow,-14.81,95,4.36
Interior,South Dakota,SD,False,46,Snow,-13.7,95,4.79
Lead,South Dakota,SD,False,46,Snow,-15.28,73,0.45
Mud Butte,South Dakota,SD,False,46,Snow,-17.16,95,4.8
Newell,Pennsylvania,PA,False,42,Clouds,-6.85,66,1.34
New Underwood,South Dakota,SD,False,46,Snow,-14.36,78,3.09
Nisland,South Dakota,SD,False,46,Snow,-13.33,95,6.32
Oelrichs,South Dakota,SD,False,46,Snow,-13.01,93,6.21
Oglala,South Dakota,SD,False,46,Snow,-11.37,92,4.71
Oral,South Dakota,SD,False,46,Clouds,-12.41,83,4.97
Owanka,South Dakota,SD,False,46,Snow,-15.36,85,2.91
Pine Ridge,Kentucky,KY,False,21,Clouds,-5.95,50,1.3
Porcupine,South Dakota,SD,False,46,Snow,-11.69,94,4.28
Pringle,South Dakota,SD,False,46,Haze,-12.8,78,2.57
Quinn,South Dakota,SD,False,46,Snow,-15.54,95,4.58
Redig,South Dakota,SD,False,46,Snow,-15.44,96,5.03
Saint Onge,South Dakota,SD,False,46,Snow,-13.85,78,0.0
Scenic,South Dakota,SD,False,46,Snow,-14.05,95,3.76
Smithwick,South Dakota,SD,False,46,Snow,-12.97,92,5.54
Spearfish,South Dakota,SD,False,46,Snow,-14.16,76,0.0
Sturgis,Mississippi,MS,False,28,Clouds,7.93,59,3.38
Union Center,Wisconsin,WI,False,55,Clear,-12.05,52,5.14
Wasta,South Dakota,SD,False,46,Snow,-14.92,85,1.79
White Owl,South Dakota,SD,False,46,Snow,-15.42,96,4.38
Whitewood,Virginia,VA,False,51,Clear,-7.64,85,1.95
Wounded Knee,South Dakota,SD,False,46,Mist,-11.82,85,3.09
Abercrombie,North Dakota,ND,False,38,Clouds,-19.94,84,4.19
Absaraka,North Dakota,ND,False,38,Clouds,-22.2,88,3.82
Amenia,New York,NY,False,36,Clouds,-3.57,61,4.52
Argusville,North Dakota,ND,False,38,Clear,-21.1,77,5.14
Barney,Georgia,GA,False,13,Clear,3.33,82,0.91
Casselton,North Dakota,ND,False,38,Clouds,-21.19,88,3.96
Clifford,Pennsylvania,PA,False,42,Clouds,-5.24,65,3.58
Cogswell,North Dakota,ND,False,38,Clear,-20.1,77,4.63
Enderlin,North Dakota,ND,False,38,Clouds,-20.93,84,3.33
Fingal,North Dakota,ND,False,38,Clouds,-21.84,86,3.42
Forman,North Dakota,ND,False,38,Clear,-20.0,84,5.66
Fort Ransom,North Dakota,ND,False,38,Clouds,-20.4,85,3.12
Gwinner,North Dakota,ND,False,38,Clear,-20.03,77,4.63
Hankinson,North Dakota,ND,False,38,Clouds,-20.19,75,4.06
Horace,North Dakota,ND,False,38,Clear,-21.02,71,5.14
Kathryn,North Dakota,ND,False,38,Clouds,-21.71,87,3.09
Kindred,North Dakota,ND,False,38,Clouds,-20.5,86,4.11
Lidgerwood,North Dakota,ND,False,38,Clouds,-19.14,79,3.42
Luverne,Alabama,AL,False,1,Clouds,1.05,53,1.91
Mcleod,North Dakota,ND,False,38,Clouds,-19.9,82,3.8
Mantador,North Dakota,ND,False,38,Clouds,-20.12,79,3.74
Milnor,North Dakota,ND,False,38,Clear,-19.69,77,4.63
Mooreton,North Dakota,ND,False,38,Clouds,-20.01,83,3.76
Oriska,North Dakota,ND,False,38,Clouds,-21.81,71,4.12
Pillsbury,North Dakota,ND,False,38,Clouds,-23.42,92,3.19
Stirum,North Dakota,ND,False,38,Clear,-20.2,77,4.63
Tower City,Pennsylvania,PA,False,42,Clouds,-4.88,62,10.29
Valley City,Ohio,OH,False,39,Snow,-8.75,84,2.24
Wahpeton,North Dakota,ND,False,38,Clear,-19.99,84,5.14
West Fargo,North Dakota,ND,False,38,Clear,-21.03,73,5.66
Wyndmere,North Dakota,ND,False,38,Clouds,-19.29,80,3.59
Grand Forks,North Dakota,ND,False,38,Clear,-23.09,79,5.14
Grand Forks AFB,North Dakota,ND,False,38,Clear,-23.06,72,5.14
Aneta,North Dakota,ND,False,38,Clouds,-24.16,96,3.06
Arvilla,North Dakota,ND,False,38,Clear,-23.2,70,4.12
Bathgate,North Dakota,ND,False,38,Clouds,-24.85,84,4.12
Cavalier,North Dakota,ND,False,38,Clouds,-24.98,84,4.12
Crystal,Michigan,MI,False,26,Clouds,-8.4,67,5.14
Dahlen,North Dakota,ND,False,38,Clouds,-28.0,93,2.89
Drayton,South Carolina,SC,False,45,Clear,1.8,73,0.0
Emerado,North Dakota,ND,False,38,Clear,-23.1,73,5.14
Fairdale,West Virginia,WV,False,54,Clear,-7.07,66,2.8
Fordville,North Dakota,ND,False,38,Clouds,-27.17,92,3.08
Forest River,North Dakota,ND,False,38,Clouds,-24.08,95,3.39
Gilby,North Dakota,ND,False,38,Clear,-22.97,70,4.12
Glasston,North Dakota,ND,False,38,Clouds,-24.89,84,4.12
Hannah,North Dakota,ND,False,38,Clouds,-29.41,100,2.19
Hatton,North Dakota,ND,False,38,Clouds,-26.24,96,3.41
Hensel,North Dakota,ND,False,38,Clouds,-25.05,84,4.12
Hoople,North Dakota,ND,False,38,Clouds,-24.13,94,3.21
Inkster,Michigan,MI,False,26,Clouds,-6.35,67,9.77
Langdon,North Dakota,ND,False,38,Clear,-28.02,100,4.63
Lankin,North Dakota,ND,False,38,Clouds,-27.61,92,3.08
Larimore,North Dakota,ND,False,38,Clear,-23.45,70,4.12
Mcville,North Dakota,ND,False,38,Clouds,-28.6,97,2.85
Maida,North Dakota,ND,False,38,Clouds,-29.39,99,2.24
Mayville,New York,NY,False,36,Clouds,-5.74,72,8.23
Mekinock,North Dakota,ND,False,38,Clear,-23.02,72,5.14
Michigan,North Dakota,ND,False,38,Clouds,-29.68,96,2.43
Mountain,Wisconsin,WI,False,55,Clear,-14.42,61,1.79
Neche,North Dakota,ND,False,38,Clouds,-24.88,98,3.27
Niagara,Wisconsin,WI,False,55,Clear,-12.93,69,6.17
Northwood,New Hampshire,NH,False,33,Clouds,-7.68,74,2.95
Osnabrock,North Dakota,ND,False,38,Clouds,-28.04,96,3.2
Park River,North Dakota,ND,False,38,Clouds,-24.33,92,3.13
Pembina,North Dakota,ND,False,38,Clouds,-27.53,99,3.11
Pisek,North Dakota,ND,False,38,Clouds,-24.31,92,3.12
Walhalla,South Carolina,SC,False,45,Clear,0.54,46,0.0
Devils Lake,North Dakota,ND,False,38,Clear,-24.01,70,3.6
Alsen,North Dakota,ND,False,38,Clouds,-27.96,100,2.96
Balta,North Dakota,ND,False,38,Clouds,-29.48,96,1.86
Belcourt,North Dakota,ND,False,38,Clear,-27.27,69,4.12
Bottineau,North Dakota,ND,False,38,Clouds,-30.07,93,1.07
Brocket,North Dakota,ND,False,38,Clouds,-30.24,96,2.38
Cando,North Dakota,ND,False,38,Clear,-27.01,83,1.76
Churchs Ferry,North Dakota,ND,False,38,Clouds,-26.96,99,1.67
Crary,North Dakota,ND,False,38,Clouds,-24.08,98,2.06
Dunseith,North Dakota,ND,False,38,Clouds,-28.3,94,1.57
Edmore,Michigan,MI,False,26,Clouds,-10.24,65,5.97
Egeland,North Dakota,ND,False,38,Clear,-27.09,83,2.64
Fort Totten,North Dakota,ND,False,38,Clear,-24.1,70,3.6
Hampden,Massachusetts,MA,False,25,Clouds,-11.01,67,1.54
Hansboro,North Dakota,ND,False,38,Clear,-26.55,69,4.12
Knox,New York,NY,False,36,Clouds,-5.36,71,0.89
Lakota,Iowa,IA,False,19,Clouds,-12.14,62,4.11
Maddock,North Dakota,ND,False,38,Clouds,-29.21,97,2.0
Minnewaukan,North Dakota,ND,False,38,Clouds,-24.03,98,2.07
Munich,North Dakota,ND,False,38,Clouds,-31.2,100,2.94
Mylo,North Dakota,ND,False,38,Clouds,-26.65,98,1.96
New Rockford,North Dakota,ND,False,38,Clouds,-23.86,94,2.41
Oberon,North Dakota,ND,False,38,Clouds,-29.2,97,2.36
Penn,Pennsylvania,PA,False,42,Clouds,-7.14,71,2.24
Perth,North Dakota,ND,False,38,Clouds,-26.82,99,2.59
Rocklake,North Dakota,ND,False,38,Clouds,-26.45,100,2.81
Rolette,North Dakota,ND,False,38,Clouds,-26.63,96,1.56
Rugby,Tennessee,TN,False,47,Clouds,-1.88,50,0.0
Sarles,North Dakota,ND,False,38,Clouds,-32.07,100,2.08
Sheyenne,North Dakota,ND,False,38,Clouds,-28.48,96,2.45
Starkweather,North Dakota,ND,False,38,Clouds,-27.03,99,2.26
Tolna,North Dakota,ND,False,38,Clouds,-29.41,98,2.44
Warwick,Massachusetts,MA,False,25,Clouds,-2.32,57,3.6
Wolford,Virginia,VA,False,51,Clear,-6.57,85,1.59
Berlin,Massachusetts,MA,False,25,Clear,-3.89,63,3.09
Binford,North Dakota,ND,False,38,Clouds,-24.21,96,2.82
Bowdon,Georgia,GA,False,13,Clear,-1.97,74,0.0
Buchanan,New York,NY,False,36,Clear,-2.23,53,1.79
Carrington,North Dakota,ND,False,38,Clear,-23.97,77,3.09
Cathay,North Dakota,ND,False,38,Clouds,-23.95,91,1.85
Chaseley,North Dakota,ND,False,38,Clouds,-24.62,96,2.12
Cooperstown,New York,NY,False,36,Clouds,-5.16,77,2.24
Courtenay,North Dakota,ND,False,38,Clouds,-22.73,92,2.61
Dazey,North Dakota,ND,False,38,Clouds,-24.02,91,2.9
Denhoff,North Dakota,ND,False,38,Clouds,-23.87,94,2.63
Dickey,North Dakota,ND,False,38,Clouds,-20.46,88,2.66
Edgeley,North Dakota,ND,False,38,Clouds,-20.44,90,2.78
Ellendale,Delaware,DE,False,10,Clouds,-3.68,56,4.63
Fessenden,North Dakota,ND,False,38,Clouds,-27.02,94,1.55
Forbes,Minnesota,MN,False,27,Clear,-21.37,62,6.69
Gackle,North Dakota,ND,False,38,Clouds,-21.26,92,2.45
Glenfield,New York,NY,False,36,Snow,-5.15,91,4.83
Grace City,North Dakota,ND,False,38,Clouds,-23.82,93,2.49
Hannaford,North Dakota,ND,False,38,Clear,-23.99,70,3.09
Hurdsfield,North Dakota,ND,False,38,Clouds,-24.5,96,2.22
Jessie,North Dakota,ND,False,38,Clear,-24.1,70,3.09
Jud,North Dakota,ND,False,38,Clouds,-20.8,90,2.62
Kensal,North Dakota,ND,False,38,Clouds,-22.82,92,2.45
Kulm,North Dakota,ND,False,38,Clouds,-20.95,91,2.94
Lamoure,North Dakota,ND,False,38,Clouds,-19.95,86,2.87
Lehr,North Dakota,ND,False,38,Clouds,-19.49,79,3.39
Litchville,North Dakota,ND,False,38,Clouds,-21.22,88,2.85
Mcclusky,North Dakota,ND,False,38,Clouds,-23.27,93,2.75
Oakes,North Dakota,ND,False,38,Clouds,-19.95,65,5.66
Pettibone,North Dakota,ND,False,38,Clouds,-22.71,94,2.58
Regan,North Dakota,ND,False,38,Clouds,-21.76,91,2.23
Sanborn,New York,NY,False,36,Clouds,-5.07,70,10.8
Spiritwood,North Dakota,ND,False,38,Clear,-20.97,77,2.57
Streeter,North Dakota,ND,False,38,Clouds,-21.02,90,2.4
Sykeston,North Dakota,ND,False,38,Clear,-24.06,77,3.09
Tappen,North Dakota,ND,False,38,Clouds,-20.87,87,2.44
Wimbledon,North Dakota,ND,False,38,Clouds,-22.31,92,2.71
Wing,Alabama,AL,False,1,Clouds,8.43,57,1.3
Wishek,North Dakota,ND,False,38,Clouds,-19.03,77,3.59
Ypsilanti,Michigan,MI,False,26,Clouds,-6.53,72,9.77
Braddock,Pennsylvania,PA,False,42,Clouds,-6.91,72,3.6
Cannon Ball,North Dakota,ND,False,38,Clouds,-20.24,72,3.57
Coleharbor,North Dakota,ND,False,38,Clouds,-23.98,77,1.54
Flasher,North Dakota,ND,False,38,Clouds,-18.17,80,3.13
Fort Yates,North Dakota,ND,False,38,Clouds,-14.97,68,3.38
Hague,New York,NY,False,36,Clouds,-3.1,71,4.27
Kintyre,North Dakota,ND,False,38,Clouds,-19.42,83,2.77
Linton,Indiana,IN,False,18,Clouds,-3.8,46,1.63
Mandan,North Dakota,ND,False,38,Clear,-20.37,76,4.63
Menoken,North Dakota,ND,False,38,Clouds,-20.46,78,2.65
Moffit,North Dakota,ND,False,38,Clouds,-19.92,87,2.73
New Leipzig,North Dakota,ND,False,38,Clouds,-17.75,75,3.95
Selfridge,North Dakota,ND,False,38,Clouds,-15.66,73,3.65
Shields,North Dakota,ND,False,38,Clouds,-17.9,70,3.82
Solen,North Dakota,ND,False,38,Clouds,-20.09,72,3.68
Turtle Lake,Wisconsin,WI,False,55,Clear,-15.56,39,3.09
Zap,North Dakota,ND,False,38,Clouds,-22.17,86,3.27
Zeeland,Michigan,MI,False,26,Clouds,-6.28,72,1.79
Amidon,North Dakota,ND,False,38,Snow,-15.91,95,4.75
Beach,North Dakota,ND,False,38,Clouds,-15.47,94,5.76
Belfield,North Dakota,ND,False,38,Clouds,-15.78,86,4.88
Bowman,South Carolina,SC,False,45,Clear,1.12,49,2.02
Dunn Center,North Dakota,ND,False,38,Clouds,-19.18,82,3.33
Glen Ullin,North Dakota,ND,False,38,Clouds,-18.14,70,5.66
Golva,North Dakota,ND,False,38,Snow,-15.33,95,5.89
Grassy Butte,North Dakota,ND,False,38,Clouds,-17.69,87,4.62
Halliday,North Dakota,ND,False,38,Clouds,-18.12,84,3.52
Hettinger,North Dakota,ND,False,38,Snow,-15.95,85,4.63
Killdeer,North Dakota,ND,False,38,Clouds,-19.36,82,2.68
Lefor,North Dakota,ND,False,38,Clouds,-17.05,79,4.32
Marmarth,North Dakota,ND,False,38,Snow,-15.45,95,5.49
Mott,North Dakota,ND,False,38,Snow,-15.35,85,3.99
New England,North Dakota,ND,False,38,Snow,-17.02,93,4.47
Reeder,North Dakota,ND,False,38,Snow,-16.19,96,4.43
Regent,North Dakota,ND,False,38,Snow,-15.38,88,4.24
Rhame,North Dakota,ND,False,38,Snow,-16.49,95,5.5
Richardton,North Dakota,ND,False,38,Clouds,-16.81,81,3.56
Sentinel Butte,North Dakota,ND,False,38,Snow,-15.36,80,5.28
South Heart,North Dakota,ND,False,38,Clouds,-16.82,71,5.14
Minot,Massachusetts,MA,False,25,Clear,-28.88,76,2.06
Anamoose,North Dakota,ND,False,38,Clouds,-27.04,97,1.15
Antler,North Dakota,ND,False,38,Clouds,-30.47,100,1.75
Balfour,North Dakota,ND,False,38,Clouds,-26.67,96,1.29
Bantry,North Dakota,ND,False,38,Clouds,-27.63,98,1.11
Berthold,North Dakota,ND,False,38,Clouds,-24.79,99,1.7
Bowbells,North Dakota,ND,False,38,Clouds,-25.07,96,2.56
Carpio,North Dakota,ND,False,38,Clouds,-29.1,99,1.18
Des Lacs,North Dakota,ND,False,38,Clouds,-29.49,100,1.15
Donnybrook,North Dakota,ND,False,38,Clouds,-24.46,98,1.74
Flaxton,North Dakota,ND,False,38,Clouds,-24.95,95,2.88
Glenburn,North Dakota,ND,False,38,Clear,-28.83,69,2.06
Karlsruhe,North Dakota,ND,False,38,Clouds,-24.81,93,1.33
Kenmare,North Dakota,ND,False,38,Clouds,-25.29,97,2.19
Kramer,North Dakota,ND,False,38,Clouds,-28.85,100,0.48
Lansford,Pennsylvania,PA,False,42,Clouds,-5.98,61,2.06
Lignite,North Dakota,ND,False,38,Clouds,-24.05,94,3.15
Mcgregor,Minnesota,MN,False,27,Clear,-19.02,55,3.09
Makoti,North Dakota,ND,False,38,Clouds,-23.29,92,2.9
Mandaree,North Dakota,ND,False,38,Clouds,-18.76,93,3.85
Martin,Pennsylvania,PA,False,42,Clouds,-8.59,59,2.06
Maxbass,North Dakota,ND,False,38,Clouds,-28.95,82,1.27
Mohall,North Dakota,ND,False,38,Clouds,-29.89,100,0.97
New Town,Massachusetts,MA,False,25,Clouds,-20.68,88,3.54
Noonan,North Dakota,ND,False,38,Clouds,-28.09,91,3.25
Plaza,North Dakota,ND,False,38,Clouds,-22.87,93,3.02
Portal,Georgia,GA,False,13,Clear,1.68,80,0.45
Powers Lake,Wisconsin,WI,False,55,Clear,-9.27,54,3.6
Roseglen,North Dakota,ND,False,38,Clouds,-22.1,89,3.1
Ruso,North Dakota,ND,False,38,Clouds,-25.27,96,1.89
Ryder,North Dakota,ND,False,38,Clouds,-23.48,92,2.89
Souris,North Dakota,ND,False,38,Clouds,-28.96,95,0.76
Surrey,North Dakota,ND,False,38,Clear,-28.9,76,2.06
Tolley,North Dakota,ND,False,38,Clouds,-28.73,100,1.0
Watford City,North Dakota,ND,False,38,Clouds,-21.08,84,3.6
Zahl,North Dakota,ND,False,38,Clouds,-19.6,87,3.5
Absarokee,Montana,MT,False,30,Clouds,-11.23,88,1.28
Ballantine,Montana,MT,False,30,Clouds,-10.74,94,1.27
Bearcreek,Montana,MT,False,30,Clouds,-9.28,93,0.51
Belfry,Kentucky,KY,False,21,Clear,-2.82,52,1.11
Bighorn,Montana,MT,False,30,Snow,-11.12,96,2.23
Big Timber,Montana,MT,False,30,Clouds,-10.9,88,0.0
Birney,Montana,MT,False,30,Snow,-8.17,94,0.43
Bridger,Montana,MT,False,30,Clouds,-9.84,91,1.55
Busby,Montana,MT,False,30,Snow,-9.79,95,2.66
Clyde Park,Montana,MT,False,30,Clouds,-5.42,95,1.32
Cooke City,Montana,MT,False,30,Clouds,-13.58,99,1.51
Crow Agency,Montana,MT,False,30,Snow,-9.89,95,2.07
Decker,Indiana,IN,False,18,Clouds,-2.14,44,1.36
Emigrant,Montana,MT,False,30,Clouds,-2.99,95,1.86
Fishtail,Montana,MT,False,30,Clouds,-12.16,96,0.83
Fromberg,Montana,MT,False,30,Clouds,-10.19,94,0.9
Garryowen,Montana,MT,False,30,Snow,-9.88,95,2.02
Grass Range,Montana,MT,False,30,Clouds,-12.37,95,1.93
Greycliff,Montana,MT,False,30,Clouds,-8.85,89,0.0
Harlowton,Montana,MT,False,30,Clouds,-15.99,100,0.25
Hysham,Montana,MT,False,30,Snow,-11.36,96,2.89
Ingomar,Pennsylvania,PA,False,42,Clouds,-7.76,74,4.12
Lame Deer,Montana,MT,False,30,Snow,-9.07,95,1.11
Lavina,Montana,MT,False,30,Clouds,-11.42,91,0.44
Lodge Grass,Montana,MT,False,30,Snow,-10.2,95,1.52
Martinsdale,Montana,MT,False,30,Clouds,-11.21,94,2.65
Melstone,Montana,MT,False,30,Snow,-12.79,88,2.53
Molt,Montana,MT,False,30,Clouds,-12.21,96,0.6
Musselshell,Montana,MT,False,30,Clouds,-12.85,88,1.52
Nye,Montana,MT,False,30,Clouds,-7.95,83,2.44
Otter,Montana,MT,False,30,Snow,-10.23,94,0.89
Pompeys Pillar,Montana,MT,False,30,Clouds,-11.34,95,1.4
Rapelje,Montana,MT,False,30,Clouds,-12.7,97,0.6
Red Lodge,Montana,MT,False,30,Clouds,-9.4,95,0.09
Reed Point,Montana,MT,False,30,Clouds,-10.53,89,1.31
Roundup,Montana,MT,False,30,Clouds,-11.87,89,0.72
Ryegate,Montana,MT,False,30,Clouds,-11.86,97,0.51
Saint Xavier,Montana,MT,False,30,Snow,-10.3,95,1.82
Shawmut,Maine,ME,False,23,Clouds,-10.39,63,4.12
Silver Gate,Montana,MT,False,30,Clouds,-13.77,98,1.46
Sumatra,Florida,FL,False,12,Clear,7.23,49,1.94
Teigen,Montana,MT,False,30,Clouds,-13.25,96,2.75
Two Dot,Montana,MT,False,30,Clouds,-14.02,98,1.33
Wilsall,Montana,MT,False,30,Clouds,-7.13,95,0.25
Winnett,Montana,MT,False,30,Clouds,-12.39,96,2.65
Wyola,Montana,MT,False,30,Snow,-10.54,96,1.51
Wolf Point,Montana,MT,False,30,Clouds,-17.25,64,6.71
Bainville,Montana,MT,False,30,Clouds,-18.56,92,4.85
Brockton,Massachusetts,MA,False,25,Clouds,-1.96,62,4.12
Brockway,Pennsylvania,PA,False,42,Clouds,-8.69,81,7.2
Dagmar,Montana,MT,False,30,Clouds,-19.23,89,3.67
Flaxville,Montana,MT,False,30,Clouds,-19.94,95,3.62
Fort Peck,Montana,MT,False,30,Clouds,-15.77,91,7.02
Frazer,Montana,MT,False,30,Clouds,-14.06,87,6.44
Froid,Montana,MT,False,30,Clouds,-18.88,76,3.83
Saint Marie,Montana,MT,False,30,Clouds,-17.17,67,6.05
Glentana,Montana,MT,False,30,Clouds,-18.53,96,4.85
Homestead,Pennsylvania,PA,False,42,Clouds,-6.92,71,4.02
Lambert,Mississippi,MS,False,28,Clouds,8.03,60,4.63
Larslan,Montana,MT,False,30,Clouds,-17.39,96,4.94
Medicine Lake,Montana,MT,False,30,Clouds,-18.75,76,3.39
Nashua,New Hampshire,NH,False,33,Clouds,-2.77,66,2.06
Opheim,Montana,MT,False,30,Clouds,-18.37,95,5.69
Peerless,Montana,MT,False,30,Clouds,-18.8,96,3.77
Plentywood,Montana,MT,False,30,Clouds,-19.44,91,3.32
Poplar,Wisconsin,WI,False,55,Clear,-17.67,62,1.34
Redstone,Montana,MT,False,30,Clouds,-19.62,95,2.46
Richey,Montana,MT,False,30,Clouds,-15.91,76,6.04
Saco,Maine,ME,False,23,Clouds,-7.18,68,0.0
Savage,Maryland,MD,False,24,Clear,-4.48,55,5.14
Scobey,Mississippi,MS,False,28,Clouds,7.21,60,3.43
Westby,Wisconsin,WI,False,55,Clear,-13.18,57,6.69
Whitetail,Montana,MT,False,30,Clouds,-20.01,94,3.52
Miles City,Montana,MT,False,30,Mist,-13.46,85,3.6
Alzada,Montana,MT,False,30,Snow,-14.82,95,5.86
Angela,Montana,MT,False,30,Snow,-13.53,94,5.78
Biddle,Montana,MT,False,30,Snow,-13.24,88,1.89
Boyes,Montana,MT,False,30,Snow,-13.88,93,4.78
Broadus,Montana,MT,False,30,Clouds,-12.72,94,2.87
Brusett,Montana,MT,False,30,Clouds,-12.49,96,4.24
Capitol,Montana,MT,False,30,Snow,-15.03,95,5.21
Cohagen,Montana,MT,False,30,Snow,-13.19,95,3.76
Colstrip,Montana,MT,False,30,Snow,-10.49,95,1.47
Ekalaka,Montana,MT,False,30,Clouds,-15.63,93,6.76
Glendive,Montana,MT,False,30,Mist,-14.21,85,5.66
Hathaway,Montana,MT,False,30,Snow,-13.6,95,4.71
Ismay,Montana,MT,False,30,Snow,-14.05,95,5.96
Jordan,New York,NY,False,36,Snow,-4.69,73,10.8
Kinsey,Montana,MT,False,30,Clouds,-13.35,93,4.78
Mildred,Pennsylvania,PA,False,42,Clouds,-7.53,70,3.58
Olive,Montana,MT,False,30,Clouds,-13.62,96,3.4
Powderville,Montana,MT,False,30,Snow,-13.32,94,4.85
Terry,Mississippi,MS,False,28,Clouds,10.77,51,4.69
Volborg,Montana,MT,False,30,Clouds,-12.7,94,4.75
Wibaux,Montana,MT,False,30,Snow,-14.59,92,5.67
Great Falls,Virginia,VA,False,51,Clouds,-4.78,56,5.66
Malmstrom AFB,Montana,MT,False,30,Clouds,-12.93,87,1.54
Babb,Montana,MT,False,30,Clouds,-9.0,92,4.19
Belt,Montana,MT,False,30,Clouds,-12.97,82,1.84
Black Eagle,Montana,MT,False,30,Clouds,-12.65,89,1.54
Choteau,Montana,MT,False,30,Clouds,-16.58,99,1.84
Coffee Creek,Montana,MT,False,30,Clouds,-16.89,98,1.47
Conrad,Iowa,IA,False,19,Clouds,-8.71,66,2.57
Cut Bank,Montana,MT,False,30,Clear,-17.86,92,4.12
Dupuyer,Montana,MT,False,30,Clouds,-17.78,96,0.94
Dutton,Virginia,VA,False,51,Clear,-3.99,73,0.45
East Glacier Park,Montana,MT,False,30,Clouds,-7.74,93,4.01
Ethridge,Tennessee,TN,False,47,Clouds,3.17,54,3.09
Floweree,Montana,MT,False,30,Clouds,-12.57,100,0.66
Fort Benton,Montana,MT,False,30,Clouds,-16.13,97,2.34
Fort Shaw,Montana,MT,False,30,Clouds,-17.88,99,0.79
Galata,Montana,MT,False,30,Clouds,-15.79,84,2.85
Geraldine,Alabama,AL,False,1,Clouds,-0.25,51,1.84
Geyser,Montana,MT,False,30,Clouds,-12.87,94,1.05
Heart Butte,Montana,MT,False,30,Clouds,-10.53,89,1.95
Hilger,Montana,MT,False,30,Clouds,-10.85,93,2.27
Judith Gap,Montana,MT,False,30,Clouds,-14.94,98,2.98
Kevin,Montana,MT,False,30,Clouds,-14.98,88,1.34
Ledger,Montana,MT,False,30,Clouds,-16.62,100,1.66
Lothair,Montana,MT,False,30,Clouds,-16.23,84,2.82
Neihart,Montana,MT,False,30,Clouds,-6.77,95,3.14
Oilmont,Montana,MT,False,30,Clouds,-15.39,88,1.34
Pendroy,Montana,MT,False,30,Clouds,-20.11,99,0.43
Power,Montana,MT,False,30,Clouds,-19.14,100,1.27
Raynesford,Montana,MT,False,30,Clouds,-13.9,90,2.41
Sand Coulee,Montana,MT,False,30,Clouds,-12.65,86,1.54
Stockett,Montana,MT,False,30,Clouds,-12.36,87,1.54
Sunburst,Montana,MT,False,30,Clouds,-13.13,84,3.58
Sun River,Montana,MT,False,30,Clouds,-12.51,100,0.72
Sweet Grass,Montana,MT,False,30,Clouds,-13.07,84,7.2
Winifred,Montana,MT,False,30,Clouds,-13.14,95,3.42
Havre,Montana,MT,False,30,Mist,-12.81,78,4.12
Box Elder,South Dakota,SD,False,46,Snow,-14.98,84,3.09
Gildford,Montana,MT,False,30,Clouds,-13.14,99,1.95
Harlem,Georgia,GA,False,13,Clear,2.78,49,2.45
Hingham,Massachusetts,MA,False,25,Clouds,-1.89,60,7.2
Hogeland,Montana,MT,False,30,Clouds,-15.13,96,6.87
Lloyd,Florida,FL,False,12,Clear,4.1,86,1.1
Loring,Montana,MT,False,30,Clouds,-15.01,95,5.73
Rudyard,Michigan,MI,False,26,Snow,-7.81,81,6.69
Whitlash,Montana,MT,False,30,Clouds,-13.6,89,5.36
Zortman,Montana,MT,False,30,Clouds,-15.86,96,2.35
Zurich,Montana,MT,False,30,Clouds,-13.15,94,7.67
Canyon Creek,Montana,MT,False,30,Clouds,-9.52,89,3.09
Clancy,Montana,MT,False,30,Clouds,-7.41,88,0.45
East Helena,Montana,MT,False,30,Clouds,-8.02,82,0.45
Radersburg,Montana,MT,False,30,Clouds,-6.56,92,1.71
Toston,Montana,MT,False,30,Clouds,-5.78,94,1.37
Townsend,Massachusetts,MA,False,25,Clouds,-2.83,65,4.12
White Sulphur Springs,New York,NY,False,36,Clouds,-6.66,74,1.79
Alder,Montana,MT,False,30,Clouds,-6.71,91,1.51
Anaconda,Montana,MT,False,30,Clouds,-7.2,92,3.06
Bozeman,Montana,MT,False,30,Clouds,-5.2,91,1.79
Big Sky,Montana,MT,False,30,Clouds,-4.91,97,0.51
Deer Lodge,Tennessee,TN,False,47,Clouds,-2.84,46,0.35
Elliston,Virginia,VA,False,51,Clear,-2.59,47,5.14
Gallatin Gateway,Montana,MT,False,30,Clouds,-6.6,91,2.06
Glen,New Hampshire,NH,False,33,Clouds,-7.9,67,1.34
Polaris,Montana,MT,False,30,Clouds,-9.27,96,1.92
Pony,Montana,MT,False,30,Clouds,-6.85,90,1.8
Ramsay,Michigan,MI,False,26,Clear,-18.47,65,3.6
Silver Star,Montana,MT,False,30,Clouds,-5.54,86,2.57
Three Forks,Montana,MT,False,30,Clouds,-5.93,87,0.89
West Yellowstone,Montana,MT,False,30,Clouds,-8.69,96,1.21
Whitehall,New York,NY,False,36,Clouds,-3.03,68,5.14
Wisdom,Montana,MT,False,30,Clouds,-13.04,98,1.12
Wise River,Montana,MT,False,30,Clouds,-7.5,93,2.46
Missoula,Montana,MT,False,30,Clouds,1.0,93,0.0
Alberton,Montana,MT,False,30,Clouds,-5.96,98,1.11
Arlee,Montana,MT,False,30,Clouds,1.19,93,1.71
Bonner,Montana,MT,False,30,Clouds,0.77,86,0.0
Charlo,Montana,MT,False,30,Clouds,-7.28,95,0.75
Conner,Montana,MT,False,30,Clouds,-5.8,95,1.61
Darby,Pennsylvania,PA,False,42,Clear,-3.26,53,2.24
De Borgia,Montana,MT,False,30,Clouds,2.04,98,1.44
Frenchtown,New Jersey,NJ,False,34,Clear,-3.33,57,1.79
Grantsdale,Montana,MT,False,30,Clouds,-3.28,88,1.72
Hall,New York,NY,False,36,Clouds,-5.39,71,8.98
Pinesdale,Montana,MT,False,30,Clouds,-4.64,88,2.48
Haugan,Montana,MT,False,30,Clouds,1.84,98,1.45
Helmville,Montana,MT,False,30,Clouds,-6.36,100,0.91
Heron,Montana,MT,False,30,Snow,1.58,99,1.0
Hot Springs,Virginia,VA,False,51,Clear,-5.88,54,4.1
Huson,Montana,MT,False,30,Clouds,1.36,98,1.12
Lolo,Montana,MT,False,30,Clouds,0.97,86,0.0
Lonepine,Montana,MT,False,30,Clouds,0.76,98,0.89
Milltown,New Jersey,NJ,False,34,Clear,-3.06,51,3.58
Noxon,Montana,MT,False,30,Snow,1.13,99,0.78
Ovando,Montana,MT,False,30,Clouds,-5.72,100,0.59
Pablo,Montana,MT,False,30,Clouds,-6.86,93,0.6
Philipsburg,Pennsylvania,PA,False,42,Clouds,-8.33,73,1.34
Polson,Montana,MT,False,30,Clouds,-5.95,93,0.68
Ravalli,Montana,MT,False,30,Clouds,-4.1,92,1.83
Ronan,Montana,MT,False,30,Clouds,-6.89,94,1.08
Saint Ignatius,Montana,MT,False,30,Clouds,-3.43,91,2.03
Saint Regis,Montana,MT,False,30,Clouds,0.96,96,1.32
Saltese,Montana,MT,False,30,Mist,1.3,86,0.0
Seeley Lake,Montana,MT,False,30,Clouds,-8.05,98,1.04
Stevensville,Pennsylvania,PA,False,42,Clouds,-4.58,61,5.87
Sula,Montana,MT,False,30,Clouds,-7.05,95,2.15
Thompson Falls,Montana,MT,False,30,Clouds,3.13,99,1.11
Trout Creek,New York,NY,False,36,Clouds,-6.31,82,7.13
Kalispell,Montana,MT,False,30,Clouds,-3.75,93,0.92
Big Arm,Montana,MT,False,30,Clouds,-5.37,97,1.67
Bigfork,Minnesota,MN,False,27,Clear,-20.9,65,4.12
Columbia Falls,Maine,ME,False,23,Clouds,-11.92,54,4.42
Coram,New York,NY,False,36,Clouds,-2.19,54,5.14
Fortine,Montana,MT,False,30,Clouds,-5.9,97,1.46
Hungry Horse,Montana,MT,False,30,Snow,-2.6,90,0.74
Kila,Montana,MT,False,30,Clouds,-2.21,95,1.42
Libby,Montana,MT,False,30,Snow,-0.66,95,0.26
Martin City,Montana,MT,False,30,Snow,-2.81,90,0.74
Polebridge,Montana,MT,False,30,Snow,-9.49,100,0.47
Rollins,Montana,MT,False,30,Clouds,-0.29,94,1.52
Somers,Connecticut,CT,False,9,Clouds,-1.94,58,1.34
Stryker,Ohio,OH,False,39,Clear,-10.0,73,4.12
Trego,Wisconsin,WI,False,55,Clear,-17.04,78,3.1
West Glacier,Montana,MT,False,30,Snow,-1.73,96,0.48
Whitefish,Montana,MT,False,30,Snow,-3.32,94,0.61
Arlington Heights,Massachusetts,MA,False,25,Clear,-7.89,47,3.6
Elk Grove Village,Illinois,IL,False,17,Clouds,-7.7,51,3.6
Rolling Meadows,Illinois,IL,False,17,Clear,-8.13,47,3.6
Barrington,Rhode Island,RI,False,44,Clouds,-1.8,56,4.12
Crystal Lake,Iowa,IA,False,19,Clear,-11.47,60,5.14
Cary,North Carolina,NC,False,37,Clear,-3.12,62,2.87
Des Plaines,Illinois,IL,False,17,Clouds,-7.41,49,3.6
Fox Lake,Wisconsin,WI,False,55,Clouds,-11.14,50,5.4
Fox River Grove,Illinois,IL,False,17,Clouds,-8.79,50,1.34
Glenview,Kentucky,KY,False,21,Clouds,-2.83,57,2.06
Golf,Illinois,IL,False,17,Clear,-7.31,50,3.6
Grayslake,Illinois,IL,False,17,Clear,-8.54,47,4.63
Gurnee,Illinois,IL,False,17,Clear,-8.22,48,4.63
Highland Park,New Jersey,NJ,False,34,Clear,-3.03,51,3.58
Palatine,Illinois,IL,False,17,Clear,-8.27,47,3.6
Highwood,Montana,MT,False,30,Clouds,-12.68,82,1.14
Island Lake,Illinois,IL,False,17,Clouds,-8.77,50,1.34
Lake Bluff,Illinois,IL,False,17,Clear,-7.84,48,4.63
Lake Villa,Illinois,IL,False,17,Clear,-8.67,50,4.63
Lake Zurich,Illinois,IL,False,17,Clouds,-8.84,48,1.34
Libertyville,Iowa,IA,False,19,Clouds,-8.89,74,4.12
Mchenry,North Dakota,ND,False,38,Clouds,-25.31,94,2.59
Morton Grove,Illinois,IL,False,17,Clouds,-7.26,50,3.6
Mount Prospect,Illinois,IL,False,17,Clear,-7.67,47,3.6
Mundelein,Illinois,IL,False,17,Clouds,-8.41,47,3.58
Vernon Hills,Illinois,IL,False,17,Clear,-8.28,47,3.6
Northbrook,Illinois,IL,False,17,Clear,-7.58,48,3.6
North Chicago,Illinois,IL,False,17,Clear,-8.04,48,4.63
Park Ridge,New Jersey,NJ,False,34,Clear,-2.46,51,4.47
Lincolnshire,Illinois,IL,False,17,Clear,-7.98,47,3.6
Prospect Heights,Illinois,IL,False,17,Clear,-7.76,46,3.6
Round Lake,New York,NY,False,36,Clouds,-3.76,79,3.58
Skokie,Illinois,IL,False,17,Clouds,-7.19,51,3.6
Waukegan,Illinois,IL,False,17,Clouds,-8.09,49,4.29
Spring Grove,Pennsylvania,PA,False,42,Clear,-5.97,58,3.13
Great Lakes,Illinois,IL,False,17,Clear,-7.99,48,4.63
Buffalo Grove,Illinois,IL,False,17,Clear,-8.01,46,3.6
Wilmette,Illinois,IL,False,17,Clear,-7.27,49,3.6
Winthrop Harbor,Illinois,IL,False,17,Clear,-8.7,45,5.14
Wonder Lake,Illinois,IL,False,17,Clouds,-8.81,56,4.02
Woodstock,New Hampshire,NH,False,33,Clouds,-9.12,76,0.89
Zion,Illinois,IL,False,17,Clear,-8.31,45,5.14
Algonquin,Illinois,IL,False,17,Clouds,-8.81,51,2.24
Bensenville,Illinois,IL,False,17,Clear,-7.69,54,3.58
Streamwood,Illinois,IL,False,17,Clear,-8.57,54,2.06
Bloomingdale,New Jersey,NJ,False,34,Clouds,-2.79,52,4.12
Carpentersville,Illinois,IL,False,17,Clouds,-9.03,51,1.79
Clare,Michigan,MI,False,26,Clouds,-9.16,63,5.85
Dekalb,Illinois,IL,False,17,Clear,-9.02,61,3.09
Carol Stream,Illinois,IL,False,17,Clear,-8.38,60,2.06
Elburn,Illinois,IL,False,17,Clear,-9.19,70,3.09
Elmhurst,New York,NY,False,36,Clouds,-2.02,46,8.23
Esmond,North Dakota,ND,False,38,Clouds,-29.37,97,1.72
Forest Park,Georgia,GA,False,13,Clear,0.65,66,1.52
Franklin Park,New Jersey,NJ,False,34,Clouds,-3.05,49,7.2
Hanover Park,Illinois,IL,False,17,Clear,-8.49,56,2.06
Gilberts,Illinois,IL,False,17,Clouds,-9.15,55,1.79
Glen Ellyn,Illinois,IL,False,17,Clear,-8.29,60,3.6
Glendale Heights,Illinois,IL,False,17,Clear,-8.29,58,3.6
Hampshire,Tennessee,TN,False,47,Clouds,3.28,47,2.06
Kaneville,Illinois,IL,False,17,Clear,-9.29,73,3.09
Lombard,Illinois,IL,False,17,Clear,-8.12,60,2.06
Maple Park,Illinois,IL,False,17,Clear,-9.14,68,3.09
Marengo,Ohio,OH,False,39,Clouds,-11.75,85,0.45
Westchester,Illinois,IL,False,17,Clouds,-7.65,58,3.6
Lake In The Hills,Illinois,IL,False,17,Clouds,-9.08,52,2.68
Medinah,Illinois,IL,False,17,Clear,-7.99,52,3.6
Schaumburg,Illinois,IL,False,17,Clouds,-8.44,52,1.34
Melrose Park,Illinois,IL,False,17,Clouds,-7.42,55,3.6
Stone Park,Illinois,IL,False,17,Clouds,-7.53,55,3.13
Hoffman Estates,Illinois,IL,False,17,Clouds,-8.37,50,3.6
Plato Center,Illinois,IL,False,17,Clouds,-9.12,61,0.89
River Grove,Illinois,IL,False,17,Clouds,-7.29,54,3.6
Roselle,New Jersey,NJ,False,34,Clouds,-2.69,48,6.69
Schiller Park,Illinois,IL,False,17,Clouds,-7.34,52,3.6
South Elgin,Illinois,IL,False,17,Clear,-8.57,59,2.06
West Chicago,Illinois,IL,False,17,Clear,-8.69,62,2.06
Wood Dale,Illinois,IL,False,17,Clouds,-7.76,53,3.6
Chicago,Illinois,IL,False,17,Clouds,-7.1,56,2.57
River Forest,Illinois,IL,False,17,Clouds,-7.29,55,3.6
Beecher,Illinois,IL,False,17,Clouds,-10.41,82,2.79
Berwyn,Pennsylvania,PA,False,42,Clouds,-4.25,54,6.17
Crest Hill,Illinois,IL,False,17,Clear,-9.66,86,3.09
Shorewood,Illinois,IL,False,17,Clear,-9.48,84,3.09
Blue Island,Illinois,IL,False,17,Clouds,-8.91,68,2.57
Braceville,Illinois,IL,False,17,Clouds,-9.12,80,2.87
Braidwood,Illinois,IL,False,17,Clouds,-9.2,82,2.83
Calumet City,Illinois,IL,False,17,Clear,-9.17,78,2.06
Channahon,Illinois,IL,False,17,Clear,-9.18,81,4.12
Chicago Heights,Illinois,IL,False,17,Clear,-9.86,75,1.54
Chicago Ridge,Illinois,IL,False,17,Clouds,-8.44,66,2.57
Coal City,West Virginia,WV,False,54,Clear,-8.01,65,4.12
Dolton,Illinois,IL,False,17,Clear,-9.28,74,2.06
Flossmoor,Illinois,IL,False,17,Clear,-9.87,79,1.54
Hazel Crest,Illinois,IL,False,17,Clear,-9.84,79,1.54
Joliet,Montana,MT,False,30,Clouds,-11.01,85,0.46
Kinsman,Ohio,OH,False,39,Snow,-7.43,89,5.28
Lemont,Pennsylvania,PA,False,42,Clouds,-7.56,70,6.69
Bolingbrook,Illinois,IL,False,17,Clear,-9.01,76,3.09
Matteson,Illinois,IL,False,17,Clear,-10.03,81,1.54
Mazon,Illinois,IL,False,17,Clouds,-8.84,78,2.71
Romeoville,Illinois,IL,False,17,Clear,-9.28,82,3.09
Minooka,Illinois,IL,False,17,Clear,-9.35,81,4.12
Mokena,Illinois,IL,False,17,Clear,-10.03,86,3.09
Monee,Illinois,IL,False,17,Clouds,-10.34,79,2.69
New Lenox,Illinois,IL,False,17,Clear,-9.87,86,3.09
Oak Forest,Illinois,IL,False,17,Clear,-9.74,79,1.54
Oak Lawn,Illinois,IL,False,17,Clouds,-8.28,65,2.57
Bridgeview,Illinois,IL,False,17,Clouds,-7.85,60,2.57
Hometown,West Virginia,WV,False,54,Clouds,-7.44,79,1.36
Hickory Hills,Illinois,IL,False,17,Clouds,-8.41,65,2.57
Justice,West Virginia,WV,False,54,Clear,-6.78,87,2.06
Olympia Fields,Illinois,IL,False,17,Clear,-9.98,79,1.54
Orland Park,Illinois,IL,False,17,Clouds,-9.63,80,2.68
Palos Heights,Illinois,IL,False,17,Clouds,-9.08,73,2.68
Palos Park,Illinois,IL,False,17,Clouds,-9.23,72,2.68
Palos Hills,Illinois,IL,False,17,Clouds,-8.54,67,2.68
Park Forest,Illinois,IL,False,17,Clear,-10.02,78,1.54
Peotone,Illinois,IL,False,17,Clouds,-10.41,84,2.24
Posen,Michigan,MI,False,26,Clouds,-7.34,68,6.69
Richton Park,Illinois,IL,False,17,Clear,-10.02,77,1.54
South Holland,Illinois,IL,False,17,Clear,-9.48,74,2.06
South Wilmington,Illinois,IL,False,17,Clouds,-9.0,81,2.92
Steger,Illinois,IL,False,17,Clear,-9.99,76,1.54
Tinley Park,Illinois,IL,False,17,Clouds,-9.91,81,2.68
Country Club Hills,Illinois,IL,False,17,Clear,-9.89,80,1.54
University Park,Pennsylvania,PA,False,42,Clouds,-7.44,70,6.69
Homer Glen,Illinois,IL,False,17,Clear,-9.89,85,3.09
Bedford Park,Illinois,IL,False,17,Clouds,-7.72,61,2.57
Batavia,New York,NY,False,36,Snow,-5.76,75,6.69
Big Rock,Virginia,VA,False,51,Clear,-6.61,84,1.08
Bristol,Rhode Island,RI,False,44,Clouds,-2.07,57,4.12
Clarendon Hills,Illinois,IL,False,17,Clouds,-8.3,64,2.57
Downers Grove,Illinois,IL,False,17,Clouds,-8.41,64,1.79
Woodridge,New York,NY,False,36,Clouds,-5.36,70,6.97
Earlville,New York,NY,False,36,Clouds,-5.9,79,4.02
Hinsdale,Massachusetts,MA,False,25,Snow,-5.83,64,5.14
Oak Brook,Illinois,IL,False,17,Clouds,-7.95,61,3.6
La Grange Park,Illinois,IL,False,17,Clouds,-7.69,59,3.6
Willowbrook,Illinois,IL,False,17,Clouds,-8.4,66,2.57
Lee,Massachusetts,MA,False,25,Snow,-4.08,66,5.14
Leland,North Carolina,NC,False,37,Clear,-2.01,69,0.0
Lisle,New York,NY,False,36,Clouds,-5.53,72,5.66
Millbrook,New York,NY,False,36,Clouds,-3.75,58,1.79
Millington,New Jersey,NJ,False,34,Clouds,-3.38,52,3.09
Mooseheart,Illinois,IL,False,17,Clear,-9.03,70,2.06
North Aurora,Illinois,IL,False,17,Clear,-8.97,71,2.06
Plainfield,Massachusetts,MA,False,25,Clear,-9.59,84,3.09
Sandwich,Massachusetts,MA,False,25,Clouds,-2.35,62,5.14
Serena,Illinois,IL,False,17,Clouds,-9.08,56,2.36
Shabbona,Illinois,IL,False,17,Clouds,-8.52,47,2.75
Somonauk,Illinois,IL,False,17,Clouds,-9.32,52,2.35
Steward,Illinois,IL,False,17,Clear,-8.09,49,3.09
Sugar Grove,Pennsylvania,PA,False,42,Snow,-7.96,92,6.69
Warrenville,South Carolina,SC,False,45,Clear,2.69,56,3.09
Waterman,Illinois,IL,False,17,Clear,-8.84,57,3.09
Wedron,Illinois,IL,False,17,Clouds,-7.61,55,2.43
Western Springs,Illinois,IL,False,17,Clouds,-7.95,62,3.6
Westmont,Illinois,IL,False,17,Clouds,-8.37,64,2.57
Darien,Connecticut,CT,False,9,Clear,-2.08,51,4.92
Naperville,Illinois,IL,False,17,Clear,-8.7,69,3.09
Harwood Heights,Illinois,IL,False,17,Clouds,-7.32,52,3.6
Elmwood Park,New Jersey,NJ,False,34,Clouds,-2.22,49,5.14
Lincolnwood,Illinois,IL,False,17,Clouds,-7.22,52,3.6
Niles,Ohio,OH,False,39,Snow,-7.68,79,6.69
Alsip,Illinois,IL,False,17,Clouds,-8.78,68,2.57
Cicero,New York,NY,False,36,Snow,-4.18,73,4.47
Evergreen Park,Illinois,IL,False,17,Clouds,-8.15,62,2.57
Kankakee,Illinois,IL,False,17,Clear,-9.79,83,3.6
Aroma Park,Illinois,IL,False,17,Clear,-9.71,83,3.6
Ashkum,Illinois,IL,False,17,Clouds,-8.87,89,2.7
Beaverville,Illinois,IL,False,17,Clouds,-10.11,46,2.98
Bonfield,Illinois,IL,False,17,Clear,-9.44,86,3.6
Bourbonnais,Illinois,IL,False,17,Clear,-9.84,83,3.6
Buckingham,Pennsylvania,PA,False,42,Clouds,-3.9,53,5.14
Cabery,Illinois,IL,False,17,Clouds,-9.18,84,2.79
Campus,Illinois,IL,False,17,Clouds,-8.8,83,2.82
Chebanse,Illinois,IL,False,17,Clear,-9.31,85,3.6
Cissna Park,Illinois,IL,False,17,Clouds,-8.33,70,2.4
Claytonville,Illinois,IL,False,17,Clouds,-8.32,70,2.43
Cullom,Illinois,IL,False,17,Clouds,-8.81,83,1.34
Danforth,Maine,ME,False,23,Clouds,-11.83,60,3.21
Donovan,Illinois,IL,False,17,Clouds,-10.12,47,2.92
East Lynn,West Virginia,WV,False,54,Clouds,-7.35,82,1.34
Elliott,South Carolina,SC,False,45,Clear,-2.0,36,0.74
Emington,Illinois,IL,False,17,Clouds,-8.78,82,1.34
Gibson City,Illinois,IL,False,17,Clouds,-7.47,56,2.2
Gilman,Vermont,VT,False,50,Clouds,-10.74,80,2.57
Goodwine,Illinois,IL,False,17,Clouds,-8.33,70,2.44
Grant Park,Illinois,IL,False,17,Clouds,-10.52,82,2.93
Herscher,Illinois,IL,False,17,Clouds,-9.36,87,2.82
Hoopeston,Illinois,IL,False,17,Clouds,-8.47,70,2.31
Hopkins Park,Illinois,IL,False,17,Clear,-10.14,79,3.6
Iroquois,South Dakota,SD,False,46,Clouds,-13.51,45,3.67
Kempton,Pennsylvania,PA,False,42,Clouds,-4.45,59,5.36
Loda,Illinois,IL,False,17,Clouds,-7.11,57,2.29
Manteno,Illinois,IL,False,17,Clear,-10.28,81,3.6
Martinton,Illinois,IL,False,17,Clouds,-10.03,48,2.86
Momence,Illinois,IL,False,17,Clear,-10.04,79,3.6
Onarga,Illinois,IL,False,17,Clouds,-8.34,55,2.57
Papineau,Illinois,IL,False,17,Clear,-10.04,79,3.6
Piper City,Illinois,IL,False,17,Clouds,-8.76,57,2.51
Reddick,Florida,FL,False,12,Clear,3.99,45,2.07
Saint Anne,Illinois,IL,False,17,Clear,-10.07,79,3.6
Stockland,Illinois,IL,False,17,Clouds,-8.37,70,1.79
Thawville,Illinois,IL,False,17,Clouds,-7.14,56,2.49
Union Hill,New York,NY,False,36,Snow,-4.27,73,3.13
Watseka,Illinois,IL,False,17,Clouds,-8.28,70,2.78
Apple River,Illinois,IL,False,17,Clouds,-10.38,59,3.8
Capron,Virginia,VA,False,51,Clear,-5.96,45,3.68
Chana,Illinois,IL,False,17,Clear,-8.06,49,3.09
Dakota,Minnesota,MN,False,27,Clear,-11.83,54,3.6
Davis Junction,Illinois,IL,False,17,Clouds,-8.19,48,3.09
Durand,Michigan,MI,False,26,Clouds,-8.24,73,5.14
East Dubuque,Illinois,IL,False,17,Clear,-8.7,46,4.63
Eleroy,Illinois,IL,False,17,Clear,-9.44,67,2.06
Franklin Grove,Illinois,IL,False,17,Clear,-8.14,64,3.09
Garden Prairie,Illinois,IL,False,17,Clouds,-9.41,64,3.57
German Valley,Illinois,IL,False,17,Clear,-8.98,45,2.06
Harmon,Illinois,IL,False,17,Clouds,-7.76,70,2.3
Lanark,West Virginia,WV,False,54,Clear,-7.26,62,4.12
Leaf River,Illinois,IL,False,17,Clear,-8.63,19,2.06
Lindenwood,Illinois,IL,False,17,Clouds,-8.6,51,3.09
Milledgeville,Georgia,GA,False,13,Clear,2.84,51,2.06
Monroe Center,Illinois,IL,False,17,Clouds,-8.93,51,3.09
Mount Carroll,Illinois,IL,False,17,Clouds,-7.82,56,0.45
Mount Morris,New York,NY,False,36,Clouds,-5.0,69,8.74
Nachusa,Illinois,IL,False,17,Clouds,-8.04,68,2.27
Nora,Virginia,VA,False,51,Clear,-6.78,72,1.54
Pecatonica,Illinois,IL,False,17,Clear,-8.85,53,2.06
Ridott,Illinois,IL,False,17,Clear,-8.98,62,2.06
Rock City,Illinois,IL,False,17,Clouds,-9.39,73,3.72
Rock Falls,Iowa,IA,False,19,Clouds,-11.35,64,3.98
Rockton,Pennsylvania,PA,False,42,Clouds,-9.7,89,1.34
Scales Mound,Illinois,IL,False,17,Clouds,-9.82,57,3.55
Shannon,North Carolina,NC,False,37,Clear,-2.45,69,2.59
Shirland,Illinois,IL,False,17,Clouds,-9.16,54,0.89
South Beloit,Illinois,IL,False,17,Clouds,-9.11,54,4.02
Stillman Valley,Illinois,IL,False,17,Clouds,-7.95,45,3.09
Woosung,Illinois,IL,False,17,Clouds,-8.02,68,0.45
Loves Park,Illinois,IL,False,17,Clouds,-8.65,52,3.09
Machesney Park,Illinois,IL,False,17,Clouds,-8.88,53,3.09
Andalusia,Alabama,AL,False,1,Clouds,7.72,56,1.66
Annawan,Illinois,IL,False,17,Clouds,-7.79,49,2.14
Buffalo Prairie,Illinois,IL,False,17,Clouds,-9.07,59,2.28
Carbon Cliff,Illinois,IL,False,17,Clouds,-7.95,72,2.06
Coal Valley,Illinois,IL,False,17,Clouds,-8.07,73,2.06
Colona,Illinois,IL,False,17,Clouds,-7.9,72,2.06
Deer Grove,Illinois,IL,False,17,Clouds,-7.66,45,2.43
East Moline,Illinois,IL,False,17,Clouds,-7.87,73,3.6
Hooppole,Illinois,IL,False,17,Clouds,-7.96,49,2.15
Illinois City,Illinois,IL,False,17,Clouds,-9.03,59,2.1
Joy,Illinois,IL,False,17,Clouds,-9.01,59,2.66
Lynn Center,Illinois,IL,False,17,Clouds,-8.39,75,1.94
Matherville,Illinois,IL,False,17,Clouds,-7.47,72,2.24
Orion,Illinois,IL,False,17,Clouds,-8.2,72,2.06
Osco,Illinois,IL,False,17,Clouds,-8.3,75,1.85
Port Byron,New York,NY,False,36,Snow,-4.69,72,8.8
Preemption,Illinois,IL,False,17,Clouds,-8.13,73,2.06
Prophetstown,Illinois,IL,False,17,Clouds,-7.61,48,2.23
Rapids City,Illinois,IL,False,17,Clouds,-7.9,72,1.61
Sherrard,Illinois,IL,False,17,Clouds,-8.19,73,2.06
Silvis,Illinois,IL,False,17,Clouds,-7.9,72,3.6
Tampico,Illinois,IL,False,17,Clouds,-7.66,46,2.34
Taylor Ridge,Illinois,IL,False,17,Clouds,-7.96,73,2.06
Thomson,Georgia,GA,False,13,Clear,1.84,50,0.0
Ancona,Illinois,IL,False,17,Clouds,-7.79,81,2.37
Blackstone,Massachusetts,MA,False,25,Clouds,-1.89,63,4.63
Bureau,Illinois,IL,False,17,Clouds,-7.64,73,3.6
Cherry,Illinois,IL,False,17,Clouds,-8.06,73,3.6
Cornell,Michigan,MI,False,26,Clouds,-11.58,72,5.03
Dalzell,South Carolina,SC,False,45,Clear,-0.97,69,0.0
Dana,North Carolina,NC,False,37,Clear,-3.11,47,4.12
Depue,Illinois,IL,False,17,Clouds,-7.65,73,3.6
Eldena,Illinois,IL,False,17,Clouds,-8.1,68,2.3
Grand Ridge,Florida,FL,False,12,Clear,8.27,70,2.14
Granville,Massachusetts,MA,False,25,Clouds,-12.07,34,4.57
Kasbeer,Illinois,IL,False,17,Clouds,-8.58,43,2.61
Ladd,Illinois,IL,False,17,Clouds,-8.01,73,3.6
La Moille,Illinois,IL,False,17,Clouds,-8.67,67,2.57
Lee Center,New York,NY,False,36,Fog,-6.31,95,7.2
Leonore,Illinois,IL,False,17,Clouds,-7.86,81,2.37
Long Point,Illinois,IL,False,17,Clouds,-7.81,81,2.34
Lostant,Illinois,IL,False,17,Clouds,-7.94,81,2.26
Manlius,New York,NY,False,36,Snow,-5.13,72,5.81
Mark,Illinois,IL,False,17,Clouds,-7.97,73,3.6
Marseilles,Illinois,IL,False,17,Clouds,-7.75,81,2.54
Neponset,Illinois,IL,False,17,Clouds,-7.98,49,2.23
New Bedford,Massachusetts,MA,False,25,Clouds,-1.41,59,7.6
Ohio,Illinois,IL,False,17,Clouds,-8.9,44,2.57
Paw Paw,West Virginia,WV,False,54,Clouds,-5.45,59,5.05
Rutland,Massachusetts,MA,False,25,Clouds,-4.75,67,4.12
Seatonville,Illinois,IL,False,17,Clouds,-7.91,73,3.6
Streator,Illinois,IL,False,17,Clouds,-7.78,81,0.45
Tiskilwa,Illinois,IL,False,17,Clouds,-7.25,49,2.18
Toluca,Illinois,IL,False,17,Clouds,-7.56,64,2.24
Tonica,Illinois,IL,False,17,Clouds,-7.98,75,3.6
Triumph,Illinois,IL,False,17,Clouds,-8.05,73,3.6
Troy Grove,Illinois,IL,False,17,Clouds,-8.01,73,3.6
Van Orin,Illinois,IL,False,17,Clouds,-8.71,67,2.58
Varna,Illinois,IL,False,17,Clouds,-7.78,67,1.54
Wenona,Illinois,IL,False,17,Clouds,-7.83,81,2.3
West Brooklyn,Illinois,IL,False,17,Clouds,-9.01,67,0.89
Wyanet,Illinois,IL,False,17,Clouds,-7.49,46,2.36
Abingdon,Maryland,MD,False,24,Clear,-4.52,58,0.89
Alexis,North Carolina,NC,False,37,Clear,-2.89,61,0.0
Alpha,Kentucky,KY,False,21,Clouds,-3.05,80,0.0
Altona,New York,NY,False,36,Clouds,-9.45,81,4.12
Bardolph,Illinois,IL,False,17,Clouds,-6.97,63,3.09
Biggsville,Illinois,IL,False,17,Clouds,-7.85,74,2.41
Bishop Hill,Illinois,IL,False,17,Clouds,-7.9,49,2.15
Blandinsville,Illinois,IL,False,17,Clouds,-7.22,63,3.09
Camp Grove,Illinois,IL,False,17,Clouds,-8.15,70,2.02
Carman,Illinois,IL,False,17,Clouds,-7.65,73,3.09
Castleton,Vermont,VT,False,50,Clouds,-4.33,68,3.07
Dahinda,Illinois,IL,False,17,Clouds,-6.62,73,0.89
East Galesburg,Illinois,IL,False,17,Clouds,-7.81,77,2.06
Ellisville,Mississippi,MS,False,28,Clouds,10.03,41,2.57
Fiatt,Illinois,IL,False,17,Clouds,-6.91,75,2.36
Gerlaw,Illinois,IL,False,17,Clouds,-8.29,74,2.06
Gilson,Illinois,IL,False,17,Clouds,-7.63,75,2.45
Good Hope,Georgia,GA,False,13,Clear,0.78,55,2.41
Ipava,Illinois,IL,False,17,Clouds,-6.86,75,2.56
Keithsburg,Illinois,IL,False,17,Clouds,-7.79,59,2.66
Laura,Ohio,OH,False,39,Clouds,-10.04,83,1.34
Little York,New Jersey,NJ,False,34,Clear,-3.64,57,4.92
Lomax,Illinois,IL,False,17,Clouds,-7.68,73,3.09
Maquon,Illinois,IL,False,17,Clouds,-7.45,74,2.36
Media,Pennsylvania,PA,False,42,Clouds,-3.8,54,5.14
New Windsor,New York,NY,False,36,Clouds,-2.72,59,3.58
North Henderson,Illinois,IL,False,17,Clouds,-7.81,78,2.06
Ophiem,Illinois,IL,False,17,Clouds,-8.18,50,1.99
Oquawka,Illinois,IL,False,17,Clouds,-7.66,57,2.51
Raritan,New Jersey,NJ,False,34,Clouds,-2.98,52,3.58
Rio,West Virginia,WV,False,54,Clouds,-6.32,60,1.79
Saint Augustine,Florida,FL,False,12,Clear,7.0,57,2.57
Sciota,Pennsylvania,PA,False,42,Clear,-4.03,58,0.89
Seaton,Illinois,IL,False,17,Clouds,-8.08,58,2.52
Smithshire,Illinois,IL,False,17,Clouds,-8.07,74,2.45
Speer,Illinois,IL,False,17,Clouds,-7.89,74,2.02
Stronghurst,Illinois,IL,False,17,Clouds,-7.86,74,3.09
Table Grove,Illinois,IL,False,17,Clouds,-7.08,53,2.62
Toulon,Illinois,IL,False,17,Clouds,-6.73,51,2.21
Vermont,Illinois,IL,False,17,Clouds,-6.83,66,2.63
Wataga,Illinois,IL,False,17,Clouds,-7.88,78,1.54
Williamsfield,Ohio,OH,False,39,Snow,-7.98,93,5.43
Woodhull,New York,NY,False,36,Clouds,-7.07,78,8.17
Wyoming,Rhode Island,RI,False,44,Clouds,-2.19,60,0.45
Brimfield,Massachusetts,MA,False,25,Clouds,-6.86,73,2.45
Dunfermline,Illinois,IL,False,17,Clouds,-6.84,75,2.4
Edelstein,Illinois,IL,False,17,Clouds,-7.77,74,2.06
Glasford,Illinois,IL,False,17,Clouds,-6.75,65,1.54
Hanna City,Illinois,IL,False,17,Clouds,-7.18,68,1.54
Henry,Virginia,VA,False,51,Clouds,-12.46,89,8.0
Kingston Mines,Illinois,IL,False,17,Clouds,-6.43,66,1.54
Lacon,Illinois,IL,False,17,Clouds,-7.51,67,1.54
La Rose,Illinois,IL,False,17,Clouds,-7.6,66,2.68
London Mills,Illinois,IL,False,17,Clouds,-6.94,75,2.2
Manito,Illinois,IL,False,17,Clouds,-6.13,66,2.5
Metamora,Ohio,OH,False,39,Clear,-9.17,78,6.17
Mossville,Illinois,IL,False,17,Clouds,-6.88,71,1.54
Norris,South Carolina,SC,False,45,Clear,-0.44,54,1.54
Pekin,Indiana,IN,False,18,Clouds,-3.51,50,1.56
Rome,New York,NY,False,36,Snow,-5.82,95,7.2
South Pekin,Illinois,IL,False,17,Clouds,-6.28,66,1.54
Sparland,Illinois,IL,False,17,Clouds,-7.44,67,1.54
Tremont,Pennsylvania,PA,False,42,Clouds,-5.08,65,5.95
Trivoli,Illinois,IL,False,17,Clouds,-7.21,63,1.54
Yates City,Illinois,IL,False,17,Clouds,-6.71,73,2.41
Creve Coeur,Illinois,IL,False,17,Clouds,-7.07,70,1.54
East Peoria,Illinois,IL,False,17,Clouds,-6.71,70,1.54
Peoria Heights,Illinois,IL,False,17,Clouds,-7.39,71,1.54
Anchor,Illinois,IL,False,17,Clouds,-8.09,83,2.09
Armington,Illinois,IL,False,17,Clouds,-5.49,52,2.28
Arrowsmith,Illinois,IL,False,17,Clouds,-8.27,82,0.89
Carlock,Illinois,IL,False,17,Clouds,-6.71,76,2.13
Chenoa,Illinois,IL,False,17,Clouds,-8.12,58,2.13
Congerville,Illinois,IL,False,17,Clouds,-6.76,77,0.45
Cooksville,Maryland,MD,False,24,Clouds,-5.81,59,3.13
Cropsey,Illinois,IL,False,17,Clouds,-8.17,58,2.13
Danvers,Massachusetts,MA,False,25,Clouds,-2.09,62,3.6
Delavan,Wisconsin,WI,False,55,Clouds,-9.63,33,4.19
Dewitt,Virginia,VA,False,51,Clear,-5.91,58,4.12
Flanagan,Illinois,IL,False,17,Clouds,-8.03,55,2.27
Forrest,Illinois,IL,False,17,Clouds,-8.8,58,2.34
Goodfield,Illinois,IL,False,17,Clouds,-6.88,76,0.45
Graymont,Illinois,IL,False,17,Clouds,-7.99,73,2.27
Heyworth,Illinois,IL,False,17,Clouds,-6.25,73,4.12
Hopedale,Massachusetts,MA,False,25,Clouds,-2.16,64,2.24
Mackinaw,Illinois,IL,False,17,Clouds,-6.64,77,2.3
Maroa,Illinois,IL,False,17,Clouds,-5.57,74,1.94
Minier,Illinois,IL,False,17,Clouds,-6.38,78,2.27
Minonk,Illinois,IL,False,17,Clouds,-7.34,55,2.25
Normal,Alabama,AL,False,1,Clouds,3.5,53,4.47
Saunemin,Illinois,IL,False,17,Clouds,-8.75,82,2.5
Saybrook,Illinois,IL,False,17,Clouds,-7.64,82,0.89
Secor,Illinois,IL,False,17,Clouds,-7.03,77,2.1
Wapella,Illinois,IL,False,17,Clouds,-6.04,73,0.45
Allerton,Iowa,IA,False,19,Snow,-7.83,71,5.29
Bement,Illinois,IL,False,17,Clouds,-4.03,49,1.86
Bondville,Vermont,VT,False,50,Clouds,-7.22,90,0.45
Broadlands,Illinois,IL,False,17,Clouds,-5.98,49,1.83
Catlin,Illinois,IL,False,17,Clouds,-6.69,72,1.54
Cerro Gordo,North Carolina,NC,False,37,Clear,-1.0,42,2.07
Champaign,Illinois,IL,False,17,Clouds,-5.92,75,3.09
Collison,Illinois,IL,False,17,Clouds,-6.83,73,2.68
Tilton,New Hampshire,NH,False,33,Clouds,-7.77,78,2.57
De Land,Illinois,IL,False,17,Clouds,-5.48,74,2.03
Fairmount,Georgia,GA,False,13,Clouds,-1.39,81,0.51
Farmer City,Illinois,IL,False,17,Clouds,-5.33,58,2.05
Fithian,Illinois,IL,False,17,Clouds,-6.45,75,2.68
Foosland,Illinois,IL,False,17,Clouds,-5.91,69,2.02
Henning,Tennessee,TN,False,47,Clouds,4.96,56,2.57
Ivesdale,Illinois,IL,False,17,Clouds,-5.05,63,3.09
Mahomet,Illinois,IL,False,17,Clouds,-5.37,74,2.68
Milmine,Illinois,IL,False,17,Clouds,-4.06,46,1.81
Muncie,Indiana,IN,False,18,Clear,-10.89,81,1.54
Penfield,New York,NY,False,36,Snow,-4.27,70,9.77
Pesotum,Illinois,IL,False,17,Clouds,-5.43,69,3.09
Potomac,Maryland,MD,False,24,Clear,-5.03,58,4.12
Ridge Farm,Illinois,IL,False,17,Clouds,-6.11,52,1.75
Sadorus,Illinois,IL,False,17,Clouds,-5.55,73,3.09
Sidell,Illinois,IL,False,17,Clouds,-5.94,49,1.86
Thomasboro,Illinois,IL,False,17,Clouds,-6.34,74,2.06
Tolono,Illinois,IL,False,17,Clouds,-5.73,74,3.09
White Heath,Illinois,IL,False,17,Clouds,-5.7,82,1.98
Ashmore,Illinois,IL,False,17,Clouds,-4.43,60,1.69
Brocton,New York,NY,False,36,Clouds,-4.67,71,6.69
Chrisman,Illinois,IL,False,17,Clouds,-4.99,63,1.54
Dalton City,Illinois,IL,False,17,Clouds,-4.56,69,2.06
Gays,Illinois,IL,False,17,Clouds,-4.1,63,2.06
Hindsboro,Illinois,IL,False,17,Clouds,-4.44,60,1.34
Mattoon,Wisconsin,WI,False,55,Clear,-15.47,51,5.66
Metcalf,Illinois,IL,False,17,Clouds,-5.03,63,1.54
Redmon,Illinois,IL,False,17,Clouds,-4.97,63,1.54
Vermilion,Ohio,OH,False,39,Clouds,-8.08,81,6.17
Batchtown,Illinois,IL,False,17,Snow,-2.72,68,3.3
Benld,Illinois,IL,False,17,Snow,-3.84,63,3.6
Bethalto,Illinois,IL,False,17,Snow,-2.23,67,4.12
Brussels,Wisconsin,WI,False,55,Clear,-12.1,56,5.14
Coffeen,Illinois,IL,False,17,Snow,-2.13,47,1.63
Cottage Hills,Illinois,IL,False,17,Snow,-2.2,67,4.12
Donnellson,Iowa,IA,False,19,Clouds,-7.72,58,3.33
Dorsey,Illinois,IL,False,17,Snow,-2.29,66,4.12
Dow,Illinois,IL,False,17,Snow,-2.45,70,4.63
Eagarville,Illinois,IL,False,17,Snow,-3.91,58,3.6
East Alton,Illinois,IL,False,17,Snow,-2.09,66,4.12
Eldred,New York,NY,False,36,Clouds,-4.82,64,0.89
Elsah,Illinois,IL,False,17,Snow,-2.14,70,4.63
Fidelity,Illinois,IL,False,17,Snow,-2.53,81,2.79
Fieldon,Illinois,IL,False,17,Snow,-2.33,76,3.32
Gillespie,Illinois,IL,False,17,Snow,-3.95,58,3.09
Glen Carbon,Illinois,IL,False,17,Snow,-2.36,66,4.12
Godfrey,Illinois,IL,False,17,Snow,-2.44,67,4.12
Golden Eagle,Illinois,IL,False,17,Clouds,-6.88,73,4.12
Granite City,Illinois,IL,False,17,Snow,-2.23,69,4.63
Hamel,Minnesota,MN,False,27,Clear,-14.62,45,3.6
Hillview,Kentucky,KY,False,21,Clouds,-3.01,60,2.06
Jerseyville,Illinois,IL,False,17,Snow,-2.37,88,3.07
Kampsville,Illinois,IL,False,17,Snow,-5.1,86,2.91
Kane,Pennsylvania,PA,False,42,Snow,-8.28,92,5.04
Lovejoy,Georgia,GA,False,13,Clear,-0.7,74,1.67
Marine,Illinois,IL,False,17,Snow,-2.39,70,2.96
Medora,Indiana,IN,False,18,Clouds,-3.79,51,1.46
Michael,Illinois,IL,False,17,Snow,-3.0,89,3.03
Mount Olive,West Virginia,WV,False,54,Clear,-8.56,85,1.88
Mozier,Illinois,IL,False,17,Snow,-2.86,90,2.97
New Douglas,Illinois,IL,False,17,Snow,-3.28,72,2.35
Nokomis,Florida,FL,False,12,Clear,12.21,57,5.12
Ohlman,Illinois,IL,False,17,Clouds,-4.42,74,1.42
Piasa,Illinois,IL,False,17,Snow,-2.43,82,2.8
Ramsey,New Jersey,NJ,False,34,Clear,-2.89,52,3.13
Roodhouse,Illinois,IL,False,17,Snow,-4.51,57,2.43
Roxana,Kentucky,KY,False,21,Clear,-4.55,54,1.39
Sawyerville,Alabama,AL,False,1,Clouds,7.64,54,2.31
Sorento,Illinois,IL,False,17,Snow,-1.82,62,2.07
South Roxana,Illinois,IL,False,17,Snow,-2.12,67,2.57
Staunton,Virginia,VA,False,51,Clear,-7.77,60,2.06
Taylor Springs,Illinois,IL,False,17,Snow,-3.83,63,3.09
Walshville,Illinois,IL,False,17,Snow,-3.8,63,3.09
Witt,Illinois,IL,False,17,Snow,-4.51,41,1.52
Worden,Montana,MT,False,30,Clouds,-10.71,94,1.18
Wrights,Illinois,IL,False,17,Snow,-4.3,62,2.51
East Saint Louis,Illinois,IL,False,17,Snow,-2.21,72,3.09
Fairview Heights,Illinois,IL,False,17,Snow,-2.75,69,3.09
Addieville,Illinois,IL,False,17,Snow,-2.24,71,3.06
Albers,Illinois,IL,False,17,Snow,-1.91,69,2.06
Aviston,Illinois,IL,False,17,Snow,-1.91,69,0.89
Bartelso,Illinois,IL,False,17,Snow,-2.1,69,0.89
Beckemeyer,Illinois,IL,False,17,Snow,-2.13,69,0.89
Breese,Illinois,IL,False,17,Snow,-2.04,69,0.89
Carlyle,Illinois,IL,False,17,Snow,-2.19,68,2.5
Caseyville,Illinois,IL,False,17,Snow,-2.44,69,3.09
Dupo,Illinois,IL,False,17,Snow,-2.29,76,3.09
East Carondelet,Illinois,IL,False,17,Snow,-2.25,76,3.09
Ellis Grove,Illinois,IL,False,17,Rain,-1.76,78,3.09
Fults,Illinois,IL,False,17,Snow,-1.99,77,3.76
Germantown,New York,NY,False,36,Clouds,-2.07,57,3.31
Hagarstown,Illinois,IL,False,17,Snow,-1.55,44,1.55
Hecker,Illinois,IL,False,17,Snow,-2.44,76,1.34
Hoffman,North Carolina,NC,False,37,Haze,-4.12,74,0.0
Huey,Illinois,IL,False,17,Snow,-1.57,60,2.34
Keyesport,Illinois,IL,False,17,Snow,-1.55,57,1.95
Lenzburg,Illinois,IL,False,17,Snow,-2.18,72,3.66
Maeystown,Illinois,IL,False,17,Snow,-2.84,77,3.86
Marissa,Illinois,IL,False,17,Snow,-0.71,65,2.57
Mascoutah,Illinois,IL,False,17,Snow,-2.07,71,3.44
Millstadt,Illinois,IL,False,17,Snow,-2.76,74,3.09
Modoc,South Carolina,SC,False,45,Snow,-8.05,94,4.47
Mulberry Grove,Illinois,IL,False,17,Snow,-1.75,62,1.66
New Athens,Ohio,OH,False,39,Clouds,-6.99,87,4.87
New Memphis,Illinois,IL,False,17,Snow,-1.78,68,2.06
Okawville,Illinois,IL,False,17,Snow,-2.1,70,3.09
Percy,Illinois,IL,False,17,Snow,-0.5,59,2.57
Pierron,Illinois,IL,False,17,Snow,-1.88,69,2.64
Pinckneyville,Illinois,IL,False,17,Snow,-1.49,91,3.4
Prairie Du Rocher,Illinois,IL,False,17,Snow,-2.03,77,3.99
Red Bud,Illinois,IL,False,17,Snow,-2.56,92,3.95
Renault,Illinois,IL,False,17,Snow,-2.81,77,3.8
Saint Jacob,Illinois,IL,False,17,Snow,-2.24,70,3.1
Smithboro,New York,NY,False,36,Clouds,-4.76,71,6.13
Steeleville,Illinois,IL,False,17,Snow,-0.68,67,2.57
Valmeyer,Illinois,IL,False,17,Snow,-2.83,82,3.98
Basco,Illinois,IL,False,17,Clouds,-6.96,52,3.09
Baylis,Illinois,IL,False,17,Clouds,-4.31,58,4.12
Bowen,Illinois,IL,False,17,Clouds,-6.12,50,2.89
Camp Point,Illinois,IL,False,17,Snow,-5.95,63,5.66
Chambersburg,Pennsylvania,PA,False,42,Clouds,-5.38,66,2.24
Coatsburg,Illinois,IL,False,17,Snow,-6.0,65,5.66
Colchester,Vermont,VT,False,50,Clouds,-9.55,84,1.34
Dallas City,Illinois,IL,False,17,Clouds,-7.65,70,3.09
Elvaston,Illinois,IL,False,17,Clouds,-7.01,68,3.6
Griggsville,Illinois,IL,False,17,Clouds,-3.99,58,4.12
Kinderhook,New York,NY,False,36,Clouds,-2.55,67,2.68
La Prairie,Illinois,IL,False,17,Snow,-5.97,46,2.74
Lima,New York,NY,False,36,Clouds,-5.24,69,5.36
Nauvoo,Alabama,AL,False,1,Clouds,3.8,70,2.06
Nebo,West Virginia,WV,False,54,Clear,-12.34,88,2.06
New Canton,Virginia,VA,False,51,Clear,-4.86,69,2.13
New Salem,Massachusetts,MA,False,25,Clouds,-4.18,58,4.12
Niota,Tennessee,TN,False,47,Clouds,-2.22,69,0.0
Paloma,Illinois,IL,False,17,Snow,-5.96,65,5.66
Pearl,Mississippi,MS,False,28,Clouds,11.51,42,5.14
Pittsfield,Massachusetts,MA,False,25,Snow,-4.77,71,5.14
Tennessee,Illinois,IL,False,17,Clouds,-7.3,74,3.09
Timewell,Illinois,IL,False,17,Clouds,-6.06,63,2.57
Ursa,Illinois,IL,False,17,Snow,-5.31,68,2.88
Beecher City,Illinois,IL,False,17,Clouds,-3.35,41,1.19
Casey,Iowa,IA,False,19,Clouds,-8.9,69,4.74
Cowden,Illinois,IL,False,17,Clouds,-4.25,41,1.24
Dennison,Ohio,OH,False,39,Clouds,-8.95,77,2.06
Dieterich,Illinois,IL,False,17,Clouds,-3.43,64,0.0
Dundas,Virginia,VA,False,51,Clear,-2.4,43,1.54
Flat Rock,North Carolina,NC,False,37,Clear,-1.72,34,1.54
Greenup,Kentucky,KY,False,21,Clear,-5.32,74,0.0
Herrick,South Dakota,SD,False,46,Snow,-12.62,88,4.22
Hutsonville,Illinois,IL,False,17,Clouds,-3.65,44,1.46
Ingraham,Illinois,IL,False,17,Clouds,-2.52,60,0.0
Lawrenceville,New York,NY,False,36,Clouds,-2.94,70,3.67
Lerna,Illinois,IL,False,17,Clouds,-4.06,63,2.06
Mode,Illinois,IL,False,17,Clouds,-3.53,41,1.19
Mount Erie,Illinois,IL,False,17,Clouds,-2.15,62,1.44
Neoga,Illinois,IL,False,17,Clouds,-3.87,70,1.26
Oblong,Illinois,IL,False,17,Clouds,-3.3,42,1.32
Parkersburg,West Virginia,WV,False,54,Clear,-10.01,87,0.89
Saint Elmo,Alabama,AL,False,1,Clouds,12.3,50,3.3
Sainte Marie,Illinois,IL,False,17,Clouds,-3.13,66,1.22
Shumway,Illinois,IL,False,17,Clouds,-3.54,63,0.0
Sigel,Pennsylvania,PA,False,42,Clouds,-9.35,87,5.29
Stewardson,Illinois,IL,False,17,Clouds,-3.64,65,1.18
Stoy,Illinois,IL,False,17,Clouds,-3.27,43,1.37
Teutopolis,Illinois,IL,False,17,Clouds,-3.66,65,0.0
Trilla,Illinois,IL,False,17,Clouds,-3.88,63,2.06
Westfield,Massachusetts,MA,False,25,Clouds,-1.88,58,5.14
West Liberty,West Virginia,WV,False,54,Clouds,-8.31,76,4.35
West Salem,Ohio,OH,False,39,Clouds,-10.18,83,2.68
West Union,West Virginia,WV,False,54,Clear,-9.76,80,3.12
West York,Illinois,IL,False,17,Clouds,-3.68,44,1.47
Willow Hill,Pennsylvania,PA,False,42,Clouds,-5.49,70,5.13
Argenta,Illinois,IL,False,17,Clouds,-5.47,75,2.06
Assumption,Illinois,IL,False,17,Clouds,-4.33,74,1.37
Beason,Illinois,IL,False,17,Clouds,-5.42,68,2.06
Boody,Illinois,IL,False,17,Clouds,-4.03,54,2.06
Bulpitt,Illinois,IL,False,17,Clouds,-4.18,66,0.0
Chestnut,Illinois,IL,False,17,Clouds,-5.42,68,2.06
Cornland,Illinois,IL,False,17,Clouds,-5.51,71,1.86
Divernon,Illinois,IL,False,17,Clouds,-4.34,67,0.89
Elwin,Illinois,IL,False,17,Clouds,-4.08,54,2.06
Findlay,Ohio,OH,False,39,Clear,-10.39,79,4.63
Glenarm,Illinois,IL,False,17,Clouds,-4.36,66,0.89
Harristown,Illinois,IL,False,17,Clouds,-4.04,54,2.06
Harvel,Illinois,IL,False,17,Snow,-4.39,68,1.7
Illiopolis,Illinois,IL,False,17,Clouds,-5.51,71,1.69
Mechanicsburg,Pennsylvania,PA,False,42,Clouds,-4.65,54,3.13
Morrisonville,New York,NY,False,36,Haze,-9.14,80,2.06
Mount Auburn,Iowa,IA,False,19,Clouds,-8.13,54,2.57
Mount Pulaski,Illinois,IL,False,17,Clouds,-5.59,71,2.06
Mt Zion,Illinois,IL,False,17,Clouds,-4.04,54,2.06
Moweaqua,Illinois,IL,False,17,Clouds,-4.29,41,1.37
Niantic,Connecticut,CT,False,9,Clouds,-1.21,54,4.63
Oconee,Georgia,GA,False,13,Clear,3.64,50,2.09
Oreana,Illinois,IL,False,17,Clouds,-4.03,54,2.06
Owaneco,Illinois,IL,False,17,Clouds,-4.14,68,0.0
Pana,Illinois,IL,False,17,Clouds,-4.45,74,1.34
Stonington,Maine,ME,False,23,Clouds,-10.4,68,6.67
Taylorville,Illinois,IL,False,17,Clouds,-4.04,64,0.0
Tovey,Illinois,IL,False,17,Clouds,-4.24,67,0.0
Tower Hill,Illinois,IL,False,17,Clouds,-4.37,74,1.31
Waggoner,Illinois,IL,False,17,Snow,-4.38,68,1.82
Alsey,Illinois,IL,False,17,Snow,-5.03,52,2.36
Arenzville,Illinois,IL,False,17,Clouds,-5.59,66,3.6
Bath,New Hampshire,NH,False,33,Clouds,-9.4,77,0.45
Beardstown,Illinois,IL,False,17,Clouds,-5.53,66,0.45
Bluffs,Illinois,IL,False,17,Clouds,-3.56,44,2.4
Bluff Springs,Illinois,IL,False,17,Clouds,-5.69,66,0.45
Cantrall,Illinois,IL,False,17,Clouds,-4.97,59,2.57
Carlinville,Illinois,IL,False,17,Snow,-3.87,52,2.17
Chandlerville,Illinois,IL,False,17,Clouds,-5.65,53,2.2
Chapin,South Carolina,SC,False,45,Clear,-1.92,74,0.98
Hettick,Illinois,IL,False,17,Snow,-4.07,53,2.2
Literberry,Illinois,IL,False,17,Clouds,-5.02,55,3.6
Loami,Illinois,IL,False,17,Clouds,-4.65,63,1.94
Lowder,Illinois,IL,False,17,Snow,-4.37,42,1.99
Meredosia,Illinois,IL,False,17,Clouds,-5.5,43,2.49
Murrayville,Georgia,GA,False,13,Clear,-0.22,51,1.54
New Berlin,New York,NY,False,36,Clouds,-5.79,80,8.13
New Holland,Pennsylvania,PA,False,42,Clouds,-4.82,61,6.17
Nilwood,Illinois,IL,False,17,Snow,-3.92,44,2.0
Oakford,Indiana,IN,False,18,Clear,-10.67,80,3.6
Scottville,North Carolina,NC,False,37,Clear,-5.37,50,2.06
Shipman,Virginia,VA,False,51,Clear,-2.69,39,2.49
Tallula,Illinois,IL,False,17,Clouds,-6.06,39,3.13
Virden,Illinois,IL,False,17,Snow,-4.41,69,1.95
Hoyleton,Illinois,IL,False,17,Snow,-1.68,62,2.06
Ashley,Ohio,OH,False,39,Clear,-11.41,85,2.06
Barnhill,Illinois,IL,False,17,Snow,-2.09,60,2.06
Belle Rive,Illinois,IL,False,17,Snow,-2.01,69,2.06
Bellmont,Illinois,IL,False,17,Clouds,-2.03,65,1.42
Bluford,Illinois,IL,False,17,Snow,-2.16,68,2.06
Bone Gap,Illinois,IL,False,17,Clouds,-2.23,65,1.4
Bonnie,Illinois,IL,False,17,Snow,-1.84,69,2.06
Broughton,Illinois,IL,False,17,Snow,-0.98,69,3.09
Browns,Illinois,IL,False,17,Clouds,-2.14,65,1.45
Burnt Prairie,Illinois,IL,False,17,Snow,-2.12,61,2.06
Carmi,Illinois,IL,False,17,Clouds,-1.55,43,1.67
Christopher,Illinois,IL,False,17,Snow,-1.18,69,2.94
Cisne,Illinois,IL,False,17,Snow,-2.18,62,2.06
Clay City,Kentucky,KY,False,21,Clouds,-4.73,67,0.98
Coello,Illinois,IL,False,17,Snow,-1.28,69,2.89
Crossville,Alabama,AL,False,1,Clouds,1.06,53,1.83
Dahlgren,Virginia,VA,False,51,Clear,-3.35,59,3.58
Du Quoin,Illinois,IL,False,17,Snow,-1.29,69,3.28
Ellery,Illinois,IL,False,17,Clouds,-2.11,65,1.57
Enfield,New Hampshire,NH,False,33,Clouds,-8.64,76,2.06
Farina,Illinois,IL,False,17,Snow,-1.41,42,1.29
Freeman Spur,Illinois,IL,False,17,Snow,-0.98,65,3.09
Geff,Illinois,IL,False,17,Snow,-2.15,62,2.06
Golden Gate,Illinois,IL,False,17,Snow,-2.11,63,2.06
Grayville,Illinois,IL,False,17,Clouds,-1.61,66,1.55
Ina,Illinois,IL,False,17,Snow,-1.72,70,2.06
Irvington,New Jersey,NJ,False,34,Clouds,-2.68,48,6.69
Johnsonville,New York,NY,False,36,Clouds,-4.21,73,4.36
Keenes,Illinois,IL,False,17,Snow,-2.09,68,2.06
Keensburg,Illinois,IL,False,17,Clouds,-1.96,65,1.4
Kell,Illinois,IL,False,17,Snow,-1.75,62,2.06
Kinmundy,Illinois,IL,False,17,Snow,-1.1,55,2.06
Macedonia,Ohio,OH,False,39,Clouds,-8.8,84,2.24
Maunie,Illinois,IL,False,17,Clouds,-1.54,60,1.61
Mill Shoals,Illinois,IL,False,17,Snow,-2.11,61,2.06
Mulkeytown,Illinois,IL,False,17,Snow,-1.2,69,3.01
Nason,Illinois,IL,False,17,Snow,-1.59,70,2.06
Norris City,Illinois,IL,False,17,Clouds,-1.08,45,1.68
Odin,Minnesota,MN,False,27,Clouds,-13.62,34,4.49
Opdyke,Illinois,IL,False,17,Snow,-2.11,69,2.06
Patoka,Indiana,IN,False,18,Clouds,-2.13,44,1.35
Radom,Illinois,IL,False,17,Snow,-1.93,69,1.79
Richview,Illinois,IL,False,17,Snow,-1.93,64,2.06
Rinard,Illinois,IL,False,17,Snow,-2.08,58,2.06
Sailor Springs,Illinois,IL,False,17,Clouds,-2.12,56,2.06
Saint Peter,Minnesota,MN,False,27,Clear,-13.56,54,5.14
Sandoval,Illinois,IL,False,17,Clouds,-1.49,60,2.06
Scheller,Illinois,IL,False,17,Snow,-1.73,70,0.45
Sesser,Illinois,IL,False,17,Snow,-1.58,71,3.14
Shobonier,Illinois,IL,False,17,Snow,-1.52,63,1.66
Springerton,Illinois,IL,False,17,Snow,-1.94,48,1.89
Tamaroa,Illinois,IL,False,17,Snow,-1.67,70,3.36
Thompsonville,New York,NY,False,36,Clouds,-5.9,71,2.24
Valier,Pennsylvania,PA,False,42,Snow,-8.64,72,5.85
Walnut Hill,Illinois,IL,False,17,Clouds,-1.47,61,2.06
Waltonville,Illinois,IL,False,17,Snow,-1.58,70,0.45
Wayne City,Illinois,IL,False,17,Clouds,-2.12,64,2.06
West Frankfort,Illinois,IL,False,17,Snow,-1.01,55,3.09
Whittington,Illinois,IL,False,17,Snow,-1.56,71,3.02
Woodlawn,Virginia,VA,False,51,Clear,-2.55,44,0.45
Xenia,Ohio,OH,False,39,Clear,-9.12,74,2.57
Alto Pass,Illinois,IL,False,17,Clouds,-1.77,72,3.69
Belknap,Illinois,IL,False,17,Clouds,1.06,63,3.51
Brookport,Illinois,IL,False,17,Clouds,0.88,59,3.6
Buncombe,Illinois,IL,False,17,Clouds,-1.59,72,3.56
Campbell Hill,Illinois,IL,False,17,Snow,-1.96,85,3.75
Carrier Mills,Illinois,IL,False,17,Snow,-0.96,69,3.09
Cave In Rock,Illinois,IL,False,17,Snow,-1.42,64,2.95
Cobden,Illinois,IL,False,17,Clouds,-1.49,71,3.63
Colp,Illinois,IL,False,17,Snow,-1.0,66,3.09
Creal Springs,Illinois,IL,False,17,Clouds,-1.16,80,3.28
Dongola,Illinois,IL,False,17,Clouds,-0.14,64,3.57
Dowell,Maryland,MD,False,24,Clear,-3.2,50,11.83
Elizabethtown,New York,NY,False,36,Snow,-8.38,69,1.96
Elkville,Illinois,IL,False,17,Snow,-1.07,67,3.09
Equality,Alabama,AL,False,1,Clouds,2.47,41,2.27
Galatia,Illinois,IL,False,17,Snow,-1.07,69,2.57
Goreville,Illinois,IL,False,17,Clouds,-1.53,76,3.57
Grand Chain,Illinois,IL,False,17,Clouds,0.92,61,3.46
Grand Tower,Illinois,IL,False,17,Clouds,-0.92,74,4.14
Grantsburg,Indiana,IN,False,18,Clouds,-4.42,48,0.64
Herod,Illinois,IL,False,17,Clouds,-1.06,77,2.93
Herrin,Illinois,IL,False,17,Snow,-1.03,65,3.09
Jacob,Illinois,IL,False,17,Snow,-0.92,80,4.23
Johnston City,Illinois,IL,False,17,Snow,-1.05,64,3.09
Joppa,Maryland,MD,False,24,Clear,-4.44,57,5.14
Karbers Ridge,Illinois,IL,False,17,Snow,-2.48,73,2.83
Karnak,Illinois,IL,False,17,Clouds,1.06,62,3.51
Makanda,Illinois,IL,False,17,Snow,-1.46,66,3.09
Metropolis,Illinois,IL,False,17,Clouds,0.94,56,3.6
Millcreek,Illinois,IL,False,17,Clouds,-6.84,74,4.12
Miller City,Ohio,OH,False,39,Clear,-10.93,92,4.63
Muddy,Illinois,IL,False,17,Snow,-0.95,69,2.57
Murphysboro,Illinois,IL,False,17,Snow,-1.0,65,3.09
New Burnside,Illinois,IL,False,17,Clouds,-1.16,80,3.15
Olive Branch,Mississippi,MS,False,28,Clouds,7.05,49,3.09
Olmsted,Illinois,IL,False,17,Clouds,0.93,64,3.09
Oraville,Illinois,IL,False,17,Snow,-0.99,64,3.09
Perks,Illinois,IL,False,17,Clouds,0.95,63,3.52
Pulaski,New York,NY,False,36,Snow,-5.9,72,9.25
Rosiclare,Illinois,IL,False,17,Clouds,-1.25,68,3.15
Royalton,Kentucky,KY,False,21,Clouds,-3.95,50,1.41
Shawneetown,Illinois,IL,False,17,Snow,-1.98,64,2.59
Stonefort,Illinois,IL,False,17,Clouds,-1.0,82,3.1
Tamms,Illinois,IL,False,17,Clouds,0.94,64,3.09
Thebes,Illinois,IL,False,17,Clouds,0.62,64,3.6
Ullin,Illinois,IL,False,17,Clouds,0.99,61,3.76
Vergennes,Vermont,VT,False,50,Clouds,-8.42,85,1.44
Wolf Lake,Minnesota,MN,False,27,Clouds,-22.55,84,3.64
Zeigler,Illinois,IL,False,17,Snow,-1.1,66,3.09
Chesterfield,Massachusetts,MA,False,25,Snow,-4.21,63,2.39
Ballwin,Missouri,MO,False,29,Snow,-2.97,80,4.12
Beaufort,North Carolina,NC,False,37,Clear,1.29,53,5.14
Berger,Missouri,MO,False,29,Snow,-3.23,91,3.54
Catawissa,Pennsylvania,PA,False,42,Clouds,-5.01,66,2.24
Dittmer,Missouri,MO,False,29,Clouds,-2.98,90,3.21
Festus,Missouri,MO,False,29,Clouds,-2.52,88,3.37
French Village,Missouri,MO,False,29,Clouds,-2.99,79,3.23
Gerald,Missouri,MO,False,29,Clouds,-4.6,89,4.96
Gray Summit,Missouri,MO,False,29,Snow,-3.06,91,2.68
Grubville,Missouri,MO,False,29,Clouds,-3.32,94,3.31
Hazelwood,North Carolina,NC,False,37,Clear,-2.59,61,0.45
Maryland Heights,Missouri,MO,False,29,Snow,-2.59,77,5.14
Bridgeton,New Jersey,NJ,False,34,Clouds,-3.17,46,5.66
Earth City,Missouri,MO,False,29,Snow,-2.58,77,5.14
Hematite,Missouri,MO,False,29,Clouds,-2.48,89,0.89
Herculaneum,Missouri,MO,False,29,Clouds,-2.56,86,3.43
High Ridge,Missouri,MO,False,29,Snow,-3.43,83,3.32
House Springs,Missouri,MO,False,29,Clouds,-2.61,88,3.2
Kimmswick,Missouri,MO,False,29,Snow,-2.38,82,0.45
Labadie,Missouri,MO,False,29,Snow,-3.03,89,0.0
Lonedell,Missouri,MO,False,29,Clouds,-2.72,94,3.36
Luebbering,Missouri,MO,False,29,Clouds,-3.05,99,3.37
Mapaville,Missouri,MO,False,29,Clouds,-2.93,88,0.89
Morse Mill,Missouri,MO,False,29,Clouds,-2.64,90,3.24
New Haven,Vermont,VT,False,50,Clouds,-9.06,83,1.54
Pevely,Missouri,MO,False,29,Clouds,-2.56,86,3.43
Richwoods,Missouri,MO,False,29,Clouds,-2.93,89,3.32
Robertsville,Ohio,OH,False,39,Clouds,-9.41,84,5.51
Saint Albans,Maine,ME,False,23,Clouds,-11.32,63,1.34
Saint Ann,Missouri,MO,False,29,Snow,-2.64,76,5.14
Saint Clair,Pennsylvania,PA,False,42,Clouds,-5.03,66,2.68
Sullivan,New Hampshire,NH,False,33,Clouds,-5.25,70,3.6
Valles Mines,Missouri,MO,False,29,Clouds,-3.01,89,3.21
Valley Park,Mississippi,MS,False,28,Clouds,10.42,70,4.77
Villa Ridge,Illinois,IL,False,17,Clouds,0.77,64,3.09
Annada,Missouri,MO,False,29,Snow,-2.86,93,3.27
Bowling Green,Virginia,VA,False,51,Clear,-7.57,69,1.42
Cottleville,Missouri,MO,False,29,Snow,-3.24,82,4.12
Curryville,Pennsylvania,PA,False,42,Clouds,-7.37,69,8.75
Defiance,Pennsylvania,PA,False,42,Clouds,-6.95,68,8.75
Dutzow,Missouri,MO,False,29,Snow,-3.2,89,0.0
Elsberry,Missouri,MO,False,29,Snow,-2.85,63,3.27
Eolia,Kentucky,KY,False,21,Clear,-5.51,72,0.99
Farber,Missouri,MO,False,29,Snow,-3.9,94,4.33
Foley,Alabama,AL,False,1,Clouds,12.23,57,3.6
Foristell,Missouri,MO,False,29,Snow,-3.71,82,1.79
Hawk Point,Missouri,MO,False,29,Snow,-3.62,84,3.57
High Hill,Missouri,MO,False,29,Snow,-3.95,93,4.26
Jonesburg,Missouri,MO,False,29,Snow,-3.94,84,3.76
Laddonia,Missouri,MO,False,29,Snow,-3.92,80,5.14
Louisiana,Missouri,MO,False,29,Snow,-5.6,92,3.59
Marthasville,Missouri,MO,False,29,Snow,-3.25,89,0.0
Montgomery City,Missouri,MO,False,29,Snow,-4.94,94,4.62
Moscow Mills,Missouri,MO,False,29,Snow,-3.27,78,3.47
New Florence,Pennsylvania,PA,False,42,Snow,-8.19,92,5.93
New Melle,Missouri,MO,False,29,Snow,-3.9,83,0.89
O Fallon,Illinois,IL,False,17,Snow,-2.73,71,0.89
Lake Saint Louis,Missouri,MO,False,29,Snow,-3.54,82,4.12
Old Monroe,Missouri,MO,False,29,Snow,-3.17,80,2.68
Portage Des Sioux,Missouri,MO,False,29,Snow,-2.02,69,5.14
Saint Peters,Pennsylvania,PA,False,42,Clouds,-4.72,57,2.68
Silex,Missouri,MO,False,29,Snow,-2.99,94,3.68
Treloar,Missouri,MO,False,29,Snow,-3.16,92,0.0
Truxton,New York,NY,False,36,Clouds,-5.72,74,8.14
Vandalia,Ohio,OH,False,39,Clouds,-9.68,77,3.09
Wentzville,Missouri,MO,False,29,Snow,-3.59,82,1.79
West Alton,Missouri,MO,False,29,Snow,-2.09,68,5.14
Whiteside,Tennessee,TN,False,47,Clouds,-1.03,63,1.19
Hannibal,New York,NY,False,36,Snow,-3.6,81,8.75
Anabel,Missouri,MO,False,29,Snow,-7.18,80,4.96
Arbela,Missouri,MO,False,29,Snow,-7.08,64,4.02
Ashburn,Virginia,VA,False,51,Clouds,-4.89,56,7.2
Emden,Illinois,IL,False,17,Clouds,-5.49,66,2.29
Frankford,Delaware,DE,False,10,Clear,-3.52,49,6.78
Hunnewell,Missouri,MO,False,29,Snow,-6.16,93,4.12
Kahoka,Missouri,MO,False,29,Snow,-7.33,74,1.34
La Belle,Pennsylvania,PA,False,42,Clouds,-7.56,62,2.24
Lentner,Missouri,MO,False,29,Snow,-5.94,77,4.61
Lewistown,Pennsylvania,PA,False,42,Clouds,-5.38,79,8.23
Monroe City,Indiana,IN,False,18,Clouds,-3.09,65,1.09
New London,New Hampshire,NH,False,33,Clouds,-7.61,74,0.45
Novelty,Ohio,OH,False,39,Snow,-8.52,85,9.26
Philadelphia,New York,NY,False,36,Snow,-3.56,86,4.63
Revere,Massachusetts,MA,False,25,Clouds,-1.59,58,6.69
Saint Patrick,Missouri,MO,False,29,Snow,-7.25,74,3.78
Saverton,Missouri,MO,False,29,Snow,-2.45,54,2.57
Shelbina,Missouri,MO,False,29,Snow,-6.2,75,4.37
Wayland,Massachusetts,MA,False,25,Clouds,-1.74,60,4.63
Williamstown,Massachusetts,MA,False,25,Snow,-4.36,66,7.72
Wyaconda,Missouri,MO,False,29,Snow,-7.41,64,4.03
Kirksville,Missouri,MO,False,29,Snow,-8.01,75,6.69
Bevier,Missouri,MO,False,29,Snow,-7.12,81,3.13
Callao,Virginia,VA,False,51,Clear,-2.52,58,5.87
Coatsville,Missouri,MO,False,29,Snow,-7.92,70,4.73
Downing,Wisconsin,WI,False,55,Clouds,-15.73,61,4.1
Edina,Missouri,MO,False,29,Snow,-7.1,87,4.71
Gibbs,Missouri,MO,False,29,Snow,-7.07,69,6.69
Gorin,Missouri,MO,False,29,Snow,-7.13,69,4.17
Green City,Missouri,MO,False,29,Snow,-8.17,91,5.62
Greentop,Missouri,MO,False,29,Snow,-7.61,70,5.1
Hurdland,Missouri,MO,False,29,Snow,-7.2,70,5.0
Macon,North Carolina,NC,False,37,Clear,-0.86,52,2.87
Novinger,Missouri,MO,False,29,Snow,-7.67,76,1.79
Queen City,Missouri,MO,False,29,Snow,-7.51,78,4.97
Rutledge,Georgia,GA,False,13,Clear,-0.83,65,2.28
Unionville,Connecticut,CT,False,9,Clouds,-2.25,58,2.57
Winigan,Missouri,MO,False,29,Snow,-8.05,93,5.52
Worthington,Massachusetts,MA,False,25,Clouds,-13.12,68,7.2
Park Hills,Missouri,MO,False,29,Clouds,-2.71,86,4.12
Belleview,Florida,FL,False,12,Clear,5.55,80,2.17
Black,Alabama,AL,False,1,Clouds,4.57,91,2.31
Bloomsdale,Missouri,MO,False,29,Clouds,-2.14,79,1.34
Bonne Terre,Missouri,MO,False,29,Snow,-2.77,85,3.46
Bunker,Missouri,MO,False,29,Clouds,-2.03,64,3.79
Cadet,Missouri,MO,False,29,Clouds,-3.14,87,3.22
Caledonia,New York,NY,False,36,Clouds,-5.37,77,8.05
Doe Run,Missouri,MO,False,29,Clouds,-3.07,86,4.12
Ellington,Connecticut,CT,False,9,Clouds,-2.13,59,0.45
Fredericktown,Pennsylvania,PA,False,42,Clouds,-7.18,63,2.24
Irondale,Ohio,OH,False,39,Clouds,-8.12,78,4.33
Ironton,Ohio,OH,False,39,Clear,-5.42,71,0.0
Knob Lick,Kentucky,KY,False,21,Clouds,-1.14,45,1.02
Leadwood,Missouri,MO,False,29,Clouds,-2.81,86,4.12
Lesterville,South Dakota,SD,False,46,Clouds,-10.82,53,4.22
Marquand,Missouri,MO,False,29,Clouds,-0.42,66,3.26
Mineral Point,Pennsylvania,PA,False,42,Mist,-9.39,86,4.63
Pilot Knob,Missouri,MO,False,29,Clouds,-3.08,69,3.55
Potosi,Wisconsin,WI,False,55,Clouds,-9.05,49,3.48
Sainte Genevieve,Missouri,MO,False,29,Clouds,-1.95,79,3.09
Saint Mary,Kentucky,KY,False,21,Clouds,-2.75,59,0.0
Tiff,Missouri,MO,False,29,Clouds,-2.92,89,3.2
Vulcan,Michigan,MI,False,26,Clouds,0.79,66,3.13
Cape Girardeau,Missouri,MO,False,29,Clouds,0.76,64,3.6
Advance,North Carolina,NC,False,37,Clear,-2.37,57,0.45
Altenburg,Missouri,MO,False,29,Clouds,-0.16,75,4.35
Brazeau,Missouri,MO,False,29,Clouds,-1.33,76,4.48
Burfordville,Missouri,MO,False,29,Clouds,0.14,65,4.11
Chaffee,New York,NY,False,36,Snow,-7.18,89,8.75
Dutchtown,Missouri,MO,False,29,Clouds,0.79,63,3.6
Farrar,Missouri,MO,False,29,Clouds,-1.27,77,4.49
Friedheim,Missouri,MO,False,29,Clouds,-0.12,72,4.28
Frohna,Missouri,MO,False,29,Clouds,-0.18,75,4.42
Gipsy,Pennsylvania,PA,False,42,Snow,-8.78,74,5.36
Glenallen,Missouri,MO,False,29,Clouds,0.14,64,3.53
Leopold,Indiana,IN,False,18,Clouds,-2.28,64,0.55
Marble Hill,Georgia,GA,False,13,Clear,1.34,45,2.06
Millersville,Pennsylvania,PA,False,42,Clouds,-4.64,59,6.17
Morley,Michigan,MI,False,26,Clear,-7.97,64,5.41
Old Appleton,Missouri,MO,False,29,Clouds,0.11,72,4.48
Oran,Iowa,IA,False,19,Clouds,-10.14,62,1.79
Sedgewickville,Missouri,MO,False,29,Clouds,-0.27,71,3.92
Sturdivant,Missouri,MO,False,29,Clouds,1.36,58,3.73
Vanduser,Missouri,MO,False,29,Clouds,0.99,64,4.63
Zalma,Missouri,MO,False,29,Clouds,1.06,60,3.48
Sikeston,Missouri,MO,False,29,Clouds,0.96,64,4.63
Anniston,Alabama,AL,False,1,Clouds,-0.28,74,1.54
Arbyrd,Missouri,MO,False,29,Clouds,2.84,63,4.29
Bernie,Missouri,MO,False,29,Clouds,1.98,80,3.09
Braggadocio,Missouri,MO,False,29,Clouds,3.73,66,3.6
Bragg City,Missouri,MO,False,29,Clouds,2.95,76,3.6
Canalou,Missouri,MO,False,29,Clouds,1.05,64,4.63
Cardwell,Montana,MT,False,30,Clouds,-5.72,85,2.61
Caruthersville,Missouri,MO,False,29,Clouds,4.41,59,0.45
Catron,Missouri,MO,False,29,Clouds,2.03,58,4.05
Clarkton,North Carolina,NC,False,37,Clear,-1.92,64,1.54
Cooter,Missouri,MO,False,29,Clouds,3.98,60,3.6
East Prairie,Missouri,MO,False,29,Clouds,1.0,58,3.72
Gideon,Missouri,MO,False,29,Clouds,2.19,79,4.47
Gobler,Missouri,MO,False,29,Clouds,2.9,76,3.6
Grayridge,Missouri,MO,False,29,Clouds,1.03,57,3.97
Hayti,South Dakota,SD,False,46,Clouds,-16.81,77,3.45
Hornersville,Missouri,MO,False,29,Clouds,2.87,77,4.21
Kennett,Missouri,MO,False,29,Clouds,2.88,76,4.47
Kewanee,Illinois,IL,False,17,Clouds,-7.88,47,3.28
Lilbourn,Missouri,MO,False,29,Clouds,2.05,59,3.81
Marston,North Carolina,NC,False,37,Haze,-3.8,69,0.0
Matthews,North Carolina,NC,False,37,Clear,-1.96,62,0.0
Morehouse,Missouri,MO,False,29,Clouds,1.03,64,4.63
New Madrid,Missouri,MO,False,29,Clouds,2.01,58,3.7
Portageville,New York,NY,False,36,Clouds,-4.92,88,8.07
Risco,Missouri,MO,False,29,Clouds,2.04,80,3.09
Rives,Tennessee,TN,False,47,Clouds,3.09,55,1.54
Senath,Missouri,MO,False,29,Clouds,2.79,77,3.6
Steele,Alabama,AL,False,1,Clouds,-1.08,86,0.0
Tallapoosa,Georgia,GA,False,13,Clear,-2.43,77,0.0
Wardell,Missouri,MO,False,29,Clouds,2.26,79,3.96
Wolf Island,Missouri,MO,False,29,Clouds,2.22,63,1.34
Wyatt,West Virginia,WV,False,54,Clear,-11.49,83,1.54
Poplar Bluff,Missouri,MO,False,29,Clouds,1.78,72,4.63
Briar,Missouri,MO,False,29,Clouds,0.76,62,3.73
Broseley,Missouri,MO,False,29,Clouds,1.14,70,4.63
Clubb,Missouri,MO,False,29,Clouds,0.49,61,3.24
Dudley,Massachusetts,MA,False,25,Clouds,-2.74,61,2.24
Ellsinore,Missouri,MO,False,29,Clouds,0.58,67,0.89
Fagus,Missouri,MO,False,29,Clouds,1.98,58,4.31
Fairdealing,Missouri,MO,False,29,Clouds,1.59,59,4.28
Fisk,Missouri,MO,False,29,Clouds,1.16,70,4.63
Gatewood,Missouri,MO,False,29,Clouds,0.88,62,3.93
Grandin,Florida,FL,False,12,Clear,2.19,87,2.06
Harviell,Missouri,MO,False,29,Clouds,1.86,72,4.63
Lowndes,Missouri,MO,False,29,Clouds,0.65,61,3.25
Mill Spring,North Carolina,NC,False,37,Clear,0.3,36,2.18
Naylor,Georgia,GA,False,13,Clear,3.37,53,0.94
Neelyville,Missouri,MO,False,29,Clouds,2.74,58,4.43
Oxly,Missouri,MO,False,29,Clouds,2.62,59,4.29
Puxico,Missouri,MO,False,29,Clouds,0.9,59,3.79
Qulin,Missouri,MO,False,29,Clouds,1.26,58,4.4
Rombauer,Missouri,MO,False,29,Clouds,0.99,69,4.63
Shook,Missouri,MO,False,29,Clouds,0.85,60,3.28
Silva,Missouri,MO,False,29,Clouds,1.1,61,3.21
Wappapello,Missouri,MO,False,29,Clouds,0.94,69,4.63
Williamsville,Vermont,VT,False,50,Clouds,-4.37,72,0.89
Bates City,Missouri,MO,False,29,Snow,-3.45,93,6.72
Camden Point,Missouri,MO,False,29,Mist,-5.17,86,7.2
Centerview,Missouri,MO,False,29,Snow,-2.14,93,4.63
Corder,Missouri,MO,False,29,Snow,-5.42,91,6.51
Excelsior Springs,Missouri,MO,False,29,Snow,-5.12,94,4.12
Farley,Iowa,IA,False,19,Clouds,-9.51,29,3.59
Grain Valley,Missouri,MO,False,29,Snow,-3.44,92,6.69
Higginsville,Missouri,MO,False,29,Snow,-5.32,93,6.59
Levasy,Missouri,MO,False,29,Snow,-4.59,91,6.85
Lone Jack,Missouri,MO,False,29,Snow,-3.51,91,6.69
Mayview,Missouri,MO,False,29,Snow,-4.51,93,6.67
Mosby,Montana,MT,False,30,Clouds,-12.09,93,3.41
Napoleon,Ohio,OH,False,39,Clouds,-9.81,74,4.13
Orrick,Missouri,MO,False,29,Snow,-4.75,91,7.0
Peculiar,Missouri,MO,False,29,Snow,-2.74,94,4.63
Platte City,Missouri,MO,False,29,Mist,-5.02,91,7.2
Raymore,Missouri,MO,False,29,Rain,-3.49,92,6.69
Warrensburg,New York,NY,False,36,Clouds,-4.42,71,4.97
Agency,Iowa,IA,False,19,Clouds,-8.62,72,3.6
Allendale,New Jersey,NJ,False,34,Clear,-2.8,52,3.13
Amazonia,Missouri,MO,False,29,Snow,-6.05,87,6.69
Blythedale,Missouri,MO,False,29,Snow,-8.24,41,5.66
Bolckow,Missouri,MO,False,29,Snow,-7.6,92,7.18
Burlington Junction,Missouri,MO,False,29,Snow,-6.69,79,8.75
Clarksdale,Mississippi,MS,False,28,Clouds,7.99,64,3.6
Conception,Missouri,MO,False,29,Snow,-8.35,93,6.99
Conception Junction,Missouri,MO,False,29,Snow,-8.21,93,6.99
Cosby,Tennessee,TN,False,47,Clouds,-4.3,81,1.41
Darlington,Pennsylvania,PA,False,42,Clouds,-7.51,75,5.53
Dearborn,Michigan,MI,False,26,Clouds,-6.3,67,7.2
Faucett,Missouri,MO,False,29,Snow,-6.24,88,7.32
Forest City,Pennsylvania,PA,False,42,Clouds,-6.47,67,3.58
Gower,Missouri,MO,False,29,Snow,-5.92,92,7.47
Grant City,Missouri,MO,False,29,Snow,-8.32,63,6.42
Guilford,Maine,ME,False,23,Clouds,-11.13,66,3.77
Hopkins,South Carolina,SC,False,45,Clear,-1.11,68,0.0
Maitland,Florida,FL,False,12,Clear,7.27,85,1.5
Maryville,Tennessee,TN,False,47,Clouds,-2.28,66,0.89
New Hampton,New Hampshire,NH,False,33,Clouds,-7.74,75,2.57
Oregon,Ohio,OH,False,39,Clear,-8.84,76,5.14
Osborn,Missouri,MO,False,29,Snow,-6.99,93,7.2
Parnell,Iowa,IA,False,19,Clouds,-8.01,72,2.51
Pickering,Missouri,MO,False,29,Snow,-6.82,79,8.75
Plattsburg,Missouri,MO,False,29,Snow,-6.02,96,7.52
Ravenwood,Missouri,MO,False,29,Snow,-8.25,93,6.88
Rea,Missouri,MO,False,29,Snow,-7.7,90,5.36
Ridgeway,Virginia,VA,False,51,Clear,-3.58,46,2.06
Rock Port,Missouri,MO,False,29,Snow,-8.13,93,6.47
Rosendale,New York,NY,False,36,Clouds,-2.24,58,0.45
Savannah,New York,NY,False,36,Snow,-4.4,70,8.58
Stanberry,Missouri,MO,False,29,Snow,-7.52,93,6.79
Stewartsville,New Jersey,NJ,False,34,Clear,-3.54,58,4.47
Tarkio,Missouri,MO,False,29,Snow,-8.0,93,6.64
Trimble,Tennessee,TN,False,47,Clouds,3.03,59,3.66
Turney,Missouri,MO,False,29,Snow,-7.03,93,7.2
Union Star,Kentucky,KY,False,21,Clouds,-2.3,64,0.6
Weatherby,Missouri,MO,False,29,Snow,-6.72,93,6.6
Westboro,Wisconsin,WI,False,55,Clear,-17.76,59,0.45
Worth,Illinois,IL,False,17,Clouds,-8.85,70,2.68
Bogard,Missouri,MO,False,29,Snow,-5.42,94,6.4
Bosworth,Missouri,MO,False,29,Snow,-5.71,94,6.23
Braymer,Missouri,MO,False,29,Snow,-5.74,93,6.36
Brookfield,Massachusetts,MA,False,25,Clouds,-7.72,57,3.6
Browning,Montana,MT,False,30,Clouds,-16.62,99,0.74
Cainsville,Missouri,MO,False,29,Snow,-7.72,93,5.59
Chula,Georgia,GA,False,13,Clear,0.94,93,0.0
Coffey,Missouri,MO,False,29,Snow,-7.86,79,6.23
Cowgill,Missouri,MO,False,29,Snow,-5.91,93,6.42
Gilman City,Missouri,MO,False,29,Snow,-7.96,79,5.97
Hale,Michigan,MI,False,26,Snow,-6.0,93,6.15
Harris,New York,NY,False,36,Clouds,-5.87,71,1.79
Humphreys,Missouri,MO,False,29,Snow,-7.45,92,5.44
Jameson,Missouri,MO,False,29,Snow,-7.61,93,6.25
Jamesport,New York,NY,False,36,Clouds,-1.42,58,8.75
Kidder,Missouri,MO,False,29,Snow,-6.97,93,7.2
Linneus,Missouri,MO,False,29,Snow,-6.5,93,5.92
Lock Springs,Missouri,MO,False,29,Snow,-5.94,86,4.12
Marceline,Missouri,MO,False,29,Snow,-6.36,93,6.07
Meadville,Pennsylvania,PA,False,42,Clouds,-8.0,87,5.14
Mercer,Pennsylvania,PA,False,42,Snow,-8.34,82,5.86
Mooresville,North Carolina,NC,False,37,Clear,-2.34,60,0.73
Newtown,Connecticut,CT,False,9,Clouds,-3.55,57,4.63
Norborne,Missouri,MO,False,29,Snow,-5.06,91,6.54
Pattonsburg,Missouri,MO,False,29,Snow,-7.77,93,6.3
Polo,Illinois,IL,False,17,Clouds,-8.41,46,2.54
Powersville,Missouri,MO,False,29,Snow,-8.17,65,5.49
Purdin,Missouri,MO,False,29,Snow,-6.68,93,5.83
Rothville,Missouri,MO,False,29,Snow,-5.59,93,6.07
Spickard,Missouri,MO,False,29,Snow,-7.25,83,5.66
Stet,Missouri,MO,False,29,Snow,-5.25,93,6.53
Tina,Missouri,MO,False,29,Snow,-5.83,94,6.25
Wheeling,West Virginia,WV,False,54,Clouds,-8.3,74,2.24
Harrisonville,New Jersey,NJ,False,34,Clear,-3.22,56,2.24
Amoret,Missouri,MO,False,29,Snow,-1.53,92,7.73
Amsterdam,New York,NY,False,36,Snow,-4.86,84,7.2
Appleton City,Missouri,MO,False,29,Snow,-1.74,83,7.12
Archie,Missouri,MO,False,29,Snow,-1.05,93,4.12
Blairstown,New Jersey,NJ,False,34,Clear,-4.01,58,2.57
Bronaugh,Missouri,MO,False,29,Snow,0.1,93,7.63
Chilhowee,Missouri,MO,False,29,Snow,-2.24,91,6.42
Collins,New York,NY,False,36,Clouds,-5.97,76,8.75
Deepwater,New Jersey,NJ,False,34,Clouds,-3.07,52,4.02
Drexel,North Carolina,NC,False,37,Clear,-2.26,49,2.06
East Lynne,Missouri,MO,False,29,Snow,-1.05,93,4.12
El Dorado Springs,Missouri,MO,False,29,Snow,0.69,81,7.56
Freeman,Virginia,VA,False,51,Clear,-3.11,47,0.0
Golden City,Missouri,MO,False,29,Snow,1.18,88,6.21
Jerico Springs,Missouri,MO,False,29,Snow,0.41,82,6.75
Leeton,Missouri,MO,False,29,Snow,-3.19,91,6.56
Lowry City,Missouri,MO,False,29,Snow,-1.63,96,5.98
Metz,West Virginia,WV,False,54,Clouds,-11.35,85,3.61
Milo,Maine,ME,False,23,Clouds,-10.39,58,3.35
Mindenmines,Missouri,MO,False,29,Mist,0.65,91,3.6
Moundville,Alabama,AL,False,1,Clouds,7.0,56,2.5
Rich Hill,Missouri,MO,False,29,Snow,-1.59,92,7.24
Schell City,Missouri,MO,False,29,Snow,0.02,82,7.46
Sheldon,Vermont,VT,False,50,Clouds,-10.58,85,1.03
Urich,Missouri,MO,False,29,Snow,-0.91,89,6.67
Joplin,Montana,MT,False,30,Clouds,-13.4,100,1.83
Asbury,New Jersey,NJ,False,34,Clear,-3.69,57,3.58
Avilla,Indiana,IN,False,18,Clear,-11.23,83,2.24
Carl Junction,Missouri,MO,False,29,Clouds,4.12,77,4.12
Carterville,Illinois,IL,False,17,Snow,-1.13,66,3.09
Duenweg,Missouri,MO,False,29,Clouds,4.06,74,4.12
Goodman,Mississippi,MS,False,28,Clouds,9.62,57,4.89
Lanagan,Missouri,MO,False,29,Clouds,7.94,73,2.68
La Russell,Missouri,MO,False,29,Clouds,2.53,79,6.61
Neck City,Missouri,MO,False,29,Clouds,3.82,78,4.12
Neosho,Wisconsin,WI,False,55,Clear,-11.79,55,3.09
Newtonia,Missouri,MO,False,29,Clouds,3.28,78,5.66
Noel,Missouri,MO,False,29,Rain,7.94,73,2.68
Oronogo,Missouri,MO,False,29,Clouds,3.98,77,4.12
Racine,West Virginia,WV,False,54,Clear,-6.91,84,1.82
Reeds,Missouri,MO,False,29,Clouds,2.64,82,6.44
Rocky Comfort,Missouri,MO,False,29,Clouds,3.15,75,8.05
Sarcoxie,Missouri,MO,False,29,Clouds,2.54,79,6.61
Saginaw,Alabama,AL,False,1,Clouds,3.73,65,1.54
Stark City,Missouri,MO,False,29,Clouds,3.49,79,5.66
Tiff City,Missouri,MO,False,29,Clouds,8.06,69,4.12
Webb City,Missouri,MO,False,29,Clouds,3.79,77,4.12
Wentworth,New Hampshire,NH,False,33,Clouds,-8.62,74,4.12
Wheaton,Minnesota,MN,False,27,Clear,-18.99,71,4.63
Barnett,Missouri,MO,False,29,Snow,-2.52,88,5.54
Belle,West Virginia,WV,False,54,Clear,-6.55,72,1.54
Bland,Virginia,VA,False,51,Clear,-5.98,52,4.27
Bonnots Mill,Missouri,MO,False,29,Snow,-2.88,86,4.63
Brumley,Missouri,MO,False,29,Snow,-0.99,64,4.12
California,Pennsylvania,PA,False,42,Clouds,-7.02,66,0.89
Camdenton,Missouri,MO,False,29,Snow,-1.33,76,1.34
Centertown,Kentucky,KY,False,21,Clouds,-1.07,71,1.25
Chamois,Missouri,MO,False,29,Snow,-2.61,68,3.66
Eldon,Iowa,IA,False,19,Clouds,-8.37,55,3.79
Freeburg,Pennsylvania,PA,False,42,Clouds,-4.74,58,3.09
Gasconade,Missouri,MO,False,29,Snow,-3.26,90,3.68
Gravois Mills,Missouri,MO,False,29,Snow,-1.46,91,4.55
Laurie,Missouri,MO,False,29,Snow,-1.44,92,2.24
Hartsburg,Illinois,IL,False,17,Clouds,-5.01,63,1.54
Henley,Missouri,MO,False,29,Snow,-1.49,86,5.35
Hermann,Missouri,MO,False,29,Snow,-3.24,91,3.84
High Point,North Carolina,NC,False,37,Clouds,-3.56,64,3.6
Holts Summit,Missouri,MO,False,29,Rain,-2.62,78,4.63
Kaiser,Missouri,MO,False,29,Snow,-1.37,59,4.12
Koeltztown,Missouri,MO,False,29,Snow,-4.09,86,6.38
Lake Ozark,Missouri,MO,False,29,Snow,-1.19,60,4.12
Linn Creek,Missouri,MO,False,29,Snow,-0.68,73,4.12
Lohman,Missouri,MO,False,29,Rain,-2.22,80,4.63
Loose Creek,Missouri,MO,False,29,Snow,-3.63,87,4.63
Meta,Missouri,MO,False,29,Snow,-1.54,84,6.08
Mokane,Missouri,MO,False,29,Snow,-2.55,68,4.29
Mount Sterling,Kentucky,KY,False,21,Clouds,-6.1,75,0.0
New Bloomfield,Pennsylvania,PA,False,42,Clouds,-4.69,59,5.81
Olean,New York,NY,False,36,Snow,-7.81,86,2.57
Osage Beach,Missouri,MO,False,29,Snow,-1.06,69,4.12
Owensville,Ohio,OH,False,39,Clear,-6.53,66,0.0
Prairie Home,Missouri,MO,False,29,Snow,-2.35,93,4.12
Rhineland,Missouri,MO,False,29,Snow,-3.97,91,3.88
Rocky Mount,Virginia,VA,False,51,Clear,-2.04,43,1.85
Saint Elizabeth,Missouri,MO,False,29,Snow,-1.1,82,5.54
Saint Thomas,Pennsylvania,PA,False,42,Clouds,24.86,83,7.2
Steedman,Missouri,MO,False,29,Snow,-2.51,68,3.92
Stover,Missouri,MO,False,29,Snow,-2.29,91,1.34
Sunrise Beach,Missouri,MO,False,29,Snow,-1.19,74,2.24
Tebbetts,Missouri,MO,False,29,Snow,-2.54,78,4.63
Tuscumbia,Alabama,AL,False,1,Clouds,5.52,52,3.13
Ulman,Missouri,MO,False,29,Snow,-1.4,60,4.12
Versailles,Connecticut,CT,False,9,Clouds,-2.23,56,3.6
Auxvasse,Missouri,MO,False,29,Snow,-4.45,94,4.92
Bunceton,Missouri,MO,False,29,Snow,-2.67,94,4.92
Clifton Hill,Missouri,MO,False,29,Snow,-3.75,93,5.78
Excello,Missouri,MO,False,29,Snow,-6.32,80,6.69
Glasgow,Pennsylvania,PA,False,42,Snow,-7.75,76,4.91
Higbee,Missouri,MO,False,29,Snow,-4.01,74,6.69
Keytesville,Missouri,MO,False,29,Snow,-5.54,90,1.79
Kingdom City,Missouri,MO,False,29,Snow,-4.46,92,4.92
Martinsburg,New York,NY,False,36,Snow,-7.16,94,4.15
Mexico,Maine,ME,False,23,Clouds,-11.22,68,2.82
Moberly,Missouri,MO,False,29,Snow,-4.01,74,6.69
New Franklin,Missouri,MO,False,29,Snow,-2.84,92,4.12
Pilot Grove,Iowa,IA,False,19,Clouds,-7.3,53,3.5
Rocheport,Missouri,MO,False,29,Snow,-1.81,93,4.12
Rush Hill,Missouri,MO,False,29,Snow,-4.56,86,3.6
Salisbury,Massachusetts,MA,False,25,Clear,-4.41,63,0.45
Stoutsville,Ohio,OH,False,39,Clouds,-9.47,81,2.28
Sturgeon,Pennsylvania,PA,False,42,Clouds,-7.87,73,1.79
Triplett,Missouri,MO,False,29,Snow,-5.47,94,6.14
Wooldridge,Missouri,MO,False,29,Snow,-2.04,93,4.12
Arrow Rock,Missouri,MO,False,29,Snow,-3.62,92,6.05
Blackburn,Missouri,MO,False,29,Snow,-5.29,92,6.42
Blackwater,Virginia,VA,False,51,Clear,-1.37,44,1.79
Climax Springs,Missouri,MO,False,29,Snow,-1.58,93,4.56
Cole Camp,Missouri,MO,False,29,Snow,-2.85,95,5.36
Emma,Illinois,IL,False,17,Snow,-1.61,60,1.94
Green Ridge,Missouri,MO,False,29,Rain,-3.07,93,1.54
Houstonia,Missouri,MO,False,29,Snow,-3.11,93,6.29
Hughesville,Pennsylvania,PA,False,42,Clouds,-5.06,63,5.14
Ionia,New York,NY,False,36,Snow,-4.55,72,4.47
Knob Noster,Missouri,MO,False,29,Mist,-2.92,93,1.54
La Monte,Missouri,MO,False,29,Mist,-3.06,93,1.54
Malta Bend,Missouri,MO,False,29,Snow,-5.07,92,4.12
Otterville,Missouri,MO,False,29,Mist,-2.75,93,4.63
Smithton,Pennsylvania,PA,False,42,Clouds,-6.99,68,1.34
Sweet Springs,Missouri,MO,False,29,Snow,-3.87,93,6.33
Warsaw,New York,NY,False,36,Snow,-6.48,73,9.25
Birch Tree,Missouri,MO,False,29,Clouds,0.49,64,3.53
Boss,Missouri,MO,False,29,Clouds,-1.53,64,3.62
Bourbon,Indiana,IN,False,18,Clear,-10.54,84,2.57
Brinktown,Missouri,MO,False,29,Snow,-1.44,82,5.49
Cherryville,Pennsylvania,PA,False,42,Clouds,-4.51,58,6.69
Cook Sta,Missouri,MO,False,29,Clouds,-1.27,81,3.8
Crocker,Missouri,MO,False,29,Clouds,-1.64,80,5.33
Davisville,West Virginia,WV,False,54,Clear,-10.03,87,0.0
Devils Elbow,Missouri,MO,False,29,Snow,-0.93,79,0.89
Edgar Springs,Missouri,MO,False,29,Clouds,-0.69,65,5.32
Eminence,Kentucky,KY,False,21,Clouds,-4.48,75,0.45
Falcon,North Carolina,NC,False,37,Clear,-3.4,68,2.33
Hartshorn,Missouri,MO,False,29,Clouds,-0.85,66,4.55
Huggins,Missouri,MO,False,29,Clouds,-0.41,66,6.42
Iberia,Ohio,OH,False,39,Clear,-11.82,82,3.09
Jadwin,Missouri,MO,False,29,Clouds,-0.87,69,2.24
Lake Spring,Missouri,MO,False,29,Clouds,-1.45,81,5.74
Laquey,Missouri,MO,False,29,Snow,0.44,69,5.66
Leasburg,North Carolina,NC,False,37,Clear,-3.16,50,0.0
Lenox,Massachusetts,MA,False,25,Snow,-4.91,67,5.14
Licking,Missouri,MO,False,29,Clouds,-0.78,69,4.77
Lynchburg,Virginia,VA,False,51,Clear,-3.32,46,0.0
Montier,Missouri,MO,False,29,Clouds,0.32,70,3.91
Newburg,Pennsylvania,PA,False,42,Clouds,-8.5,89,6.34
Plato,Minnesota,MN,False,27,Clear,-14.16,58,0.0
Solo,Missouri,MO,False,29,Clouds,0.08,74,5.36
Steelville,Missouri,MO,False,29,Clouds,-2.39,90,3.41
Viburnum,Missouri,MO,False,29,Clouds,-1.21,66,3.48
Stoutland,Missouri,MO,False,29,Snow,-0.16,83,5.05
Summersville,West Virginia,WV,False,54,Clear,-9.02,72,1.99
Vichy,Missouri,MO,False,29,Snow,-2.79,91,6.17
Vienna,Maine,ME,False,23,Clouds,-11.05,69,3.11
Waynesville,North Carolina,NC,False,37,Clouds,-5.5,56,2.24
Saint Robert,Missouri,MO,False,29,Snow,-0.4,74,5.66
Wesco,Missouri,MO,False,29,Clouds,-1.93,67,3.64
Long Lane,Missouri,MO,False,29,Snow,-0.19,81,5.2
Montreal,Wisconsin,WI,False,55,Clear,-18.69,65,3.6
Aldrich,Minnesota,MN,False,27,Clear,-19.1,55,3.09
Arcola,Pennsylvania,PA,False,42,Clouds,-3.48,55,5.14
Ash Grove,Missouri,MO,False,29,Snow,1.35,73,9.77
Caplinger Mills,Missouri,MO,False,29,Snow,0.83,94,6.85
Ava,New York,NY,False,36,Snow,-7.75,93,4.41
Blue Eye,Missouri,MO,False,29,Clouds,1.83,74,5.66
Bois D Arc,Missouri,MO,False,29,Snow,1.11,74,9.77
Bolivar,New York,NY,False,36,Clouds,-8.09,79,6.17
Bradleyville,Missouri,MO,False,29,Snow,1.59,72,5.54
Brixey,Missouri,MO,False,29,Clouds,0.5,73,4.98
Brookline,Massachusetts,MA,False,25,Clouds,-1.58,58,6.69
Bruner,Missouri,MO,False,29,Snow,0.14,78,2.68
Butterfield,Minnesota,MN,False,27,Clouds,-13.58,35,4.19
Cape Fair,Missouri,MO,False,29,Clouds,2.04,73,8.75
Cassville,New York,NY,False,36,Clouds,-6.87,82,9.87
Caulfield,Missouri,MO,False,29,Snow,0.54,71,6.72
Cedarcreek,Missouri,MO,False,29,Clouds,1.42,76,5.66
Chadwick,Illinois,IL,False,17,Clouds,-8.0,53,2.45
Chestnutridge,Missouri,MO,False,29,Snow,0.81,78,1.34
Clever,Missouri,MO,False,29,Snow,0.84,77,2.24
Cross Timbers,Missouri,MO,False,29,Snow,-0.58,76,5.19
Dadeville,Alabama,AL,False,1,Clear,2.95,64,2.26
Diggins,Missouri,MO,False,29,Snow,-0.85,79,8.06
Drury,Massachusetts,MA,False,25,Snow,-6.69,56,7.72
Dunnegan,Missouri,MO,False,29,Snow,0.28,89,6.52
Eagle Rock,Virginia,VA,False,51,Clear,-3.08,47,2.67
Elkland,Pennsylvania,PA,False,42,Clouds,-6.88,80,4.47
Fair Grove,Missouri,MO,False,29,Snow,0.68,75,2.68
Fair Play,South Carolina,SC,False,45,Clouds,1.15,47,1.34
Flemington,New Jersey,NJ,False,34,Clear,-3.62,56,1.79
Fordland,Missouri,MO,False,29,Snow,-0.09,77,8.08
Forsyth,Georgia,GA,False,13,Clear,0.18,58,1.77
Freistatt,Missouri,MO,False,29,Snow,1.76,84,5.66
Graff,Missouri,MO,False,29,Clouds,-0.14,67,6.95
Grovespring,Missouri,MO,False,29,Snow,-0.28,79,7.39
Halltown,West Virginia,WV,False,54,Clear,-5.63,62,5.36
Hardenville,Missouri,MO,False,29,Clouds,0.8,69,4.94
Highlandville,Iowa,IA,False,19,Clear,-11.66,52,3.6
Humansville,Missouri,MO,False,29,Snow,0.29,78,6.24
Kissee Mills,Missouri,MO,False,29,Clouds,1.43,78,1.79
Lampe,Missouri,MO,False,29,Clouds,1.85,74,8.75
Kimberling City,Missouri,MO,False,29,Clouds,1.66,76,8.75
Brandsville,Missouri,MO,False,29,Snow,0.08,71,3.7
Cabool,Missouri,MO,False,29,Clouds,-0.02,74,2.24
Couch,Missouri,MO,False,29,Snow,0.83,65,4.44
Koshkonong,Missouri,MO,False,29,Snow,0.11,68,3.78
Marionville,Virginia,VA,False,51,Clear,-2.27,65,7.39
Marshfield,Massachusetts,MA,False,25,Clear,-14.03,47,5.66
Monett,Missouri,MO,False,29,Clouds,1.96,86,5.66
Morrisville,Vermont,VT,False,50,Snow,-10.7,83,2.24
Mountain Grove,Missouri,MO,False,29,Clouds,-0.45,73,2.24
Niangua,Missouri,MO,False,29,Snow,-0.57,79,7.59
Nixa,Missouri,MO,False,29,Snow,0.79,76,3.58
Oldfield,Missouri,MO,False,29,Snow,0.29,78,2.68
Pierce City,Missouri,MO,False,29,Clouds,2.33,84,5.66
Pleasant Hope,Missouri,MO,False,29,Snow,0.73,80,2.24
Point Lookout,New York,NY,False,36,Clear,-2.17,49,5.81
Ponce De Leon,Florida,FL,False,12,Clouds,8.67,50,1.2
Pontiac,Michigan,MI,False,26,Clouds,-8.13,71,6.17
Powersite,Missouri,MO,False,29,Clouds,1.49,78,5.66
Protem,Missouri,MO,False,29,Clouds,1.97,71,4.77
Purdy,Missouri,MO,False,29,Clouds,2.16,80,5.66
Reeds Spring,Missouri,MO,False,29,Snow,1.07,76,8.75
Ridgedale,Missouri,MO,False,29,Clouds,1.09,75,5.66
Rockbridge,Ohio,OH,False,39,Clouds,-9.41,78,2.94
Rogersville,Pennsylvania,PA,False,42,Clouds,4.85,58,2.25
Rueter,Missouri,MO,False,29,Clouds,0.88,71,4.88
Shell Knob,Missouri,MO,False,29,Clouds,2.93,75,4.47
South Greenfield,Missouri,MO,False,29,Snow,1.31,88,5.84
Sparta,New Jersey,NJ,False,34,Clear,-4.56,59,2.57
Squires,Missouri,MO,False,29,Snow,1.0,34,5.54
Stotts City,Missouri,MO,False,29,Clouds,1.89,76,7.11
Strafford,New Hampshire,NH,False,33,Clouds,-8.76,79,3.42
Taneyville,Missouri,MO,False,29,Clouds,1.22,78,1.79
Theodosia,Missouri,MO,False,29,Snow,1.36,69,5.25
Thornfield,Missouri,MO,False,29,Clouds,2.03,68,5.83
Tunas,Missouri,MO,False,29,Snow,-0.05,82,4.32
Turners,Missouri,MO,False,29,Snow,0.87,76,3.13
Urbana,Ohio,OH,False,39,Clouds,-11.03,84,3.34
Vanzant,Missouri,MO,False,29,Clouds,0.15,73,5.33
Verona,New Jersey,NJ,False,34,Clouds,-3.29,50,5.14
Walnut Shade,Missouri,MO,False,29,Clouds,1.75,78,8.75
Washburn,Maine,ME,False,23,Clouds,-15.67,82,2.57
Wasola,Missouri,MO,False,29,Clouds,1.18,68,5.5
Weaubleau,Missouri,MO,False,29,Snow,-1.85,78,5.46
West Plains,Missouri,MO,False,29,Snow,-0.02,70,2.68
Myrtle,Mississippi,MS,False,28,Clouds,6.84,58,3.45
Windyville,Missouri,MO,False,29,Snow,-0.08,80,0.45
Zanoni,Missouri,MO,False,29,Clouds,0.86,73,5.07
Macks Creek,Missouri,MO,False,29,Snow,-1.49,92,4.27
Roach,Missouri,MO,False,29,Snow,-1.23,81,4.12
Peace Valley,Missouri,MO,False,29,Clouds,-0.06,68,4.56
Pottersville,New Jersey,NJ,False,34,Clouds,-3.28,55,1.54
Willow Springs,Illinois,IL,False,17,Clouds,-8.21,62,2.57
Atchison,Kansas,KS,False,20,Snow,-5.59,88,7.21
Baldwin City,Kansas,KS,False,20,Snow,-2.54,91,3.58
Basehor,Kansas,KS,False,20,Snow,-4.8,92,2.24
Bendena,Kansas,KS,False,20,Snow,-6.61,90,7.16
Blue Mound,Illinois,IL,False,17,Clouds,-4.01,42,2.11
Bonner Springs,Kansas,KS,False,20,Snow,-4.1,92,2.24
Bucyrus,Ohio,OH,False,39,Clouds,-11.69,84,4.36
Cummings,North Dakota,ND,False,38,Clouds,-24.69,95,3.55
De Soto,Georgia,GA,False,13,Clear,0.32,54,1.18
Clearview City,Kansas,KS,False,20,Mist,-3.66,92,5.66
Effingham,New Hampshire,NH,False,33,Clouds,-8.78,78,3.13
Fort Leavenworth,Kansas,KS,False,20,Mist,-5.06,92,8.23
Garnett,South Carolina,SC,False,45,Clear,4.06,50,2.02
Highland,New York,NY,False,36,Clouds,-2.48,55,5.66
Kincaid,West Virginia,WV,False,54,Clear,-6.51,79,2.22
Lecompton,Kansas,KS,False,20,Snow,-4.09,93,7.2
Louisburg,North Carolina,NC,False,37,Clear,-1.88,53,0.45
Mound City,South Dakota,SD,False,46,Clouds,-16.17,68,3.14
Muscotah,Kansas,KS,False,20,Snow,-5.46,92,7.46
Nortonville,Kentucky,KY,False,21,Clouds,-1.03,66,2.56
Osawatomie,Kansas,KS,False,20,Snow,-2.26,92,2.24
Oskaloosa,Iowa,IA,False,19,Clouds,-7.03,73,3.6
Ottawa,West Virginia,WV,False,54,Clear,-7.96,95,1.71
Ozawkie,Kansas,KS,False,20,Snow,-4.96,92,7.99
Paola,Kansas,KS,False,20,Snow,-2.4,93,7.41
Rantoul,Illinois,IL,False,17,Clouds,-7.89,73,3.6
Spring Hill,Florida,FL,False,12,Clear,8.94,40,3.05
Tonganoxie,Kansas,KS,False,20,Mist,-4.39,95,5.66
Valley Falls,New York,NY,False,36,Clouds,-3.91,74,4.32
Wathena,Kansas,KS,False,20,Mist,-5.95,89,5.66
Welda,Kansas,KS,False,20,Snow,-1.87,91,8.3
Westphalia,Indiana,IN,False,18,Clouds,-3.25,65,0.45
White Cloud,Michigan,MI,False,26,Clear,-9.21,60,4.09
Kansas City,Missouri,MO,False,29,Mist,-4.41,89,5.66
Edwardsville,Virginia,VA,False,51,Clear,-2.64,64,2.24
Overland Park,Kansas,KS,False,20,Mist,-4.03,92,7.2
Leawood,Kansas,KS,False,20,Mist,-3.7,92,7.2
Prairie Village,Kansas,KS,False,20,Mist,-3.98,91,7.2
Lenexa,Kansas,KS,False,20,Mist,-3.91,92,7.2
Baileyville,Maine,ME,False,23,Clouds,-12.85,74,1.79
Beattie,Kansas,KS,False,20,Mist,-7.1,79,4.63
Belvue,Kansas,KS,False,20,Snow,-4.44,87,8.32
Berryton,Kansas,KS,False,20,Mist,-3.87,92,7.72
Blue Rapids,Kansas,KS,False,20,Mist,-6.74,79,4.63
Bremen,Maine,ME,False,23,Clouds,-9.33,78,3.91
Eskridge,Kansas,KS,False,20,Snow,-5.09,94,8.27
Everest,Kansas,KS,False,20,Snow,-7.43,90,7.27
Fostoria,Ohio,OH,False,39,Clouds,-10.44,78,4.47
Goff,Kansas,KS,False,20,Snow,-8.31,93,7.89
Grantville,Pennsylvania,PA,False,42,Clouds,-4.42,54,7.2
Harveyville,Kansas,KS,False,20,Snow,-4.54,93,8.07
Havensville,Kansas,KS,False,20,Snow,-6.67,90,3.58
Hiawatha,West Virginia,WV,False,54,Clear,-6.36,57,5.14
Holton,Indiana,IN,False,18,Clouds,-5.5,71,2.38
Home,Pennsylvania,PA,False,42,Snow,-8.55,72,5.81
Horton,Alabama,AL,False,1,Clouds,3.01,57,2.57
Fort Riley,Kansas,KS,False,20,Snow,-3.99,88,7.72
Leonardville,Kansas,KS,False,20,Snow,-5.74,93,8.31
Lyndon,Vermont,VT,False,50,Clouds,-11.91,80,0.0
Maple Hill,North Carolina,NC,False,37,Clear,-3.72,78,1.27
Mayetta,Kansas,KS,False,20,Snow,-5.63,91,8.43
Melvern,Kansas,KS,False,20,Snow,-1.68,90,0.89
Netawaka,Kansas,KS,False,20,Snow,-5.64,91,7.68
Oketo,Kansas,KS,False,20,Mist,-6.93,79,4.63
Olsburg,Kansas,KS,False,20,Snow,-5.76,92,8.36
Onaga,Kansas,KS,False,20,Snow,-6.48,90,3.13
Osage City,Kansas,KS,False,20,Snow,-1.83,93,8.08
Paxico,Kansas,KS,False,20,Snow,-4.51,87,8.22
Powhattan,Kansas,KS,False,20,Snow,-7.53,92,7.33
Quenemo,Kansas,KS,False,20,Snow,-1.53,90,7.89
Robinson,Pennsylvania,PA,False,42,Snow,-7.54,91,5.61
Rossville,Pennsylvania,PA,False,42,Clear,-5.69,55,6.17
Sabetha,Kansas,KS,False,20,Snow,-8.17,93,7.2
Soldier,Kentucky,KY,False,21,Clouds,-5.04,54,1.69
Vassar,Michigan,MI,False,26,Clouds,-8.66,76,4.63
Vermillion,Minnesota,MN,False,27,Clouds,-13.99,50,4.37
Wakarusa,Indiana,IN,False,18,Clear,-9.78,80,4.12
Wamego,Kansas,KS,False,20,Snow,-4.33,86,1.79
Westmoreland,New Hampshire,NH,False,33,Clouds,-3.5,68,3.6
Whiting,Maine,ME,False,23,Clouds,-12.32,53,4.51
Fort Scott,Kansas,KS,False,20,Snow,-1.35,86,7.79
Altoona,Pennsylvania,PA,False,42,Clouds,-7.78,71,2.68
Arma,Kansas,KS,False,20,Mist,0.81,92,4.02
Baxter Springs,Kansas,KS,False,20,Clouds,4.33,80,1.79
Chanute,Kansas,KS,False,20,Mist,1.06,86,4.63
Elsmore,Kansas,KS,False,20,Snow,-0.08,89,8.4
Farlington,Kansas,KS,False,20,Snow,0.88,91,7.73
Galesburg,Michigan,MI,False,26,Clear,-10.04,74,4.12
Gas,Kansas,KS,False,20,Mist,-0.01,100,8.23
Hepler,Kansas,KS,False,20,Snow,1.03,88,8.07
La Harpe,Illinois,IL,False,17,Clouds,-7.91,75,3.09
Neodesha,Kansas,KS,False,20,Mist,2.11,93,3.6
Neosho Falls,Kansas,KS,False,20,Snow,0.08,91,7.99
New Albany,Pennsylvania,PA,False,42,Clouds,-6.55,70,1.79
Opolis,Kansas,KS,False,20,Mist,0.66,92,3.6
Piqua,Ohio,OH,False,39,Clouds,-9.91,82,2.68
Frontenac,Minnesota,MN,False,27,Clear,-13.96,52,2.06
Savonburg,Kansas,KS,False,20,Snow,-0.07,89,8.32
Scammon,Kansas,KS,False,20,Clouds,0.79,93,6.49
Stark,Kansas,KS,False,20,Snow,-0.07,89,8.21
Thayer,Indiana,IN,False,18,Clouds,-10.17,84,3.9
Toronto,Ohio,OH,False,39,Clouds,-8.07,66,1.34
West Mineral,Kansas,KS,False,20,Clouds,1.43,88,6.71
Yates Center,Kansas,KS,False,20,Snow,-0.6,92,7.98
Emporia,Virginia,VA,False,51,Clear,-4.87,56,3.29
Admire,Kansas,KS,False,20,Snow,-3.72,93,8.39
Alta Vista,Iowa,IA,False,19,Clouds,-12.44,64,3.86
Americus,Georgia,GA,False,13,Clear,0.07,86,0.0
Burdick,Kansas,KS,False,20,Snow,-3.9,92,8.47
Cassoday,Kansas,KS,False,20,Snow,-1.92,94,8.79
Cedar Point,Illinois,IL,False,17,Clouds,-8.06,73,3.6
Cottonwood Falls,Kansas,KS,False,20,Snow,-3.03,93,8.61
Council Grove,Kansas,KS,False,20,Snow,-3.91,92,8.46
Elmdale,Kansas,KS,False,20,Snow,-3.07,93,8.69
Lebo,Kansas,KS,False,20,Snow,-1.99,92,8.38
Lincolnville,Maine,ME,False,23,Clouds,-10.1,68,1.34
Matfield Green,Kansas,KS,False,20,Snow,-3.09,94,8.8
Neal,Kansas,KS,False,20,Snow,-0.22,93,7.8
Neosho Rapids,Kansas,KS,False,20,Rain,-1.79,93,8.75
Olpe,Kansas,KS,False,20,Mist,-2.01,93,8.75
Peabody,Massachusetts,MA,False,25,Clouds,-1.87,61,6.69
Reading,Massachusetts,MA,False,25,Clouds,-4.04,61,3.58
Strong City,Kansas,KS,False,20,Snow,-3.05,93,8.6
Virgil,South Dakota,SD,False,46,Clouds,-12.1,61,3.6
Wilsey,Kansas,KS,False,20,Snow,-4.22,92,8.59
Concordia,Missouri,MO,False,29,Snow,-4.8,93,6.45
Agenda,Kansas,KS,False,20,Snow,-6.88,92,7.9
Barnes,Kansas,KS,False,20,Snow,-8.32,92,7.75
Burr Oak,Michigan,MI,False,26,Clear,-9.92,73,2.57
Esbon,Kansas,KS,False,20,Snow,-8.36,92,7.84
Formoso,Kansas,KS,False,20,Snow,-10.37,93,7.76
Haddam,Connecticut,CT,False,9,Clouds,-2.29,57,3.6
Hollenberg,Kansas,KS,False,20,Snow,-8.27,87,7.42
Jewell,Georgia,GA,False,13,Clear,1.77,53,2.31
Kensington,Maryland,MD,False,24,Clear,-5.11,57,5.14
Mahaska,Kansas,KS,False,20,Snow,-9.28,92,7.59
Mankato,Minnesota,MN,False,27,Clear,-13.04,77,5.14
Morrowville,Kansas,KS,False,20,Snow,-7.2,93,7.6
Munden,Kansas,KS,False,20,Snow,-9.34,92,7.85
Narka,Kansas,KS,False,20,Snow,-9.24,92,7.74
Norway,Maine,ME,False,23,Clouds,-8.57,69,3.11
Randall,Iowa,IA,False,19,Clouds,-7.97,72,3.57
Scandia,Minnesota,MN,False,27,Clear,-16.07,53,3.09
Smith Center,Kansas,KS,False,20,Snow,-8.07,91,7.45
Webber,Kansas,KS,False,20,Snow,-10.67,85,7.69
Andale,Kansas,KS,False,20,Snow,-1.14,93,7.71
Andover,Massachusetts,MA,False,25,Clouds,-2.61,63,4.63
Argonia,Kansas,KS,False,20,Snow,1.57,95,7.39
Attica,New York,NY,False,36,Clouds,-6.35,72,9.65
Belle Plaine,Iowa,IA,False,19,Clouds,-8.05,65,2.98
Burden,Kansas,KS,False,20,Snow,0.73,94,8.81
Burrton,Kansas,KS,False,20,Rain,-1.89,93,6.17
Cedar Vale,Kansas,KS,False,20,Clouds,3.57,93,6.88
Coats,North Carolina,NC,False,37,Clear,-3.6,69,0.0
Coldwater,Mississippi,MS,False,28,Clouds,8.4,56,4.13
Colwich,Kansas,KS,False,20,Mist,-1.09,91,6.17
Conway Springs,Kansas,KS,False,20,Snow,-0.5,95,7.3
Derby,Vermont,VT,False,50,Clouds,-13.21,78,1.54
Elbing,Kansas,KS,False,20,Snow,-1.87,75,6.17
Fall River,Massachusetts,MA,False,25,Clouds,-1.84,58,5.14
Garden Plain,Kansas,KS,False,20,Snow,-1.05,95,1.34
Geuda Springs,Kansas,KS,False,20,Clouds,2.06,93,5.14
Goddard,Kansas,KS,False,20,Mist,-1.12,93,6.17
Goessel,Kansas,KS,False,20,Snow,-2.78,94,3.58
Halstead,Kansas,KS,False,20,Snow,-1.76,94,1.34
Hardtner,Kansas,KS,False,20,Clouds,2.11,95,8.31
Haviland,Ohio,OH,False,39,Clouds,-10.54,68,4.19
Haysville,Kansas,KS,False,20,Snow,-0.51,92,6.17
Hesston,Pennsylvania,PA,False,42,Clouds,-6.09,62,5.64
Isabel,South Dakota,SD,False,46,Snow,-16.45,97,3.3
Iuka,Mississippi,MS,False,28,Clouds,4.87,55,2.3
Kechi,Kansas,KS,False,20,Rain,-1.25,78,6.69
Latham,New York,NY,False,36,Clouds,-3.23,69,3.58
Maize,Kansas,KS,False,20,Mist,-1.08,84,6.17
Maple City,Michigan,MI,False,26,Clouds,-8.6,81,7.22
Medicine Lodge,Kansas,KS,False,20,Snow,1.1,86,7.72
Moundridge,Kansas,KS,False,20,Snow,-3.08,95,4.47
Mount Hope,West Virginia,WV,False,54,Clear,-6.38,66,2.47
Mullinville,Kansas,KS,False,20,Clouds,-3.8,93,8.95
Mulvane,Kansas,KS,False,20,Snow,-0.36,91,5.36
North Newton,Kansas,KS,False,20,Snow,-2.07,92,6.17
Norwich,Vermont,VT,False,50,Clouds,-8.77,78,0.45
Potwin,Kansas,KS,False,20,Snow,-1.62,82,8.21
Pratt,West Virginia,WV,False,54,Clear,-5.99,79,1.81
Protection,Kansas,KS,False,20,Snow,-0.7,92,8.51
Rock,West Virginia,WV,False,54,Clear,-6.3,60,0.89
Rose Hill,Virginia,VA,False,51,Clear,-4.71,56,1.79
Severy,Kansas,KS,False,20,Snow,0.38,94,7.41
South Haven,Michigan,MI,False,26,Clouds,-8.21,88,7.51
Spivey,Kansas,KS,False,20,Snow,-0.81,96,8.27
Towanda,Pennsylvania,PA,False,42,Clouds,-3.87,67,0.45
Udall,Missouri,MO,False,29,Clouds,1.32,70,5.29
Wilmore,Pennsylvania,PA,False,42,Mist,-9.33,88,6.69
Zenda,Wisconsin,WI,False,55,Clouds,-10.25,58,2.24
Wichita,Kansas,KS,False,20,Mist,-0.86,85,6.69
Chautauqua,New York,NY,False,36,Mist,-7.2,92,6.69
Cherryvale,Kansas,KS,False,20,Mist,1.88,96,5.66
Chetopa,Kansas,KS,False,20,Clouds,3.05,88,5.25
Coffeyville,Kansas,KS,False,20,Drizzle,3.04,87,6.17
Dearing,Georgia,GA,False,13,Clear,2.24,49,1.54
Elk Falls,Kansas,KS,False,20,Snow,1.72,92,7.1
Grenola,Kansas,KS,False,20,Snow,1.33,94,7.67
Longton,Kansas,KS,False,20,Snow,1.72,92,7.02
Moline,Michigan,MI,False,26,Clouds,-8.29,80,2.57
Mound Valley,Kansas,KS,False,20,Mist,1.85,96,5.66
Niotaze,Kansas,KS,False,20,Rain,3.14,91,5.76
Oswego,New York,NY,False,36,Snow,-2.94,87,7.2
Parsons,West Virginia,WV,False,54,Clouds,-10.49,85,1.34
Sycamore,Pennsylvania,PA,False,42,Clouds,-8.1,74,1.34
Tyro,Virginia,VA,False,51,Clear,-4.23,49,2.56
Assaria,Kansas,KS,False,20,Snow,-4.47,95,5.14
Barnard,Vermont,VT,False,50,Clouds,-9.4,84,0.89
Beloit,Ohio,OH,False,39,Clouds,-8.7,78,6.43
Brookville,Pennsylvania,PA,False,42,Clouds,-7.17,67,8.75
Bushton,Kansas,KS,False,20,Snow,-5.51,93,9.08
Cawker City,Kansas,KS,False,20,Snow,-7.0,92,7.48
Delphos,Ohio,OH,False,39,Clouds,-10.97,66,4.06
Downs,Illinois,IL,False,17,Clouds,-6.95,73,4.12
Falun,Kansas,KS,False,20,Snow,-3.94,95,5.14
Galva,Iowa,IA,False,19,Clouds,-10.62,67,8.23
Geneseo,New York,NY,False,36,Clouds,-5.49,70,2.68
Glasco,New York,NY,False,36,Clouds,-1.89,59,4.59
Glen Elder,Kansas,KS,False,20,Snow,-6.88,93,7.5
Green,Ohio,OH,False,39,Clouds,-9.52,81,4.12
Herington,Kansas,KS,False,20,Snow,-4.06,91,8.24
Holyrood,Kansas,KS,False,20,Snow,-5.81,93,8.88
Kanopolis,Kansas,KS,False,20,Snow,-5.52,93,8.94
Lindsborg,Kansas,KS,False,20,Snow,-3.43,92,8.15
Longford,Kansas,KS,False,20,Snow,-6.22,91,8.4
Lorraine,New York,NY,False,36,Snow,-5.25,77,4.93
Mcpherson,Kansas,KS,False,20,Snow,-3.39,96,7.92
Miltonvale,Kansas,KS,False,20,Snow,-6.3,91,7.87
Minneapolis,North Carolina,NC,False,37,Clear,-7.54,67,0.45
Morganville,New Jersey,NJ,False,34,Clear,-3.26,54,3.13
New Cambria,Missouri,MO,False,29,Snow,-7.21,93,5.75
Osborne,Kansas,KS,False,20,Snow,-7.04,93,7.22
Portis,Kansas,KS,False,20,Snow,-7.33,92,7.32
Roxbury,Massachusetts,MA,False,25,Clouds,-12.14,72,3.34
Sylvan Grove,Kansas,KS,False,20,Snow,-6.31,92,7.66
Tampa,Florida,FL,False,12,Clear,9.69,66,1.54
Tescott,Kansas,KS,False,20,Snow,-5.13,92,7.54
Woodbine,New Jersey,NJ,False,34,Clear,-3.03,60,0.89
Hutchinson,Pennsylvania,PA,False,42,Clouds,-7.59,72,2.68
South Hutchinson,Kansas,KS,False,20,Snow,-2.75,93,2.24
Abbyville,Kansas,KS,False,20,Snow,-3.28,93,8.98
Alden,New York,NY,False,36,Clouds,-5.97,69,8.49
Bazine,Kansas,KS,False,20,Snow,-6.62,90,9.35
Beeler,Kansas,KS,False,20,Snow,-8.12,91,9.24
Belpre,Ohio,OH,False,39,Clear,-9.57,84,1.34
Brownell,Kansas,KS,False,20,Snow,-7.59,91,8.98
Buhler,Kansas,KS,False,20,Mist,-2.92,94,6.69
Burdett,New York,NY,False,36,Clouds,-5.88,74,7.77
Claflin,Kansas,KS,False,20,Snow,-4.9,92,9.11
Ellinwood,Kansas,KS,False,20,Snow,-4.86,90,9.1
Great Bend,New York,NY,False,36,Clouds,-4.01,80,6.17
Haven,Kansas,KS,False,20,Mist,-2.91,93,6.69
Hoisington,Kansas,KS,False,20,Snow,-4.97,90,9.17
Kinsley,Kansas,KS,False,20,Snow,-5.15,92,8.73
La Crosse,Virginia,VA,False,51,Clear,-2.25,40,0.0
Larned,Kansas,KS,False,20,Snow,-4.98,98,8.89
Liebenthal,Kansas,KS,False,20,Snow,-6.5,92,8.73
Macksville,Kansas,KS,False,20,Snow,-4.88,93,3.58
Nekoma,North Dakota,ND,False,38,Clear,-29.06,100,4.12
Ness City,Kansas,KS,False,20,Snow,-6.78,90,9.31
Offerle,Kansas,KS,False,20,Snow,-5.29,91,8.85
Olmitz,Kansas,KS,False,20,Snow,-5.31,92,9.02
Partridge,Kentucky,KY,False,21,Clear,-5.26,55,0.89
Pawnee Rock,Kansas,KS,False,20,Snow,-4.5,92,11.83
Plevna,Montana,MT,False,30,Snow,-15.62,93,6.5
Pretty Prairie,Kansas,KS,False,20,Snow,-2.47,94,8.69
Ransom,Pennsylvania,PA,False,42,Clouds,-4.12,62,4.63
Rozel,Kansas,KS,False,20,Snow,-5.11,91,8.92
Rush Center,Kansas,KS,False,20,Snow,-6.54,92,3.58
Sylvia,Kansas,KS,False,20,Snow,-3.43,93,8.97
Turon,Kansas,KS,False,20,Snow,-3.08,94,8.99
Hays,North Carolina,NC,False,37,Clear,-2.95,52,0.45
Almena,Wisconsin,WI,False,55,Clear,-15.92,47,5.14
Bogue,Kansas,KS,False,20,Mist,-7.66,100,8.75
Bunker Hill,West Virginia,WV,False,54,Clear,-6.03,58,4.63
Catharine,Kansas,KS,False,20,Snow,-7.05,93,8.44
Cedar,Michigan,MI,False,26,Clouds,-8.63,81,6.56
Collyer,Kansas,KS,False,20,Snow,-8.45,91,8.18
Damar,Kansas,KS,False,20,Snow,-7.81,93,7.71
Dorrance,Kansas,KS,False,20,Mist,-5.73,93,9.26
Dresden,Maine,ME,False,23,Clouds,-10.12,68,0.0
Gaylord,Michigan,MI,False,26,Clouds,-9.05,73,5.66
Glade,Kansas,KS,False,20,Snow,-9.3,88,6.78
Gorham,New Hampshire,NH,False,33,Clouds,-11.36,72,2.91
Kirwin,Kansas,KS,False,20,Snow,-9.17,88,6.76
Lenora,Kansas,KS,False,20,Snow,-8.1,92,7.08
Long Island,Maine,ME,False,23,Clouds,-7.69,69,0.89
Lucas,Kentucky,KY,False,21,Clouds,-1.14,62,0.0
Luray,Virginia,VA,False,51,Clear,-6.89,64,0.89
Morland,Kansas,KS,False,20,Snow,-8.19,92,7.3
Natoma,Kansas,KS,False,20,Snow,-7.19,93,7.87
Norcatur,Kansas,KS,False,20,Snow,-9.91,92,7.03
Ogallah,Kansas,KS,False,20,Snow,-8.02,92,8.51
Palco,Kansas,KS,False,20,Snow,-8.11,93,7.87
Penokee,Kansas,KS,False,20,Mist,-8.03,100,8.75
Pfeifer,Kansas,KS,False,20,Snow,-6.77,93,8.67
Phillipsburg,New Jersey,NJ,False,34,Clouds,-3.56,58,3.58
Plainville,Massachusetts,MA,False,25,Snow,-5.97,66,4.63
Schoenchen,Kansas,KS,False,20,Snow,-6.87,93,8.72
Wakeeney,Kansas,KS,False,20,Snow,-8.29,92,8.16
Woodston,Kansas,KS,False,20,Snow,-7.66,93,7.18
Colby,Wisconsin,WI,False,55,Clear,-16.66,64,1.34
Bird City,Kansas,KS,False,20,Snow,-10.14,90,6.33
Edson,Kansas,KS,False,20,Clouds,-10.24,90,5.14
Gem,Kansas,KS,False,20,Snow,-10.02,89,3.6
Goodland,Florida,FL,False,12,Clear,11.12,79,5.47
Gove,Kansas,KS,False,20,Snow,-8.58,91,8.09
Grainfield,Kansas,KS,False,20,Snow,-8.93,91,7.82
Grinnell,Iowa,IA,False,19,Clouds,-7.03,73,3.09
Herndon,Pennsylvania,PA,False,42,Clouds,-4.99,59,3.09
Kanorado,Kansas,KS,False,20,Snow,-10.24,88,7.35
Levant,Maine,ME,False,23,Clouds,-11.61,67,2.57
Ludell,Kansas,KS,False,20,Snow,-10.72,83,6.51
Park,Kansas,KS,False,20,Snow,-8.79,91,8.0
Quinter,Kansas,KS,False,20,Snow,-8.73,91,8.29
Rexford,New York,NY,False,36,Clouds,-3.78,75,6.17
Selden,New York,NY,False,36,Clouds,-2.44,53,12.07
Sharon Springs,New York,NY,False,36,Clouds,-5.6,72,7.88
Weskan,Kansas,KS,False,20,Clouds,-9.53,86,7.28
Dodge City,Kansas,KS,False,20,Mist,-5.56,92,11.83
Bucklin,Missouri,MO,False,29,Snow,-6.6,93,5.97
Copeland,Florida,FL,False,12,Clear,12.96,70,2.97
Deerfield,Massachusetts,MA,False,25,Clouds,-2.86,68,1.34
Dighton,Massachusetts,MA,False,25,Clouds,-1.56,57,3.13
Ensign,Kansas,KS,False,20,Snow,-6.41,92,9.47
Fort Dodge,Iowa,IA,False,19,Clouds,-10.2,61,4.12
Hanston,Kansas,KS,False,20,Snow,-5.8,90,9.04
Holcomb,Mississippi,MS,False,28,Clouds,7.88,60,4.22
Ingalls,Indiana,IN,False,18,Clouds,-8.14,74,2.57
Jetmore,Kansas,KS,False,20,Snow,-6.21,91,9.27
Kendall,New York,NY,False,36,Snow,-5.61,61,1.79
Kismet,Kansas,KS,False,20,Snow,-5.81,87,9.19
Lakin,Kansas,KS,False,20,Snow,-7.48,88,9.25
Leoti,Kansas,KS,False,20,Snow,-8.88,90,3.58
Manter,Kansas,KS,False,20,Snow,-7.34,100,4.63
Marienthal,Kansas,KS,False,20,Snow,-8.64,90,8.84
Meade,Kansas,KS,False,20,Snow,-5.17,95,8.87
Minneola,Florida,FL,False,12,Clear,7.61,71,0.45
Pierceville,Indiana,IN,False,18,Clouds,-5.7,73,1.34
Satanta,Kansas,KS,False,20,Mist,-6.1,87,7.2
Scott City,Missouri,MO,False,29,Clouds,0.77,61,2.57
Spearville,Kansas,KS,False,20,Snow,-5.7,91,9.19
Sublette,Illinois,IL,False,17,Clouds,-8.37,63,1.34
Tribune,Kansas,KS,False,20,Snow,-8.94,91,4.02
Liberal,Missouri,MO,False,29,Snow,1.0,92,7.21
Hugoton,Kansas,KS,False,20,Mist,-5.96,93,11.32
Rolla,North Dakota,ND,False,38,Clear,-25.99,70,4.12
Abie,Nebraska,NE,False,31,Snow,-10.89,92,6.22
Boys Town,Nebraska,NE,False,31,Snow,-9.2,72,6.17
Bruno,West Virginia,WV,False,54,Clear,-6.2,87,1.93
Cedar Bluffs,Nebraska,NE,False,31,Snow,-9.2,69,8.75
Ceresco,Michigan,MI,False,26,Clear,-11.91,79,4.12
Colon,Michigan,MI,False,26,Clear,-9.62,75,3.09
Elkhorn,West Virginia,WV,False,54,Clear,-6.26,58,3.59
Fort Calhoun,Nebraska,NE,False,31,Clouds,-9.33,76,6.17
Herman,Pennsylvania,PA,False,42,Clouds,-8.49,77,4.12
Ithaca,New York,NY,False,36,Clouds,-4.51,76,8.75
Linwood,Massachusetts,MA,False,25,Clouds,-2.12,64,0.89
Macy,Indiana,IN,False,18,Clear,-12.12,85,2.57
Malmo,Nebraska,NE,False,31,Snow,-9.07,73,8.75
Nickerson,Kansas,KS,False,20,Snow,-3.02,93,8.76
Papillion,Nebraska,NE,False,31,Snow,-8.62,69,6.71
Pender,Nebraska,NE,False,31,Clouds,-9.82,72,4.64
Plattsmouth,Nebraska,NE,False,31,Snow,-8.43,69,6.17
Rosalie,Nebraska,NE,False,31,Clouds,-11.36,75,4.82
Scribner,Nebraska,NE,False,31,Clouds,-9.5,75,5.75
Tekamah,Nebraska,NE,False,31,Clouds,-9.05,62,7.72
Thurston,Ohio,OH,False,39,Clear,-9.79,78,3.09
Uehling,Nebraska,NE,False,31,Clouds,-9.54,75,5.59
Valparaiso,Florida,FL,False,12,Clouds,12.06,48,3.6
Wahoo,Nebraska,NE,False,31,Snow,-8.98,73,8.75
Walthill,Nebraska,NE,False,31,Clouds,-9.25,72,4.44
Waterloo,New York,NY,False,36,Clouds,-3.84,66,2.24
Winnebago,Wisconsin,WI,False,55,Clear,-13.06,56,4.63
Yutan,Nebraska,NE,False,31,Snow,-9.28,76,8.75
La Vista,Nebraska,NE,False,31,Snow,-8.81,70,6.17
Alvo,Nebraska,NE,False,31,Snow,-10.26,80,1.79
Barneston,Nebraska,NE,False,31,Snow,-7.45,91,8.04
Beatrice,Alabama,AL,False,1,Clouds,8.17,58,2.74
Beaver Crossing,Nebraska,NE,False,31,Snow,-11.19,86,7.05
Bee,Virginia,VA,False,51,Clear,-7.3,83,0.66
Belvidere,New Jersey,NJ,False,34,Clear,-3.69,59,1.79
Benedict,Maryland,MD,False,24,Clear,-4.47,56,4.91
Bennet,Nebraska,NE,False,31,Snow,-10.26,85,6.8
Blue Springs,Mississippi,MS,False,28,Clouds,7.2,50,3.09
Bradshaw,West Virginia,WV,False,54,Clear,-6.64,86,1.78
Brock,Nebraska,NE,False,31,Snow,-9.61,85,8.75
Brownville,Maine,ME,False,23,Clouds,-10.91,63,3.12
Bruning,Nebraska,NE,False,31,Snow,-9.25,92,7.54
Burchard,Nebraska,NE,False,31,Snow,-7.9,92,7.92
Burr,Nebraska,NE,False,31,Snow,-10.14,93,6.95
Carleton,Michigan,MI,False,26,Clouds,-6.84,67,7.72
Clatonia,Nebraska,NE,False,31,Snow,-9.58,86,6.17
Cook,Minnesota,MN,False,27,Clear,-22.94,86,3.84
Cortland,New York,NY,False,36,Snow,-5.46,75,6.26
Crab Orchard,West Virginia,WV,False,54,Clear,-7.74,66,3.09
Crete,Illinois,IL,False,17,Clear,-9.93,79,2.57
Davey,Nebraska,NE,False,31,Snow,-9.82,78,6.69
Daykin,Nebraska,NE,False,31,Snow,-8.86,92,7.58
Deshler,Ohio,OH,False,39,Clouds,-10.75,75,4.16
Diller,Nebraska,NE,False,31,Snow,-10.06,92,7.39
Dorchester,Massachusetts,MA,False,25,Clouds,-1.55,56,8.23
Dunbar,Pennsylvania,PA,False,42,Clouds,-7.72,58,4.93
Elmwood,Massachusetts,MA,False,25,Clear,-9.18,73,4.12
Fairbury,Illinois,IL,False,17,Clouds,-8.06,56,2.76
Filley,Nebraska,NE,False,31,Snow,-9.17,86,6.17
Friend,Nebraska,NE,False,31,Snow,-11.92,93,7.21
Gilead,Nebraska,NE,False,31,Snow,-9.17,92,5.14
Goehner,Nebraska,NE,False,31,Snow,-11.14,86,7.06
Grafton,Massachusetts,MA,False,25,Clouds,-2.74,62,6.17
Hallam,Nebraska,NE,False,31,Snow,-10.82,87,7.29
Hebron,New Hampshire,NH,False,33,Clouds,-8.35,73,3.09
Hubbell,Michigan,MI,False,26,Clouds,-10.71,76,1.79
Jansen,Nebraska,NE,False,31,Snow,-10.4,93,7.43
Lorton,Virginia,VA,False,51,Clear,-4.93,56,3.09
Malcolm,Alabama,AL,False,1,Clouds,10.58,46,0.89
Manley,Nebraska,NE,False,31,Snow,-9.18,66,3.13
Milligan,Florida,FL,False,12,Clouds,9.06,61,1.54
Nebraska City,Nebraska,NE,False,31,Snow,-9.48,88,8.75
Nehawka,Nebraska,NE,False,31,Snow,-8.68,73,6.17
Nemaha,Iowa,IA,False,19,Clouds,-10.68,67,8.23
Ohiowa,Nebraska,NE,False,31,Snow,-9.25,93,7.5
Otoe,Nebraska,NE,False,31,Snow,-9.69,93,6.55
Palmyra,Maine,ME,False,23,Clouds,-11.19,65,0.89
Pawnee City,Nebraska,NE,False,31,Snow,-7.48,93,7.55
Peru,Maine,ME,False,23,Clouds,-10.34,67,0.89
Pickrell,Nebraska,NE,False,31,Snow,-9.43,88,6.17
Pleasant Dale,Nebraska,NE,False,31,Snow,-10.05,82,6.69
Reynolds,Georgia,GA,False,13,Clear,2.45,55,0.0
Roca,Nebraska,NE,False,31,Snow,-10.3,85,5.81
Rulo,Nebraska,NE,False,31,Snow,-7.0,82,6.17
Shickley,Nebraska,NE,False,31,Snow,-11.1,88,7.42
Shubert,Nebraska,NE,False,31,Snow,-7.27,79,6.17
Staplehurst,Nebraska,NE,False,31,Snow,-10.58,85,6.78
Steele City,Nebraska,NE,False,31,Snow,-8.21,92,7.38
Steinauer,Nebraska,NE,False,31,Snow,-7.92,93,7.41
Stella,North Carolina,NC,False,37,Clear,-1.5,65,1.54
Swanton,Vermont,VT,False,50,Clouds,-9.03,87,0.0
Table Rock,Nebraska,NE,False,31,Snow,-7.54,93,7.22
Ong,Nebraska,NE,False,31,Snow,-11.16,88,4.92
Tobias,Nebraska,NE,False,31,Snow,-9.2,93,7.48
Unadilla,New York,NY,False,36,Clouds,-5.4,81,4.02
Utica,New York,NY,False,36,Snow,-5.57,89,3.58
Verdon,Nebraska,NE,False,31,Snow,-6.98,79,6.17
Virginia,Minnesota,MN,False,27,Clear,-21.39,62,5.66
Weeping Water,Nebraska,NE,False,31,Snow,-9.15,71,6.31
Western,Nebraska,NE,False,31,Snow,-8.96,93,7.45
Wilber,Nebraska,NE,False,31,Snow,-9.03,92,7.33
Wymore,Nebraska,NE,False,31,Snow,-9.5,90,7.8
York,Maine,ME,False,23,Clouds,-7.1,71,1.34
Belgrade,Maine,ME,False,23,Clear,-10.88,67,3.09
Bellwood,Pennsylvania,PA,False,42,Clear,3.32,75,1.54
Brainard,New York,NY,False,36,Snow,-3.53,66,6.69
Cedar Rapids,Iowa,IA,False,19,Clouds,-7.55,61,4.12
Clarkson,New York,NY,False,36,Snow,-5.54,77,3.13
David City,Nebraska,NE,False,31,Snow,-10.5,71,6.3
Dwight,Illinois,IL,False,17,Clouds,-8.4,81,2.89
Ericson,Nebraska,NE,False,31,Snow,-11.92,94,6.41
Howells,New York,NY,False,36,Clouds,-4.04,58,1.79
Leigh,Nebraska,NE,False,31,Snow,-10.3,94,6.2
Morse Bluff,Nebraska,NE,False,31,Snow,-9.13,83,5.99
Platte Center,Nebraska,NE,False,31,Snow,-10.15,73,8.75
Polk,Pennsylvania,PA,False,42,Snow,-8.08,86,5.11
Primrose,Nebraska,NE,False,31,Snow,-11.21,84,6.69
Rising City,Nebraska,NE,False,31,Snow,-10.43,71,6.4
Saint Edward,Nebraska,NE,False,31,Snow,-10.73,93,6.14
Schuyler,Virginia,VA,False,51,Clear,-4.85,65,0.45
Shelby,North Carolina,NC,False,37,Clear,-3.17,50,0.45
Spalding,Michigan,MI,False,26,Snow,-2.58,54,3.6
Stromsburg,Nebraska,NE,False,31,Snow,-10.99,93,6.46
Ulysses,Pennsylvania,PA,False,42,Clouds,-9.3,79,7.28
Norfolk,Massachusetts,MA,False,25,Clear,-1.11,45,2.68
Atkinson,New Hampshire,NH,False,33,Clouds,-3.89,65,2.57
Battle Creek,Michigan,MI,False,26,Clear,-10.0,73,4.12
Beemer,Nebraska,NE,False,31,Clouds,-10.75,68,5.26
Brunswick,Maine,ME,False,23,Clouds,-8.8,70,4.16
Butte,North Dakota,ND,False,38,Clouds,-25.84,97,1.33
Carroll,Ohio,OH,False,39,Clear,-9.61,78,3.09
Clearwater,South Carolina,SC,False,45,Clear,2.54,54,0.0
Coleridge,Nebraska,NE,False,31,Clouds,-11.26,62,4.34
Creighton,Pennsylvania,PA,False,42,Snow,-7.36,67,1.34
Crofton,Maryland,MD,False,24,Clear,-4.77,54,3.6
Dakota City,Iowa,IA,False,19,Clouds,-10.03,57,4.12
Ewing,Virginia,VA,False,51,Clouds,-3.99,49,0.22
Hadar,Nebraska,NE,False,31,Clouds,-10.96,75,6.69
Hartington,Nebraska,NE,False,31,Clouds,-10.78,56,4.3
Hoskins,Nebraska,NE,False,31,Clouds,-11.23,75,6.69
Inman,South Carolina,SC,False,45,Clear,-1.47,36,0.0
Laurel,New York,NY,False,36,Clear,-1.32,59,6.17
Lynch,Kentucky,KY,False,21,Clear,-5.55,54,0.84
Magnet,Nebraska,NE,False,31,Clouds,-11.87,70,4.6
Maskell,Nebraska,NE,False,31,Clouds,-10.48,47,4.32
Meadow Grove,Nebraska,NE,False,31,Snow,-10.93,92,5.65
Naper,Nebraska,NE,False,31,Snow,-12.27,79,4.45
Neligh,Nebraska,NE,False,31,Snow,-10.88,87,0.45
Newman Grove,Nebraska,NE,False,31,Snow,-10.89,95,6.05
Niobrara,Nebraska,NE,False,31,Snow,-10.55,59,4.32
Osmond,Nebraska,NE,False,31,Clouds,-11.71,73,4.68
Pilger,Nebraska,NE,False,31,Clouds,-9.97,67,5.72
South Sioux City,Nebraska,NE,False,31,Clouds,-9.98,57,4.63
Springview,Nebraska,NE,False,31,Snow,-14.18,84,3.13
Verdigre,Nebraska,NE,False,31,Snow,-11.08,63,4.63
Waterbury,Vermont,VT,False,50,Snow,-9.46,84,1.59
Wausa,Nebraska,NE,False,31,Clouds,-11.85,68,4.63
Winnetoon,Nebraska,NE,False,31,Clouds,-11.44,67,4.74
Winside,Nebraska,NE,False,31,Clouds,-10.31,67,8.23
Wynot,Nebraska,NE,False,31,Clouds,-10.83,48,4.23
Grand Island,New York,NY,False,36,Clouds,-5.47,71,6.71
Alda,Nebraska,NE,False,31,Snow,-11.62,86,6.69
Anselmo,Nebraska,NE,False,31,Snow,-13.31,93,5.95
Ansley,Nebraska,NE,False,31,Snow,-11.55,95,5.61
Archer,Florida,FL,False,12,Clear,4.63,59,2.11
Boelus,Nebraska,NE,False,31,Snow,-10.78,92,6.43
Burwell,Nebraska,NE,False,31,Snow,-12.21,93,6.61
Cairo,New York,NY,False,36,Clouds,-3.46,73,1.34
Callaway,Maryland,MD,False,24,Clear,-3.44,53,5.14
Chapman,Alabama,AL,False,1,Clouds,6.19,62,2.27
Dannebrog,Nebraska,NE,False,31,Snow,-11.66,93,6.27
Doniphan,Missouri,MO,False,29,Clouds,2.55,60,4.03
Dunning,Nebraska,NE,False,31,Snow,-13.34,91,6.44
Elba,New York,NY,False,36,Snow,-5.82,76,9.77
Elm Creek,Nebraska,NE,False,31,Snow,-12.41,93,6.48
Elyria,Ohio,OH,False,39,Clouds,-8.54,80,6.17
Gibbon,Minnesota,MN,False,27,Clouds,-14.43,65,4.92
Giltner,Nebraska,NE,False,31,Snow,-11.05,82,8.23
Hazard,Kentucky,KY,False,21,Clouds,-4.8,52,0.78
Kearney,Missouri,MO,False,29,Snow,-5.36,87,4.63
Hordville,Nebraska,NE,False,31,Snow,-10.95,92,6.58
Loup City,Nebraska,NE,False,31,Snow,-11.73,94,6.02
Marquette,Michigan,MI,False,26,Clouds,-10.3,71,2.68
Mason City,Iowa,IA,False,19,Clear,-11.83,59,5.14
Merna,Illinois,IL,False,17,Clouds,-7.11,73,4.12
Miller,South Dakota,SD,False,46,Clouds,-14.85,75,4.45
North Loup,Nebraska,NE,False,31,Snow,-11.8,94,5.91
Oconto,Wisconsin,WI,False,55,Clear,-13.97,51,3.6
Ord,Nebraska,NE,False,31,Snow,-11.95,85,7.72
Phillips,Maine,ME,False,23,Clouds,-12.65,77,3.72
Saint Libory,Illinois,IL,False,17,Snow,-2.05,73,0.89
Sargent,Georgia,GA,False,13,Clouds,-1.5,80,0.37
Westerville,Ohio,OH,False,39,Clear,-10.3,84,3.09
Wolbach,Nebraska,NE,False,31,Snow,-11.25,94,6.09
Wood River,Illinois,IL,False,17,Snow,-2.19,68,3.6
Ayr,North Dakota,ND,False,38,Clouds,-23.36,90,3.74
Beaver City,Nebraska,NE,False,31,Snow,-9.57,93,6.65
Bertrand,Missouri,MO,False,29,Clouds,0.97,64,3.09
Bladen,Nebraska,NE,False,31,Snow,-11.46,93,7.33
Blue Hill,Maine,ME,False,23,Clouds,-10.6,66,4.02
Clay Center,Ohio,OH,False,39,Clear,-9.0,73,5.66
Deweese,Nebraska,NE,False,31,Snow,-10.88,71,7.3
Edgar,Florida,FL,False,12,Clear,4.38,46,1.66
Elwood,New Jersey,NJ,False,34,Clouds,-3.8,57,5.14
Funk,Nebraska,NE,False,31,Snow,-10.88,85,5.14
Glenvil,Nebraska,NE,False,31,Snow,-11.17,72,8.23
Guide Rock,Nebraska,NE,False,31,Snow,-10.64,92,7.46
Heartwell,Nebraska,NE,False,31,Snow,-12.34,93,6.81
Hendley,Nebraska,NE,False,31,Snow,-9.79,93,6.78
Hildreth,Nebraska,NE,False,31,Snow,-10.73,93,7.24
Holdrege,Nebraska,NE,False,31,Snow,-11.05,85,5.14
Holstein,Iowa,IA,False,19,Clouds,-10.46,47,4.87
Inavale,Nebraska,NE,False,31,Snow,-8.76,93,7.46
Inland,Nebraska,NE,False,31,Mist,-10.63,83,8.23
Juniata,Nebraska,NE,False,31,Snow,-11.17,80,8.23
Kenesaw,Nebraska,NE,False,31,Snow,-11.92,72,8.23
Lawrence,Massachusetts,MA,False,25,Clouds,-2.6,64,2.57
Naponee,Nebraska,NE,False,31,Snow,-9.06,92,6.97
Oak,Nebraska,NE,False,31,Snow,-10.97,88,7.4
Ragan,Nebraska,NE,False,31,Snow,-11.05,85,5.14
Red Cloud,Nebraska,NE,False,31,Snow,-8.74,93,7.48
Republican City,Nebraska,NE,False,31,Snow,-9.35,92,6.87
Ruskin,Florida,FL,False,12,Clear,9.92,62,4.18
Saronville,Nebraska,NE,False,31,Snow,-9.85,93,7.1
Trumbull,Connecticut,CT,False,9,Clear,-2.72,54,6.69
Wilcox,Pennsylvania,PA,False,42,Snow,-8.25,86,5.33
Bartley,West Virginia,WV,False,54,Clear,-7.74,51,2.55
Benkelman,Nebraska,NE,False,31,Snow,-10.01,90,5.88
Champion,Pennsylvania,PA,False,42,Clouds,-8.44,72,4.63
Culbertson,Montana,MT,False,30,Clouds,-18.57,80,4.45
Enders,Nebraska,NE,False,31,Mist,-10.77,85,6.69
Eustis,Maine,ME,False,23,Clouds,-15.81,80,3.05
Farnam,Nebraska,NE,False,31,Snow,-11.63,92,6.66
Haigler,Nebraska,NE,False,31,Snow,-8.29,91,5.12
Hayes Center,Nebraska,NE,False,31,Snow,-11.09,92,6.04
Max,Minnesota,MN,False,27,Clear,-19.53,90,3.79
Moorefield,West Virginia,WV,False,54,Clear,-6.04,60,0.45
Stockville,Nebraska,NE,False,31,Snow,-10.61,91,6.33
Wauneta,Nebraska,NE,False,31,Snow,-10.62,90,5.4
North Platte,Nebraska,NE,False,31,Haze,-11.81,89,4.63
Arthur,Tennessee,TN,False,47,Clouds,-5.16,80,0.0
Big Springs,West Virginia,WV,False,54,Clear,-7.56,67,2.48
Broadwater,Nebraska,NE,False,31,Snow,-9.83,94,3.26
Brule,Wisconsin,WI,False,55,Clear,-18.26,63,4.81
Bushnell,Florida,FL,False,12,Clear,5.58,41,2.13
Chappell,Kentucky,KY,False,21,Clear,-3.73,80,0.0
Cozad,Nebraska,NE,False,31,Snow,-11.16,85,6.17
Dalton,Massachusetts,MA,False,25,Snow,-5.16,63,6.69
Dix,Illinois,IL,False,17,Clouds,-2.07,65,3.6
Elsie,Michigan,MI,False,26,Clear,-7.77,77,3.13
Elsmere,Nebraska,NE,False,31,Snow,-12.03,91,6.4
Gothenburg,Nebraska,NE,False,31,Snow,-11.41,92,6.46
Gurley,Alabama,AL,False,1,Clouds,3.82,52,1.54
Hershey,Pennsylvania,PA,False,42,Clouds,-4.3,55,6.17
Keystone,Indiana,IN,False,18,Clouds,-11.1,83,3.38
Kimball,West Virginia,WV,False,54,Clear,-7.5,86,3.17
Lemoyne,Pennsylvania,PA,False,42,Clouds,-4.45,55,6.17
Lewellen,Nebraska,NE,False,31,Snow,-9.57,92,3.75
Lisco,Nebraska,NE,False,31,Snow,-11.64,82,3.29
Lodgepole,South Dakota,SD,False,46,Snow,-16.16,96,4.12
Madrid,New York,NY,False,36,Clouds,-8.26,89,2.06
Mullen,Nebraska,NE,False,31,Snow,-11.41,90,5.78
Ogallala,Nebraska,NE,False,31,Snow,-9.91,85,2.57
Oshkosh,Wisconsin,WI,False,55,Clear,-13.03,55,4.63
Paxton,Massachusetts,MA,False,25,Snow,-4.26,64,6.17
Potter,Wisconsin,WI,False,55,Clear,-12.32,53,6.21
Purdum,Nebraska,NE,False,31,Snow,-12.55,91,6.37
Stapleton,Georgia,GA,False,13,Clear,2.37,49,2.71
Sutherland,Virginia,VA,False,51,Clear,-4.96,51,6.17
Thedford,Nebraska,NE,False,31,Snow,-12.87,85,4.12
Venango,Pennsylvania,PA,False,42,Mist,-8.27,90,4.12
Wellfleet,Massachusetts,MA,False,25,Clouds,-1.12,63,4.47
Willow Island,Nebraska,NE,False,31,Snow,-11.23,93,6.55
Ainsworth,Iowa,IA,False,19,Clouds,-8.29,79,3.09
Crookston,Minnesota,MN,False,27,Clear,-22.94,70,5.14
Long Pine,Nebraska,NE,False,31,Snow,-14.08,93,5.85
Merriman,Nebraska,NE,False,31,Snow,-12.6,93,4.36
Nenzel,Nebraska,NE,False,31,Snow,-13.47,93,4.98
Wood Lake,Minnesota,MN,False,27,Clear,-14.02,66,4.63
Alliance,North Carolina,NC,False,37,Clear,-1.69,67,2.92
Angora,Minnesota,MN,False,27,Clear,-19.63,87,3.89
Ashby,Massachusetts,MA,False,25,Clear,-18.18,60,4.12
Bingham,Maine,ME,False,23,Clouds,-10.98,63,2.83
Chadron,Nebraska,NE,False,31,Mist,-12.8,86,5.14
Ellsworth,Maine,ME,False,23,Clouds,-11.36,68,2.57
Gering,Nebraska,NE,False,31,Mist,-9.88,88,3.6
Hay Springs,Nebraska,NE,False,31,Snow,-11.31,94,4.35
Hemingford,Nebraska,NE,False,31,Snow,-12.13,94,3.41
Hyannis,Massachusetts,MA,False,25,Clear,-1.92,61,4.12
Mcgrew,Nebraska,NE,False,31,Snow,-9.42,94,2.0
Marsland,Nebraska,NE,False,31,Snow,-9.77,92,3.6
Melbeta,Nebraska,NE,False,31,Mist,-9.74,86,3.6
Minatare,Nebraska,NE,False,31,Mist,-9.64,88,3.6
Morrill,Maine,ME,False,23,Clouds,-11.51,73,0.45
Rushville,New York,NY,False,36,Clouds,-5.43,60,9.77
Scottsbluff,Nebraska,NE,False,31,Snow,-9.93,88,3.6
Whiteclay,Nebraska,NE,False,31,Mist,-12.97,85,3.6
Whitman,Massachusetts,MA,False,25,Clouds,-1.77,62,1.79
Metairie,Louisiana,LA,False,22,Clouds,15.23,88,6.17
Des Allemands,Louisiana,LA,False,22,Clouds,15.56,41,4.97
Ama,Louisiana,LA,False,22,Clouds,15.37,93,4.63
Arabi,Georgia,GA,False,13,Clear,2.25,63,0.0
Barataria,Louisiana,LA,False,22,Clouds,15.41,94,4.63
Belle Chasse,Louisiana,LA,False,22,Clouds,15.19,84,4.63
Boothville,Louisiana,LA,False,22,Clouds,18.09,81,7.33
Boutte,Louisiana,LA,False,22,Clouds,15.49,91,4.63
Braithwaite,Louisiana,LA,False,22,Clouds,15.19,83,4.63
Buras,Louisiana,LA,False,22,Clouds,18.29,82,8.25
Chalmette,Louisiana,LA,False,22,Clouds,15.23,84,6.17
Destrehan,Louisiana,LA,False,22,Clouds,15.46,92,4.63
Edgard,Louisiana,LA,False,22,Clouds,15.15,92,5.66
Garyville,Louisiana,LA,False,22,Rain,15.1,92,5.66
Gramercy,Louisiana,LA,False,22,Rain,15.1,92,5.66
Gretna,Virginia,VA,False,51,Clear,-3.49,48,1.67
Hahnville,Louisiana,LA,False,22,Clouds,15.48,91,4.63
Kenner,Louisiana,LA,False,22,Clouds,15.3,90,4.63
Lafitte,Louisiana,LA,False,22,Clouds,15.52,94,4.63
Lutcher,Louisiana,LA,False,22,Rain,15.12,92,5.66
Marrero,Louisiana,LA,False,22,Clouds,15.16,84,6.17
Meraux,Louisiana,LA,False,22,Clouds,15.22,83,6.17
Mount Airy,Maryland,MD,False,24,Clouds,-6.55,63,1.79
New Sarpy,Louisiana,LA,False,22,Clouds,15.51,91,4.63
Paradis,Louisiana,LA,False,22,Clouds,15.56,86,4.7
Pilottown,Louisiana,LA,False,22,Clouds,18.2,79,7.18
Pointe A La Hache,Louisiana,LA,False,22,Clouds,17.63,81,6.02
Port Sulphur,Louisiana,LA,False,22,Clouds,18.02,81,7.18
Saint Bernard,Louisiana,LA,False,22,Snow,-11.97,94,6.21
Saint James,New York,NY,False,36,Clouds,-2.48,51,11.62
Saint Rose,Louisiana,LA,False,22,Clouds,15.4,93,4.63
Vacherie,Louisiana,LA,False,22,Rain,15.16,92,5.66
Violet,Louisiana,LA,False,22,Clouds,15.2,83,4.63
Westwego,Louisiana,LA,False,22,Clouds,15.16,86,6.17
New Orleans,Louisiana,LA,False,22,Clouds,15.13,85,6.17
Thibodaux,Louisiana,LA,False,22,Clouds,15.02,95,2.24
Pierre Part,Louisiana,LA,False,22,Clouds,16.92,90,4.83
Amelia,Ohio,OH,False,39,Clouds,-6.35,74,1.54
Belle Rose,Louisiana,LA,False,22,Clouds,15.92,88,2.57
Berwick,Maine,ME,False,23,Clouds,-7.9,75,3.09
Bourg,Louisiana,LA,False,22,Clouds,15.79,88,5.66
Chauvin,Louisiana,LA,False,22,Clouds,15.74,87,5.66
Cut Off,Louisiana,LA,False,22,Clouds,15.56,83,6.18
Donaldsonville,Louisiana,LA,False,22,Clouds,15.72,87,2.57
Donner,Louisiana,LA,False,22,Clouds,15.0,97,4.89
Dulac,Louisiana,LA,False,22,Clouds,15.56,86,4.63
Galliano,Louisiana,LA,False,22,Clouds,18.42,81,7.23
Gheens,Louisiana,LA,False,22,Rain,15.57,51,1.79
Gibson,Pennsylvania,PA,False,42,Clouds,-6.07,73,4.47
Golden Meadow,Louisiana,LA,False,22,Clouds,18.64,81,7.83
Grand Isle,Maine,ME,False,23,Clouds,-15.22,78,4.12
Gray,Maine,ME,False,23,Clouds,-8.88,68,4.63
Houma,Louisiana,LA,False,22,Rain,15.79,81,4.63
Kraemer,Louisiana,LA,False,22,Clouds,15.2,94,0.89
Labadieville,Louisiana,LA,False,22,Clouds,14.99,95,5.12
Larose,Louisiana,LA,False,22,Clouds,15.58,93,5.96
Lockport,New York,NY,False,36,Snow,-5.68,76,4.47
Mathews,Virginia,VA,False,51,Clear,-3.63,63,5.6
Montegut,Louisiana,LA,False,22,Clouds,15.23,90,5.66
Morgan City,Mississippi,MS,False,28,Clouds,9.95,48,4.74
Napoleonville,Louisiana,LA,False,22,Clouds,15.06,89,5.1
Paincourtville,Louisiana,LA,False,22,Clouds,15.76,89,5.13
Plattenville,Louisiana,LA,False,22,Clouds,15.61,89,5.17
Raceland,Louisiana,LA,False,22,Rain,15.54,55,5.66
Schriever,Louisiana,LA,False,22,Clouds,15.01,96,2.24
Theriot,Louisiana,LA,False,22,Rain,15.46,58,0.89
Abita Springs,Louisiana,LA,False,22,Clouds,13.97,87,1.34
Akers,Louisiana,LA,False,22,Clouds,15.04,87,7.16
Amite,Louisiana,LA,False,22,Clouds,12.4,54,4.65
Angie,Louisiana,LA,False,22,Clouds,11.95,62,0.0
Bogalusa,Louisiana,LA,False,22,Clouds,12.03,62,0.0
Bush,Kentucky,KY,False,21,Clear,-4.76,79,0.0
Fluker,Louisiana,LA,False,22,Clouds,12.24,38,4.64
Franklinton,North Carolina,NC,False,37,Clear,-2.34,59,0.0
Greensburg,Pennsylvania,PA,False,42,Clouds,-7.94,71,4.47
Husser,Louisiana,LA,False,22,Clouds,12.27,62,4.21
Kentwood,Louisiana,LA,False,22,Clouds,12.13,88,4.53
Lacombe,Louisiana,LA,False,22,Clouds,15.43,86,6.27
Loranger,Louisiana,LA,False,22,Clouds,13.1,70,5.14
Mandeville,Louisiana,LA,False,22,Clouds,15.07,88,1.79
Maurepas,Louisiana,LA,False,22,Clouds,15.08,90,4.99
Natalbany,Louisiana,LA,False,22,Clouds,13.96,83,5.14
Pearl River,New York,NY,False,36,Clear,-2.71,53,3.13
Ponchatoula,Louisiana,LA,False,22,Clouds,14.69,84,5.14
Robert,Louisiana,LA,False,22,Clouds,13.96,85,5.14
Roseland,New Jersey,NJ,False,34,Clouds,-3.14,51,7.2
Sun,Louisiana,LA,False,22,Clouds,12.2,77,0.0
Talisheek,Louisiana,LA,False,22,Clouds,14.14,92,4.15
Tangipahoa,Louisiana,LA,False,22,Clouds,12.19,38,4.59
Tickfaw,Louisiana,LA,False,22,Clouds,13.52,78,5.14
Varnado,Louisiana,LA,False,22,Clouds,11.97,62,0.0
Abbeville,South Carolina,SC,False,45,Clouds,-1.46,70,1.34
Arnaudville,Louisiana,LA,False,22,Clouds,15.61,91,5.49
Avery Island,Louisiana,LA,False,22,Clouds,15.85,89,5.14
Baldwin,New York,NY,False,36,Clear,-2.43,50,8.75
Basile,Louisiana,LA,False,22,Clouds,15.95,95,6.11
Breaux Bridge,Louisiana,LA,False,22,Clouds,15.83,86,2.57
Broussard,Louisiana,LA,False,22,Clouds,15.78,86,5.14
Cade,Louisiana,LA,False,22,Clouds,9.86,94,8.78
Carencro,Louisiana,LA,False,22,Clouds,15.64,88,4.02
Cecilia,Kentucky,KY,False,21,Clouds,-2.85,61,0.0
Charenton,Louisiana,LA,False,22,Clouds,16.99,91,5.18
Chataignier,Louisiana,LA,False,22,Clouds,15.03,93,6.15
Church Point,Louisiana,LA,False,22,Clouds,15.32,94,6.17
Delcambre,Louisiana,LA,False,22,Clouds,15.96,92,5.14
Duson,Louisiana,LA,False,22,Clouds,15.63,88,2.57
Egan,South Dakota,SD,False,46,Clouds,-16.24,40,4.39
Elton,Pennsylvania,PA,False,42,Clouds,-10.4,85,5.14
Erath,Louisiana,LA,False,22,Clouds,15.96,93,5.14
Estherwood,Louisiana,LA,False,22,Clouds,16.01,96,5.9
Evangeline,Louisiana,LA,False,22,Clouds,15.98,94,6.17
Grand Coteau,Louisiana,LA,False,22,Clouds,15.4,90,6.17
Gueydan,Louisiana,LA,False,22,Clouds,16.12,96,5.18
Iota,Louisiana,LA,False,22,Clouds,15.97,94,6.17
Jeanerette,Louisiana,LA,False,22,Clouds,16.01,92,6.12
Kaplan,Louisiana,LA,False,22,Clouds,16.09,96,3.6
Lawtell,Louisiana,LA,False,22,Clouds,15.02,88,6.17
Leonville,Louisiana,LA,False,22,Clouds,15.31,89,6.17
Loreauville,Louisiana,LA,False,22,Clouds,16.0,82,5.14
Mamou,Louisiana,LA,False,22,Clouds,16.08,93,5.73
Maurice,Iowa,IA,False,19,Clouds,-11.83,69,4.56
Mermentau,Louisiana,LA,False,22,Clouds,16.01,94,6.17
New Iberia,Louisiana,LA,False,22,Clouds,15.98,82,5.14
Lydia,South Carolina,SC,False,45,Clouds,-2.34,69,0.0
Opelousas,Louisiana,LA,False,22,Clouds,15.01,88,6.17
Pine Prairie,Louisiana,LA,False,22,Clouds,15.96,91,5.22
Port Barre,Louisiana,LA,False,22,Clouds,15.09,88,6.17
Rayne,Louisiana,LA,False,22,Clouds,15.57,90,6.19
Reddell,Louisiana,LA,False,22,Clouds,16.07,92,5.61
Saint Martinville,Louisiana,LA,False,22,Clouds,15.91,84,5.14
Turkey Creek,Louisiana,LA,False,22,Clear,7.66,76,1.54
Ville Platte,Louisiana,LA,False,22,Clouds,14.99,91,5.9
Welsh,Louisiana,LA,False,22,Clouds,15.99,94,6.17
Lake Charles,Louisiana,LA,False,22,Clouds,15.79,96,7.2
Bell City,Missouri,MO,False,29,Clouds,0.96,57,3.93
Creole,Louisiana,LA,False,22,Clouds,18.28,92,3.52
Dequincy,Louisiana,LA,False,22,Clouds,15.99,94,3.09
Deridder,Louisiana,LA,False,22,Clouds,15.98,88,5.14
Dry Creek,West Virginia,WV,False,54,Clear,-6.86,85,2.2
Fenton,Michigan,MI,False,26,Snow,-2.24,78,1.79
Grand Chenier,Louisiana,LA,False,22,Clouds,17.0,100,8.23
Hayes,Virginia,VA,False,51,Clear,-4.15,59,2.06
Iowa,Louisiana,LA,False,22,Clouds,15.97,94,7.2
Kinder,Louisiana,LA,False,22,Clouds,15.62,97,4.61
Lacassine,Louisiana,LA,False,22,Clouds,15.99,97,4.64
Leblanc,Louisiana,LA,False,22,Clouds,15.33,89,2.57
Longville,Minnesota,MN,False,27,Clear,-22.01,71,2.06
Merryville,Louisiana,LA,False,22,Clouds,16.22,96,3.6
Mittie,Louisiana,LA,False,22,Clouds,16.02,94,3.53
Oberlin,Ohio,OH,False,39,Clouds,-9.73,83,6.17
Ragley,Louisiana,LA,False,22,Clouds,15.98,97,2.83
Reeves,Louisiana,LA,False,22,Clear,1.94,87,0.0
Rosepine,Louisiana,LA,False,22,Clouds,15.94,88,6.17
Singer,Louisiana,LA,False,22,Clouds,16.09,96,3.36
Starks,Louisiana,LA,False,22,Clouds,16.09,99,2.65
Sugartown,Louisiana,LA,False,22,Clouds,15.06,93,3.31
Denham Springs,Louisiana,LA,False,22,Clouds,15.02,89,4.63
Addis,Louisiana,LA,False,22,Clouds,15.04,90,5.17
Angola,New York,NY,False,36,Clouds,-5.04,70,12.67
Batchelor,Louisiana,LA,False,22,Clouds,13.98,89,6.31
Brittany,Louisiana,LA,False,22,Clouds,15.55,89,2.57
Brusly,Louisiana,LA,False,22,Clouds,15.04,86,4.63
Carville,Louisiana,LA,False,22,Clouds,15.38,89,2.57
Convent,Louisiana,LA,False,22,Clouds,15.09,92,2.57
Darrow,Louisiana,LA,False,22,Clouds,11.54,96,6.59
Duplessis,Louisiana,LA,False,22,Clouds,15.42,89,2.57
Erwinville,Louisiana,LA,False,22,Clouds,14.03,89,5.86
Fordoche,Louisiana,LA,False,22,Clouds,14.01,88,3.6
French Settlement,Louisiana,LA,False,22,Clouds,15.45,89,2.57
Geismar,Louisiana,LA,False,22,Clouds,15.52,89,2.57
Glynn,Louisiana,LA,False,22,Clouds,14.21,88,3.6
Burnside,Pennsylvania,PA,False,42,Snow,-8.74,77,6.31
Greenwell Springs,Louisiana,LA,False,22,Clouds,14.48,90,4.63
Grosse Tete,Louisiana,LA,False,22,Clouds,15.17,89,5.39
Hester,Louisiana,LA,False,22,Clouds,14.1,89,4.7
Innis,Louisiana,LA,False,22,Clouds,13.98,89,6.29
Jarreau,Louisiana,LA,False,22,Clouds,14.01,88,3.6
Krotz Springs,Louisiana,LA,False,22,Clouds,15.02,90,5.26
Lakeland,Georgia,GA,False,13,Clear,3.37,52,1.08
Lettsworth,Louisiana,LA,False,22,Clouds,14.43,89,6.33
Livonia,New York,NY,False,36,Clouds,-5.94,71,6.26
Lottie,Louisiana,LA,False,22,Clouds,9.78,45,2.73
Maringouin,Louisiana,LA,False,22,Clouds,14.02,90,5.45
Morganza,Maryland,MD,False,24,Clear,-3.96,57,4.12
New Roads,Louisiana,LA,False,22,Clouds,14.0,88,3.6
Plaquemine,Louisiana,LA,False,22,Clouds,15.02,90,4.96
Port Allen,Louisiana,LA,False,22,Clouds,15.05,86,4.63
Prairieville,Louisiana,LA,False,22,Clouds,4.82,53,3.4
Pride,Louisiana,LA,False,22,Clouds,14.52,91,5.03
Rosedale,New York,NY,False,36,Clouds,-2.24,49,10.73
Rougon,Louisiana,LA,False,22,Clouds,14.01,88,3.6
Saint Amant,Louisiana,LA,False,22,Clouds,15.53,89,2.57
Saint Francisville,Illinois,IL,False,17,Clouds,-1.97,54,2.06
Saint Gabriel,Louisiana,LA,False,22,Clouds,15.22,89,2.57
Slaughter,Louisiana,LA,False,22,Clouds,14.9,89,5.53
Sorrento,Maine,ME,False,23,Clouds,-11.23,68,2.57
Sunshine,Louisiana,LA,False,22,Clouds,-10.97,44,3.6
Tunica,Mississippi,MS,False,28,Haze,7.99,57,2.06
Ventress,Louisiana,LA,False,22,Clouds,14.01,88,3.6
Wakefield,Massachusetts,MA,False,25,Clouds,-1.84,59,8.23
Walker,West Virginia,WV,False,54,Clear,-9.27,76,0.0
Weyanoke,Louisiana,LA,False,22,Clouds,13.77,90,5.61
White Castle,Louisiana,LA,False,22,Clouds,15.52,89,4.95
Zachary,Louisiana,LA,False,22,Clouds,14.89,86,4.63
Belcher,Kentucky,KY,False,21,Clear,-5.2,71,1.09
Bienville,Louisiana,LA,False,22,Clouds,11.61,95,4.27
Castor,Louisiana,LA,False,22,Clouds,11.74,95,4.56
Cotton Valley,Louisiana,LA,False,22,Clouds,4.41,65,2.18
Coushatta,Louisiana,LA,False,22,Clouds,13.02,88,5.22
Cullen,Virginia,VA,False,51,Clear,-4.36,56,3.51
Doyline,Louisiana,LA,False,22,Clouds,12.14,76,3.6
Dubberly,Louisiana,LA,False,22,Clouds,12.28,81,3.09
Frierson,Louisiana,LA,False,22,Clouds,12.59,85,4.65
Gibsland,Louisiana,LA,False,22,Clouds,12.28,91,4.34
Gilliam,Missouri,MO,False,29,Snow,-4.1,93,6.26
Gloster,Mississippi,MS,False,28,Clouds,12.12,89,4.66
Goldonna,Louisiana,LA,False,22,Clouds,11.81,89,4.7
Grand Cane,Louisiana,LA,False,22,Clouds,13.01,94,4.12
Hall Summit,Louisiana,LA,False,22,Clouds,12.66,89,4.98
Haughton,Louisiana,LA,False,22,Clouds,11.89,82,5.66
Haynesville,Virginia,VA,False,51,Clear,-4.26,49,3.88
Heflin,Alabama,AL,False,1,Clouds,0.34,63,1.37
Hosston,Louisiana,LA,False,22,Clouds,11.18,93,5.01
Keatchie,Louisiana,LA,False,22,Clouds,13.92,94,5.14
Keithville,Louisiana,LA,False,22,Clouds,12.39,84,5.14
Lisbon,New Hampshire,NH,False,33,Clouds,-10.32,81,0.88
Logansport,Indiana,IN,False,18,Clear,-12.68,78,2.57
Longstreet,Louisiana,LA,False,22,Clouds,14.01,94,5.14
Elm Grove,Wisconsin,WI,False,55,Clear,-11.15,48,4.12
Mooringsport,Louisiana,LA,False,22,Clouds,10.65,84,4.61
Oil City,Pennsylvania,PA,False,42,Clouds,-7.78,84,1.34
Plain Dealing,Louisiana,LA,False,22,Clouds,10.81,92,4.94
Rodessa,Louisiana,LA,False,22,Clouds,10.64,94,4.4
Saline,Michigan,MI,False,26,Clouds,-7.46,74,3.6
Sarepta,Louisiana,LA,False,22,Clouds,10.72,92,4.15
Shongaloo,Louisiana,LA,False,22,Clouds,10.3,92,4.18
Sibley,Mississippi,MS,False,28,Clouds,13.79,86,5.1
Springhill,Louisiana,LA,False,22,Clouds,-1.99,79,1.88
Vivian,South Dakota,SD,False,46,Snow,-13.93,95,3.51
Shreveport,Louisiana,LA,False,22,Clouds,12.04,81,5.66
Bossier City,Louisiana,LA,False,22,Clouds,12.03,80,5.66
Archibald,Louisiana,LA,False,22,Clouds,10.85,84,5.26
Baskin,Louisiana,LA,False,22,Clear,11.77,68,2.57
Bernice,Louisiana,LA,False,22,Mist,7.11,87,2.57
Calhoun,Georgia,GA,False,13,Clear,-2.42,76,0.0
Chatham,Massachusetts,MA,False,25,Clouds,-1.55,60,3.6
Choudrant,Louisiana,LA,False,22,Clouds,10.25,81,3.6
Crowville,Louisiana,LA,False,22,Clouds,11.24,84,5.03
Downsville,New York,NY,False,36,Clouds,-6.67,76,6.65
Dubach,Louisiana,LA,False,22,Clouds,10.25,91,3.73
Epps,Louisiana,LA,False,22,Clouds,9.94,79,5.3
Eros,Louisiana,LA,False,22,Clouds,10.17,88,4.18
Farmerville,Louisiana,LA,False,22,Clouds,9.85,87,3.97
Forest,Virginia,VA,False,51,Clear,-3.58,44,2.57
Fort Necessity,Louisiana,LA,False,22,Clouds,12.26,85,5.77
Grambling,Louisiana,LA,False,22,Clouds,9.96,81,3.6
Hodge,Louisiana,LA,False,22,Clouds,-0.13,68,1.54
Jigger,Louisiana,LA,False,22,Clouds,12.41,85,5.95
Kilbourne,Ohio,OH,False,39,Clouds,-10.66,84,3.76
Lake Providence,Louisiana,LA,False,22,Clouds,11.13,60,5.24
Lillie,Louisiana,LA,False,22,Clouds,9.53,90,3.57
Mangham,Louisiana,LA,False,22,Clouds,10.99,84,5.31
Mer Rouge,Louisiana,LA,False,22,Clouds,11.12,54,0.0
Oak Ridge,New Jersey,NJ,False,34,Clear,-4.17,58,2.24
Rayville,Missouri,MO,False,29,Snow,-5.43,93,6.9
Ruston,Louisiana,LA,False,22,Clouds,9.9,81,3.6
Simsboro,Louisiana,LA,False,22,Clouds,9.92,81,3.6
Sondheimer,Louisiana,LA,False,22,Clouds,12.99,75,5.25
Spearsville,Louisiana,LA,False,22,Clouds,9.37,90,3.69
Start,Louisiana,LA,False,22,Clouds,11.83,64,1.54
Sterlington,Louisiana,LA,False,22,Clouds,11.61,65,0.0
Swartz,Louisiana,LA,False,22,Clouds,11.73,65,1.54
Tallulah,Louisiana,LA,False,22,Clouds,13.0,50,6.17
Transylvania,Louisiana,LA,False,22,Clouds,11.13,73,5.29
West Monroe,New York,NY,False,36,Snow,-4.12,77,10.29
Alexandria,Pennsylvania,PA,False,42,Clouds,-6.19,63,0.89
Bordelonville,Louisiana,LA,False,22,Clouds,14.41,89,6.37
Bunkie,Louisiana,LA,False,22,Clouds,14.39,89,6.47
Chase,Maryland,MD,False,24,Clear,-4.17,56,3.6
Cheneyville,Louisiana,LA,False,22,Clouds,14.18,89,5.86
Cottonport,Louisiana,LA,False,22,Clouds,14.4,89,3.13
Deville,Louisiana,LA,False,22,Clouds,14.07,82,3.09
Effie,Minnesota,MN,False,27,Clear,-22.07,64,2.57
Ferriday,Louisiana,LA,False,22,Clouds,13.99,77,3.6
Harrisonburg,Virginia,VA,False,51,Clear,-5.93,49,1.54
Hessmer,Louisiana,LA,False,22,Clouds,14.36,89,6.49
Jena,Louisiana,LA,False,22,Clouds,13.9,86,1.79
Lebeau,Louisiana,LA,False,22,Clouds,15.07,89,6.55
Lecompte,Louisiana,LA,False,22,Clouds,14.14,89,5.33
Libuse,Louisiana,LA,False,22,Clouds,14.04,83,3.09
Mansura,Louisiana,LA,False,22,Clouds,14.37,89,6.58
Marksville,Louisiana,LA,False,22,Clouds,14.36,88,6.36
Melville,New York,NY,False,36,Clear,-2.68,50,8.75
Moreauville,Louisiana,LA,False,22,Clouds,14.41,89,3.13
Newellton,Louisiana,LA,False,22,Clouds,12.25,82,5.49
Palmetto,Georgia,GA,False,13,Clouds,-1.25,77,0.89
Plaucheville,Louisiana,LA,False,22,Clouds,14.42,89,3.13
Rhinehart,Louisiana,LA,False,22,Clouds,14.08,86,5.11
Saint Joseph,Tennessee,TN,False,47,Clouds,4.02,55,0.45
Saint Landry,Louisiana,LA,False,22,Clouds,14.42,89,5.96
Sicily Island,Louisiana,LA,False,22,Clouds,12.78,85,5.98
Simmesport,Louisiana,LA,False,22,Clouds,14.42,89,6.47
Trout,Louisiana,LA,False,22,Clouds,13.84,86,1.79
Vidalia,Georgia,GA,False,13,Clear,1.97,75,0.0
Waterproof,Louisiana,LA,False,22,Clouds,13.39,83,6.0
Wildsville,Louisiana,LA,False,22,Clouds,13.99,86,6.04
Wisner,Nebraska,NE,False,31,Clouds,-9.97,67,5.35
Aimwell,Louisiana,LA,False,22,Clouds,14.01,86,5.02
Anacoco,Louisiana,LA,False,22,Clouds,15.05,88,3.09
Ball,Louisiana,LA,False,22,Clouds,14.4,83,6.69
Bentley,Michigan,MI,False,26,Clouds,-7.55,64,6.29
Boyce,Virginia,VA,False,51,Clouds,-5.76,59,2.68
Campti,Louisiana,LA,False,22,Clouds,14.98,82,4.63
Clarence,New York,NY,False,36,Clouds,-5.88,70,9.77
Clarks,Nebraska,NE,False,31,Snow,-10.62,92,6.46
Cloutierville,Louisiana,LA,False,22,Clouds,15.04,88,5.03
Dry Prong,Louisiana,LA,False,22,Clouds,14.38,83,1.79
Flatwoods,West Virginia,WV,False,54,Clear,-8.7,66,2.28
Flora,Mississippi,MS,False,28,Clouds,12.12,61,6.09
Florien,Louisiana,LA,False,22,Clouds,15.22,88,3.09
Forest Hill,Maryland,MD,False,24,Clear,-6.03,62,1.34
Glenmora,Louisiana,LA,False,22,Clouds,14.03,91,4.19
Gorum,Louisiana,LA,False,22,Clouds,13.87,89,4.65
Grayson,Georgia,GA,False,13,Clear,-0.73,62,1.54
Hineston,Louisiana,LA,False,22,Clouds,13.99,91,0.45
Hornbeck,Louisiana,LA,False,22,Clouds,15.1,88,3.09
Kurthwood,Louisiana,LA,False,22,Clouds,15.06,88,3.09
Lena,Mississippi,MS,False,28,Clouds,9.32,61,3.95
Longleaf,Louisiana,LA,False,22,Clouds,4.11,62,3.6
Many,Louisiana,LA,False,22,Clouds,15.18,91,4.26
Marthaville,Louisiana,LA,False,22,Clouds,14.76,89,4.81
Natchez,Mississippi,MS,False,28,Clouds,13.69,77,7.2
Natchitoches,Louisiana,LA,False,22,Clouds,14.99,82,4.63
Fort Polk,Louisiana,LA,False,22,Clouds,15.99,88,4.12
Negreet,Louisiana,LA,False,22,Clouds,15.3,91,4.72
New Llano,Louisiana,LA,False,22,Clouds,16.15,88,4.12
Olla,Louisiana,LA,False,22,Clouds,13.92,88,4.7
Provencal,Louisiana,LA,False,22,Clouds,14.89,82,4.63
Robeline,Louisiana,LA,False,22,Clouds,14.93,89,4.92
Saint Maurice,Louisiana,LA,False,22,Clouds,14.9,82,4.63
Sieper,Louisiana,LA,False,22,Clouds,13.96,91,4.08
Sikes,Louisiana,LA,False,22,Clear,-0.42,64,2.11
Simpson,West Virginia,WV,False,54,Clear,-10.6,80,2.57
Slagle,Louisiana,LA,False,22,Clouds,16.05,88,4.12
Tullos,Louisiana,LA,False,22,Clouds,14.01,88,4.67
Urania,Louisiana,LA,False,22,Clouds,14.06,88,4.69
Winnfield,Louisiana,LA,False,22,Clouds,14.52,87,4.62
Woodworth,Wisconsin,WI,False,55,Clear,-9.9,46,4.63
Zwolle,Louisiana,LA,False,22,Clouds,14.42,91,4.44
Pine Bluff,Arkansas,AR,False,5,Clouds,7.27,67,3.6
White Hall,Maryland,MD,False,24,Clear,-4.52,57,7.72
Arkansas City,Kansas,KS,False,20,Clouds,2.08,93,5.66
Crossett,Arkansas,AR,False,5,Clouds,8.68,86,3.92
Dermott,Arkansas,AR,False,5,Clouds,8.25,77,5.15
Eudora,Missouri,MO,False,29,Snow,0.12,91,5.82
Fountain Hill,Arkansas,AR,False,5,Clouds,8.31,85,4.09
Hamburg,New Jersey,NJ,False,34,Clouds,-3.61,58,3.13
Hermitage,Pennsylvania,PA,False,42,Snow,-7.83,78,5.66
Jersey,Virginia,VA,False,51,Clear,-4.33,61,3.09
Lake Village,Indiana,IN,False,18,Clouds,-10.21,85,3.88
New Edinburg,Arkansas,AR,False,5,Clouds,7.41,85,3.61
Parkdale,Arkansas,AR,False,5,Clouds,9.05,76,5.03
Rison,Arkansas,AR,False,5,Clouds,7.19,83,3.41
Rohwer,Arkansas,AR,False,5,Clouds,8.38,71,5.81
Star City,Indiana,IN,False,18,Clouds,-6.84,46,3.56
Tillar,Arkansas,AR,False,5,Clouds,9.18,74,5.57
Wilmar,Arkansas,AR,False,5,Clouds,9.14,49,3.09
Wilmot,New Hampshire,NH,False,33,Clouds,-7.42,74,1.34
Bearden,Arkansas,AR,False,5,Clouds,6.77,81,0.0
Beirne,Arkansas,AR,False,5,Clouds,5.92,92,3.3
Bluff City,Tennessee,TN,False,47,Clear,-5.59,70,0.0
Calion,Arkansas,AR,False,5,Clouds,8.31,87,3.74
Chidester,Arkansas,AR,False,5,Clouds,6.45,90,3.29
Emerson,New Jersey,NJ,False,34,Clouds,-2.23,52,6.17
Fordyce,Nebraska,NE,False,31,Snow,-11.16,52,4.37
Gurdon,Arkansas,AR,False,5,Clouds,5.93,92,3.21
Hampton,New Hampshire,NH,False,33,Clouds,-5.65,66,0.0
Harrell,Arkansas,AR,False,5,Clouds,8.07,87,3.69
Huttig,Arkansas,AR,False,5,Clouds,9.15,87,3.87
Ivan,Arkansas,AR,False,5,Clouds,7.13,88,3.35
Lawson,Missouri,MO,False,29,Snow,-5.94,95,5.36
Louann,Arkansas,AR,False,5,Clouds,8.11,76,2.06
Mount Holly,Vermont,VT,False,50,Clouds,-7.03,78,4.63
Norphlet,Arkansas,AR,False,5,Clouds,8.15,76,2.06
Smackover,Arkansas,AR,False,5,Clouds,8.16,76,2.06
Sparkman,Arkansas,AR,False,5,Clouds,6.01,89,3.36
Stephens,Georgia,GA,False,13,Clear,1.58,53,2.03
Strong,Maine,ME,False,23,Clouds,-12.61,73,4.92
Waldo,Florida,FL,False,12,Clear,1.78,87,1.54
Whelen Springs,Arkansas,AR,False,5,Clouds,6.77,91,3.3
Alleene,Arkansas,AR,False,5,Clouds,6.84,90,3.86
Ashdown,Arkansas,AR,False,5,Clouds,9.04,94,4.31
Blevins,Arkansas,AR,False,5,Clouds,6.52,95,3.63
Buckner,Kentucky,KY,False,21,Clouds,-3.79,69,1.41
Cale,Arkansas,AR,False,5,Clouds,7.41,92,3.66
De Queen,Arkansas,AR,False,5,Clouds,6.7,87,4.12
Dierks,Arkansas,AR,False,5,Clouds,5.79,95,3.64
Doddridge,Arkansas,AR,False,5,Clouds,10.61,93,4.35
Emmet,Nebraska,NE,False,31,Snow,-12.99,85,7.72
Foreman,Arkansas,AR,False,5,Clouds,6.69,94,4.23
Fouke,Arkansas,AR,False,5,Clouds,8.45,93,4.39
Gillham,Arkansas,AR,False,5,Clouds,5.83,87,4.12
Horatio,South Carolina,SC,False,45,Clear,-0.9,69,0.0
Lockesburg,Arkansas,AR,False,5,Clouds,6.66,90,3.61
Mineral Springs,Pennsylvania,PA,False,42,Clouds,-8.24,68,7.2
Ozan,Arkansas,AR,False,5,Clouds,7.02,96,3.35
Stamps,Arkansas,AR,False,5,Clouds,7.75,92,4.1
Willisville,Illinois,IL,False,17,Clouds,-1.06,86,3.61
Hot Springs Village,Arkansas,AR,False,5,Clouds,3.2,89,2.77
Antoine,Arkansas,AR,False,5,Clouds,6.25,95,2.73
Arkadelphia,Arkansas,AR,False,5,Clouds,5.59,86,2.06
Board Camp,Arkansas,AR,False,5,Clouds,4.22,100,3.09
Bonnerdale,Arkansas,AR,False,5,Clouds,5.1,95,2.87
Caddo Gap,Arkansas,AR,False,5,Clouds,5.17,80,2.71
Delight,Arkansas,AR,False,5,Clouds,6.06,96,2.79
Donaldson,Indiana,IN,False,18,Clear,-10.96,92,2.57
Friendship,Maine,ME,False,23,Clouds,-9.58,66,4.39
Grannis,Arkansas,AR,False,5,Clouds,5.51,98,4.26
Hatfield,Massachusetts,MA,False,25,Clouds,-2.09,66,1.34
Jessieville,Arkansas,AR,False,5,Clouds,3.38,89,2.84
Mena,Arkansas,AR,False,5,Clouds,3.73,100,3.09
Mountain Pine,Arkansas,AR,False,5,Clouds,5.56,80,4.12
Mount Ida,Arkansas,AR,False,5,Clouds,5.1,80,3.01
Murfreesboro,North Carolina,NC,False,37,Clear,-7.03,73,0.0
Newhope,Arkansas,AR,False,5,Clouds,5.06,98,3.58
Oden,Michigan,MI,False,26,Clouds,-6.49,78,8.23
Okolona,Mississippi,MS,False,28,Clouds,7.74,50,4.45
Pearcy,Arkansas,AR,False,5,Clouds,5.61,75,4.12
Pencil Bluff,Arkansas,AR,False,5,Clouds,4.92,80,3.09
Royal,Iowa,IA,False,19,Clouds,-11.15,57,5.66
Sims,North Carolina,NC,False,37,Clear,-2.7,50,0.0
Umpire,Arkansas,AR,False,5,Clouds,5.15,98,3.96
Vandervoort,Arkansas,AR,False,5,Clouds,3.95,98,4.2
Wickes,Arkansas,AR,False,5,Clouds,5.39,98,4.35
Adona,Arkansas,AR,False,5,Clouds,4.99,85,2.95
Alexander,New York,NY,False,36,Clouds,-6.24,73,8.23
Almyra,Arkansas,AR,False,5,Clouds,7.8,74,4.99
Altheimer,Arkansas,AR,False,5,Clouds,7.86,65,3.6
Amagon,Arkansas,AR,False,5,Clouds,3.03,75,3.09
Bald Knob,Arkansas,AR,False,5,Clouds,4.16,71,2.06
Bauxite,Arkansas,AR,False,5,Clouds,5.09,88,2.24
Beebe,Arkansas,AR,False,5,Clouds,4.44,72,0.45
Bee Branch,Arkansas,AR,False,5,Clouds,3.49,70,2.57
Beedeville,Arkansas,AR,False,5,Clouds,3.03,70,4.21
Bigelow,Minnesota,MN,False,27,Clouds,-13.84,71,5.66
Biscoe,North Carolina,NC,False,37,Clear,-5.68,61,1.09
Bradford,Rhode Island,RI,False,44,Clouds,-2.15,59,4.92
Brinkley,Arkansas,AR,False,5,Clouds,6.87,68,4.36
Bryant,Alabama,AL,False,1,Clouds,-2.11,65,1.49
Cabot,Vermont,VT,False,50,Snow,-12.03,86,0.45
Carlisle,Massachusetts,MA,False,25,Clear,-4.94,54,1.34
Casa,Arkansas,AR,False,5,Clouds,4.97,87,2.79
Casscoe,Arkansas,AR,False,5,Clouds,7.81,73,4.37
Center Ridge,Arkansas,AR,False,5,Clouds,3.3,75,3.28
Cotton Plant,Arkansas,AR,False,5,Clouds,6.7,68,4.13
Coy,Alabama,AL,False,1,Clouds,7.16,64,2.39
Crocketts Bluff,Arkansas,AR,False,5,Clouds,7.29,72,4.63
Des Arc,Missouri,MO,False,29,Clouds,0.8,71,3.27
De Valls Bluff,Arkansas,AR,False,5,Clouds,7.82,74,3.63
De Witt,Iowa,IA,False,19,Clouds,-7.53,72,2.06
Diaz,Arkansas,AR,False,5,Clouds,2.9,74,3.09
Edgemont,Pennsylvania,PA,False,42,Clouds,-4.67,56,6.17
England,Arkansas,AR,False,5,Clouds,6.73,80,4.24
Enola,Pennsylvania,PA,False,42,Clouds,-4.64,56,6.17
Garner,North Carolina,NC,False,37,Clear,-3.23,66,3.23
Greenbrier,Tennessee,TN,False,47,Clouds,0.26,62,2.06
Griffithville,Arkansas,AR,False,5,Clouds,4.18,73,2.06
Hattieville,Arkansas,AR,False,5,Clouds,5.09,77,2.82
Hazen,North Dakota,ND,False,38,Clear,-21.92,71,2.06
Hensley,West Virginia,WV,False,54,Clear,-7.36,86,2.14
Hickory Plains,Arkansas,AR,False,5,Clouds,4.85,78,3.49
Higden,Arkansas,AR,False,5,Clouds,4.06,76,3.22
Higginson,Arkansas,AR,False,5,Clouds,4.18,73,2.06
Holly Grove,Arkansas,AR,False,5,Clouds,7.13,71,4.32
Humnoke,Arkansas,AR,False,5,Clouds,8.03,53,4.63
Humphrey,Nebraska,NE,False,31,Snow,-10.38,95,6.1
Jacksonport,Arkansas,AR,False,5,Clouds,3.01,75,3.09
Jerusalem,Ohio,OH,False,39,Clouds,-9.55,86,3.34
Judsonia,Arkansas,AR,False,5,Clouds,4.05,69,2.06
Kensett,Iowa,IA,False,19,Clouds,-12.8,61,3.5
Keo,Arkansas,AR,False,5,Clouds,6.05,80,4.12
Leola,Pennsylvania,PA,False,42,Clouds,-4.77,61,6.17
Letona,Arkansas,AR,False,5,Clouds,4.42,74,2.06
Lonoke,Arkansas,AR,False,5,Clouds,5.21,81,4.01
Lonsdale,Minnesota,MN,False,27,Clouds,-14.92,51,4.44
Fairfield Bay,Arkansas,AR,False,5,Clouds,3.15,70,2.57
Mabelvale,Arkansas,AR,False,5,Clouds,5.5,77,4.63
Malvern,Pennsylvania,PA,False,42,Clouds,4.79,83,1.56
Mayflower,Arkansas,AR,False,5,Clouds,5.51,78,4.63
Morrilton,Arkansas,AR,False,5,Clouds,5.25,82,2.97
Maumelle,Arkansas,AR,False,5,Clouds,5.49,75,1.79
North Little Rock,Arkansas,AR,False,5,Clouds,5.52,72,5.14
Pangburn,Arkansas,AR,False,5,Clouds,4.29,74,3.51
Paron,Arkansas,AR,False,5,Clouds,4.66,86,2.86
Plumerville,Arkansas,AR,False,5,Clouds,5.17,79,4.63
Poyen,Arkansas,AR,False,5,Clouds,5.31,92,2.86
Prattsville,New York,NY,False,36,Clouds,-6.12,73,0.89
Prim,Arkansas,AR,False,5,Clouds,1.86,78,2.67
Redfield,New York,NY,False,36,Snow,-5.02,90,6.4
Reydell,Arkansas,AR,False,5,Clouds,7.71,77,5.47
Roe,Arkansas,AR,False,5,Clouds,7.79,52,4.63
Romance,Arkansas,AR,False,5,Clouds,3.88,78,4.25
Rose Bud,Arkansas,AR,False,5,Clouds,3.86,77,4.23
Russell,Massachusetts,MA,False,25,Mist,-5.93,93,8.75
Scott,Mississippi,MS,False,28,Clouds,8.99,57,4.12
Searcy,Arkansas,AR,False,5,Clouds,4.18,73,2.06
Sherrill,New York,NY,False,36,Snow,-5.28,84,9.38
Shirley,Massachusetts,MA,False,25,Clouds,-2.48,62,6.17
Solgohachia,Arkansas,AR,False,5,Clouds,4.29,80,3.13
Stuttgart,Arkansas,AR,False,5,Clouds,7.81,52,4.63
Thida,Arkansas,AR,False,5,Clouds,3.48,75,3.22
Tichnor,Arkansas,AR,False,5,Clouds,7.78,75,5.3
Traskwood,Arkansas,AR,False,5,Clouds,5.2,90,2.86
Tucker,Georgia,GA,False,13,Clear,-1.29,59,0.0
Ulm,Montana,MT,False,30,Clear,-16.56,93,0.46
Vilonia,Arkansas,AR,False,5,Clouds,4.81,73,5.14
Wabbaseka,Arkansas,AR,False,5,Rain,7.8,77,4.81
Wilburn,Arkansas,AR,False,5,Clouds,4.39,74,3.18
Wooster,Ohio,OH,False,39,Clouds,-10.64,84,3.6
Wrightsville,Pennsylvania,PA,False,42,Clouds,-4.94,60,2.68
West Memphis,Arkansas,AR,False,5,Clouds,6.85,48,4.12
Barton,Vermont,VT,False,50,Snow,-13.08,84,0.0
Bassett,Virginia,VA,False,51,Clear,-2.84,39,2.15
Blytheville,Arkansas,AR,False,5,Clouds,3.88,60,3.6
Gosnell,Arkansas,AR,False,5,Clouds,3.9,60,3.6
Brickeys,Arkansas,AR,False,5,Clouds,6.77,67,4.85
Burdette,Arkansas,AR,False,5,Clouds,3.92,60,3.6
Cherry Valley,Massachusetts,MA,False,25,Clouds,-9.22,52,2.57
Clarkedale,Arkansas,AR,False,5,Clouds,6.97,49,4.12
Colt,Arkansas,AR,False,5,Clouds,6.22,67,4.65
Crumrod,Arkansas,AR,False,5,Clouds,7.75,74,5.15
Driver,Arkansas,AR,False,5,Clouds,5.08,55,4.01
Dyess,Arkansas,AR,False,5,Clouds,4.12,71,4.22
Earle,Arkansas,AR,False,5,Clouds,6.99,65,4.11
Edmondson,Arkansas,AR,False,5,Clouds,7.01,49,4.12
Elaine,Arkansas,AR,False,5,Clouds,7.67,67,5.55
Forrest City,Arkansas,AR,False,5,Clouds,6.51,67,4.82
Frenchmans Bayou,Arkansas,AR,False,5,Clouds,4.74,69,3.94
Gilmore,Arkansas,AR,False,5,Clouds,5.14,67,3.89
Goodwin,South Dakota,SD,False,46,Clouds,-19.54,63,4.84
Haynes,Arkansas,AR,False,5,Clouds,6.75,67,4.86
Heth,Arkansas,AR,False,5,Clouds,7.01,66,4.44
Hickory Ridge,Arkansas,AR,False,5,Clouds,4.16,69,4.3
Joiner,Arkansas,AR,False,5,Clouds,5.1,69,3.98
Keiser,Arkansas,AR,False,5,Clouds,5.09,70,4.11
Lambrook,Arkansas,AR,False,5,Clouds,7.58,70,5.16
Lepanto,Arkansas,AR,False,5,Clouds,4.05,71,4.36
Lexa,Arkansas,AR,False,5,Clouds,7.2,67,5.41
Luxora,Arkansas,AR,False,5,Clouds,3.97,67,4.09
Marianna,Pennsylvania,PA,False,42,Clouds,-8.11,67,4.54
Marked Tree,Arkansas,AR,False,5,Clouds,4.21,71,4.17
Marvell,Arkansas,AR,False,5,Clouds,7.32,67,5.16
Mellwood,Arkansas,AR,False,5,Clouds,7.61,71,5.21
Oneida,New York,NY,False,36,Snow,-5.08,84,9.39
Osceola,Pennsylvania,PA,False,42,Clouds,-6.98,81,6.71
Parkin,Arkansas,AR,False,5,Clouds,4.21,67,4.24
Poplar Grove,Illinois,IL,False,17,Clouds,-10.1,58,4.02
Rivervale,Arkansas,AR,False,5,Clouds,3.89,71,4.49
Snow Lake,Arkansas,AR,False,5,Clouds,7.78,76,4.97
Turrell,Arkansas,AR,False,5,Clouds,6.98,64,3.81
Tyronza,Arkansas,AR,False,5,Clouds,4.57,71,4.08
Vanndale,Arkansas,AR,False,5,Clouds,4.1,69,4.3
Wabash,Indiana,IN,False,18,Clouds,-8.1,66,3.99
West Helena,Arkansas,AR,False,5,Clouds,7.17,66,5.56
West Ridge,Arkansas,AR,False,5,Clouds,3.79,70,4.47
Wheatley,Arkansas,AR,False,5,Clouds,6.82,67,4.44
Widener,Arkansas,AR,False,5,Clouds,6.5,67,4.79
Wynne,Arkansas,AR,False,5,Clouds,4.11,68,4.49
Alicia,Arkansas,AR,False,5,Clouds,3.04,71,4.89
Bay,Arkansas,AR,False,5,Clouds,4.06,65,5.14
Beech Grove,Kentucky,KY,False,21,Snow,-1.1,45,1.65
Biggers,Arkansas,AR,False,5,Clouds,2.72,71,3.6
Black Oak,Arkansas,AR,False,5,Clouds,6.67,70,2.57
Black Rock,Arkansas,AR,False,5,Clouds,2.81,70,3.6
Bono,Arkansas,AR,False,5,Clouds,3.89,64,5.14
Brookland,Arkansas,AR,False,5,Clouds,3.93,65,5.14
Caraway,Arkansas,AR,False,5,Clouds,3.64,70,4.6
Cash,Arkansas,AR,False,5,Clouds,3.95,71,5.01
Datto,Arkansas,AR,False,5,Clouds,2.89,69,3.6
Delaplaine,Arkansas,AR,False,5,Clouds,3.01,70,2.24
Dell,Montana,MT,False,30,Clouds,-9.53,93,1.34
Etowah,North Carolina,NC,False,37,Clear,-3.66,56,5.14
Fisher,Pennsylvania,PA,False,42,Snow,-9.17,85,4.85
Greenway,Virginia,VA,False,51,Clear,-2.26,38,1.46
Grubbs,Arkansas,AR,False,5,Clouds,3.01,75,3.09
Hoxie,Kansas,KS,False,20,Snow,-9.66,93,7.35
Imboden,Arkansas,AR,False,5,Clouds,2.28,74,4.15
Knobel,Arkansas,AR,False,5,Clouds,2.99,69,3.6
Lafe,Arkansas,AR,False,5,Clouds,3.24,68,4.53
Leachville,Arkansas,AR,False,5,Clouds,3.45,69,4.59
Lynn,Massachusetts,MA,False,25,Clouds,-1.77,59,8.23
Marmaduke,Arkansas,AR,False,5,Clouds,3.34,70,4.45
Maynard,Massachusetts,MA,False,25,Clouds,-10.79,30,3.09
Monette,Arkansas,AR,False,5,Clouds,3.45,70,4.71
O Kean,Arkansas,AR,False,5,Clouds,2.83,71,3.6
Paragould,Arkansas,AR,False,5,Clouds,3.32,69,2.68
Peach Orchard,Arkansas,AR,False,5,Clouds,3.03,69,3.6
Piggott,Arkansas,AR,False,5,Clouds,2.91,63,4.27
Pocahontas,Virginia,VA,False,51,Clear,-7.05,59,6.17
Pollard,Arkansas,AR,False,5,Clouds,2.07,64,4.36
Portia,Arkansas,AR,False,5,Clouds,2.92,70,3.6
Powhatan,Virginia,VA,False,51,Clear,-6.75,70,2.24
Ravenden,Arkansas,AR,False,5,Clouds,2.2,72,3.85
Ravenden Springs,Arkansas,AR,False,5,Clouds,2.0,71,4.23
Rector,Pennsylvania,PA,False,42,Snow,-9.18,79,3.6
Reyno,Arkansas,AR,False,5,Clouds,2.88,69,3.6
Saint Francis,Maine,ME,False,23,Clouds,-15.22,98,1.51
Success,Missouri,MO,False,29,Snow,-1.56,84,5.11
Swifton,Arkansas,AR,False,5,Clouds,2.75,71,4.74
Trumann,Arkansas,AR,False,5,Clouds,4.06,71,4.52
Tuckerman,Arkansas,AR,False,5,Clouds,2.89,74,3.09
Waldenburg,Arkansas,AR,False,5,Clouds,2.99,70,4.34
Walnut Ridge,Arkansas,AR,False,5,Clouds,2.9,70,3.6
Weiner,Arkansas,AR,False,5,Clouds,2.98,71,4.46
Williford,Arkansas,AR,False,5,Clouds,2.58,72,3.58
Ash Flat,Arkansas,AR,False,5,Clouds,2.06,73,3.13
Bexar,Arkansas,AR,False,5,Clouds,1.72,72,5.21
Brockwell,Arkansas,AR,False,5,Clouds,2.24,75,4.96
Calico Rock,Arkansas,AR,False,5,Clouds,2.19,74,3.59
Camp,Arkansas,AR,False,5,Clouds,2.02,72,5.64
Cave City,Kentucky,KY,False,21,Clouds,-0.85,59,0.0
Cord,Arkansas,AR,False,5,Clouds,3.38,75,4.52
Cherokee Village,Arkansas,AR,False,5,Clouds,2.21,73,3.13
Cushman,Arkansas,AR,False,5,Clouds,2.28,73,5.14
Desha,Arkansas,AR,False,5,Clouds,3.22,74,5.14
Dolph,Arkansas,AR,False,5,Clouds,1.39,72,4.39
Drasco,Arkansas,AR,False,5,Clouds,1.88,78,2.35
Evening Shade,Arkansas,AR,False,5,Clouds,5.18,91,2.85
Fifty Six,Arkansas,AR,False,5,Clouds,1.55,78,2.82
Floral,Arkansas,AR,False,5,Clouds,2.31,75,5.14
Gamaliel,Kentucky,KY,False,21,Clouds,-1.82,47,1.55
Gepp,Arkansas,AR,False,5,Clouds,1.9,72,5.3
Guion,Arkansas,AR,False,5,Clouds,2.88,75,3.39
Hardy,Virginia,VA,False,51,Clear,-5.68,59,6.17
Heber Springs,Arkansas,AR,False,5,Clouds,4.03,75,3.48
Ida,Michigan,MI,False,26,Clear,-9.04,79,5.14
Magness,Arkansas,AR,False,5,Clouds,3.55,74,5.14
Mammoth Spring,Arkansas,AR,False,5,Clouds,2.3,71,6.07
Marcella,Arkansas,AR,False,5,Clouds,2.93,79,2.04
Melbourne,Florida,FL,False,12,Clear,12.46,68,2.06
Oil Trough,Arkansas,AR,False,5,Clouds,3.63,74,5.14
Oxford,Massachusetts,MA,False,25,Clouds,1.28,69,2.06
Pineville,Pennsylvania,PA,False,42,Clear,-3.75,55,5.14
Pleasant Plains,Illinois,IL,False,17,Snow,-5.55,52,4.47
Poughkeepsie,New York,NY,False,36,Clouds,-2.53,56,4.12
Rosie,Arkansas,AR,False,5,Clouds,3.6,74,5.14
Saffell,Arkansas,AR,False,5,Clouds,3.5,71,4.59
Sage,Arkansas,AR,False,5,Clouds,2.15,73,5.74
Sturkie,Arkansas,AR,False,5,Clouds,0.82,73,5.7
Sulphur Rock,Arkansas,AR,False,5,Clouds,3.57,74,5.14
Tumbling Shoals,Arkansas,AR,False,5,Clouds,3.57,75,3.18
Violet Hill,Arkansas,AR,False,5,Clouds,1.96,75,6.12
Wideman,Arkansas,AR,False,5,Clouds,2.37,71,4.6
Wiseman,Arkansas,AR,False,5,Clouds,2.26,74,6.37
Alpena,Michigan,MI,False,26,Clouds,-7.09,75,4.63
Bergman,Arkansas,AR,False,5,Clouds,1.83,76,7.2
Berryville,Virginia,VA,False,51,Clouds,-6.04,60,5.13
Big Flat,Arkansas,AR,False,5,Clouds,1.97,78,3.28
Bull Shoals,Arkansas,AR,False,5,Clouds,1.84,66,3.6
Clarkridge,Arkansas,AR,False,5,Clouds,1.83,65,3.6
Cotter,Arkansas,AR,False,5,Clouds,2.37,67,3.6
Deer,Arkansas,AR,False,5,Clouds,2.4,72,2.32
Dennard,Arkansas,AR,False,5,Clouds,2.07,69,2.57
Diamond City,Arkansas,AR,False,5,Clouds,2.41,75,5.15
Eureka Springs,Arkansas,AR,False,5,Rain,4.08,79,0.89
Everton,Missouri,MO,False,29,Snow,0.6,82,5.99
Flippin,Arkansas,AR,False,5,Clouds,2.07,67,3.6
Gassville,Arkansas,AR,False,5,Clouds,2.2,67,3.6
Green Forest,Arkansas,AR,False,5,Clouds,1.75,81,4.57
Harriet,Arkansas,AR,False,5,Clouds,1.88,77,3.64
Lead Hill,Arkansas,AR,False,5,Clouds,2.65,75,5.45
Leslie,West Virginia,WV,False,54,Clear,-8.97,81,4.67
Mount Judea,Arkansas,AR,False,5,Clouds,2.79,84,1.79
Timbo,Arkansas,AR,False,5,Clouds,2.51,79,3.22
Norfork,Arkansas,AR,False,5,Clouds,3.02,69,3.79
Oak Grove,Kentucky,KY,False,21,Clouds,0.93,52,4.12
Onia,Arkansas,AR,False,5,Clouds,2.04,79,3.21
Parthenon,Arkansas,AR,False,5,Clouds,5.13,72,1.79
Peel,Arkansas,AR,False,5,Clouds,1.4,76,4.88
Pindall,Arkansas,AR,False,5,Clouds,1.6,81,4.29
Ponca,Nebraska,NE,False,31,Clouds,-10.43,51,4.24
Pyatt,Arkansas,AR,False,5,Rain,2.35,76,5.95
Saint Joe,Indiana,IN,False,18,Clear,-10.97,84,0.0
Tilly,Arkansas,AR,False,5,Clouds,2.1,85,3.4
Vendor,Arkansas,AR,False,5,Clouds,3.02,84,1.79
Western Grove,Arkansas,AR,False,5,Clouds,2.11,81,4.83
Witts Springs,Arkansas,AR,False,5,Clouds,2.15,84,3.4
Yellville,Arkansas,AR,False,5,Clouds,2.52,69,3.09
Bentonville,Virginia,VA,False,51,Clear,-6.89,75,2.15
Canehill,Arkansas,AR,False,5,Clouds,5.9,77,9.27
Cave Springs,Arkansas,AR,False,5,Clouds,5.57,80,6.71
Centerton,Arkansas,AR,False,5,Rain,5.08,80,6.71
Combs,Kentucky,KY,False,21,Clouds,-4.94,52,0.84
Elkins,New Hampshire,NH,False,33,Clouds,-7.17,75,1.79
Elm Springs,Arkansas,AR,False,5,Clouds,5.75,79,6.69
Gentry,Missouri,MO,False,29,Snow,-7.87,92,7.02
Gravette,Arkansas,AR,False,5,Rain,5.41,82,5.77
Greenland,New Hampshire,NH,False,33,Clouds,-6.48,70,0.0
Hindsville,Arkansas,AR,False,5,Clouds,6.61,85,6.06
Hiwasse,Arkansas,AR,False,5,Rain,5.04,81,6.69
Johnson,Vermont,VT,False,50,Snow,-10.22,82,2.06
Morrow,Georgia,GA,False,13,Clouds,-0.17,72,1.44
Pea Ridge,Arkansas,AR,False,5,Clouds,4.94,81,6.69
Pettigrew,Arkansas,AR,False,5,Clouds,2.01,93,4.9
Prairie Grove,Arkansas,AR,False,5,Clouds,6.33,74,3.58
Siloam Springs,Arkansas,AR,False,5,Clouds,5.94,75,8.23
Summers,Arkansas,AR,False,5,Clouds,6.01,77,9.76
Tontitown,Arkansas,AR,False,5,Clouds,5.6,79,6.69
Wesley,Maine,ME,False,23,Clouds,-13.31,74,3.88
West Fork,Arkansas,AR,False,5,Clouds,6.46,72,2.57
Witter,Arkansas,AR,False,5,Clouds,2.71,91,6.38
Russellville,South Carolina,SC,False,45,Clear,-1.01,48,1.33
Alix,Arkansas,AR,False,5,Clouds,5.55,73,4.57
Atkins,Virginia,VA,False,51,Clear,-5.69,56,6.17
Belleville,New Jersey,NJ,False,34,Clouds,-2.2,49,7.2
Blue Mountain,Mississippi,MS,False,28,Clouds,6.64,49,3.5
Briggsville,Wisconsin,WI,False,55,Clouds,-12.15,33,4.02
Coal Hill,Arkansas,AR,False,5,Clouds,4.82,71,4.58
Dardanelle,Arkansas,AR,False,5,Clouds,5.53,70,2.57
Gravelly,Arkansas,AR,False,5,Clouds,5.08,93,2.81
Hagarville,Arkansas,AR,False,5,Clouds,4.73,71,2.69
Harvey,Iowa,IA,False,19,Clouds,-7.77,69,4.63
Havana,Florida,FL,False,12,Clear,6.46,78,0.0
Hector,New York,NY,False,36,Clear,-5.11,69,4.47
Knoxville,Pennsylvania,PA,False,42,Clouds,-8.31,73,3.13
New Blaine,Arkansas,AR,False,5,Clouds,5.49,86,3.25
Oark,Arkansas,AR,False,5,Clouds,3.79,91,3.36
Ozone,Arkansas,AR,False,5,Clouds,1.93,88,2.89
Rover,Arkansas,AR,False,5,Clouds,5.54,80,2.35
Scranton,Pennsylvania,PA,False,42,Clouds,-4.49,63,4.63
Subiaco,Arkansas,AR,False,5,Clouds,5.36,73,3.13
Fort Smith,Montana,MT,False,30,Snow,-8.5,96,0.44
Barling,Arkansas,AR,False,5,Clouds,6.79,61,5.14
Booneville,Mississippi,MS,False,28,Clouds,5.99,52,2.98
Branch,Michigan,MI,False,26,Clouds,-10.42,77,4.08
Cecil,Pennsylvania,PA,False,42,Clouds,-8.43,73,4.63
Hackett,Arkansas,AR,False,5,Clouds,6.65,61,5.14
Lavaca,Arkansas,AR,False,5,Clouds,6.84,61,5.14
Magazine,Arkansas,AR,False,5,Clouds,5.37,88,2.33
Mountainburg,Arkansas,AR,False,5,Clouds,3.95,71,5.15
Mulberry,Florida,FL,False,12,Clear,7.52,78,0.0
Natural Dam,Arkansas,AR,False,5,Clouds,4.14,89,5.5
Ozark,Alabama,AL,False,1,Clear,2.74,81,0.0
Rudy,Arkansas,AR,False,5,Clouds,6.11,86,5.43
Van Buren,Maine,ME,False,23,Clouds,-15.24,86,2.55
Albert,Kansas,KS,False,20,Snow,-4.59,86,11.83
Alex,Oklahoma,OK,False,40,Clouds,12.21,93,9.88
Edmond,West Virginia,WV,False,54,Clear,-10.52,63,2.08
Amber,Oklahoma,OK,False,40,Clouds,11.76,82,7.2
Anadarko,Oklahoma,OK,False,40,Clouds,11.9,92,10.68
Apache,Oklahoma,OK,False,40,Clouds,15.72,89,10.37
Bethany,Connecticut,CT,False,9,Clouds,-3.31,57,4.12
Binger,Oklahoma,OK,False,40,Clouds,14.99,92,10.68
Calumet,Pennsylvania,PA,False,42,Clouds,-7.82,72,3.09
Carnegie,Pennsylvania,PA,False,42,Clouds,-7.89,73,4.63
Cement,Oklahoma,OK,False,40,Clouds,11.37,92,10.26
Chickasha,Oklahoma,OK,False,40,Clouds,12.05,82,7.2
Norman,North Carolina,NC,False,37,Clear,-5.57,42,1.41
Choctaw,Arkansas,AR,False,5,Clouds,3.93,70,2.57
Colony,Kansas,KS,False,20,Snow,-0.21,92,8.76
Corn,Oklahoma,OK,False,40,Clouds,12.06,82,9.16
Coyle,Oklahoma,OK,False,40,Clouds,11.19,95,8.26
Cyril,Oklahoma,OK,False,40,Clouds,15.07,92,10.08
Dibble,Oklahoma,OK,False,40,Clouds,10.98,97,9.86
Eakly,Oklahoma,OK,False,40,Clouds,12.2,88,9.99
El Reno,Oklahoma,OK,False,40,Clouds,11.12,87,9.26
Fort Cobb,Oklahoma,OK,False,40,Clouds,15.71,88,10.87
Geary,Oklahoma,OK,False,40,Clouds,10.01,90,11.71
Gotebo,Oklahoma,OK,False,40,Clear,15.64,90,8.75
Gracemont,Oklahoma,OK,False,40,Clouds,12.83,92,10.69
Hinton,Virginia,VA,False,51,Clear,-6.45,69,2.76
Hydro,Oklahoma,OK,False,40,Clouds,12.1,87,4.63
Jones,Alabama,AL,False,1,Clouds,3.79,52,2.58
Langston,Alabama,AL,False,1,Clouds,2.15,64,2.06
Lookeba,Oklahoma,OK,False,40,Clouds,15.11,92,10.81
Luther,Michigan,MI,False,26,Clouds,-11.03,68,4.46
Marlow,New Hampshire,NH,False,33,Clouds,-5.29,77,4.61
Maysville,West Virginia,WV,False,54,Clouds,-8.43,74,4.06
Minco,Oklahoma,OK,False,40,Clouds,11.37,87,9.26
Mulhall,Oklahoma,OK,False,40,Clouds,10.7,95,7.54
Mustang,Oklahoma,OK,False,40,Clouds,10.87,81,10.29
Nicoma Park,Oklahoma,OK,False,40,Clouds,10.65,80,6.69
Ninnekah,Oklahoma,OK,False,40,Clouds,13.02,82,8.23
Noble,Illinois,IL,False,17,Snow,-2.13,60,0.0
Orlando,West Virginia,WV,False,54,Clear,-8.61,69,2.04
Pauls Valley,Oklahoma,OK,False,40,Clouds,13.18,94,2.57
Perry,Maine,ME,False,23,Clouds,-12.67,58,4.72
Pocasset,Massachusetts,MA,False,25,Clouds,12.9,82,8.23
Purcell,Missouri,MO,False,29,Rain,2.81,84,3.09
Rush Springs,Oklahoma,OK,False,40,Clouds,15.33,65,10.13
Yukon,Pennsylvania,PA,False,42,Clouds,-7.31,74,1.79
Sulphur,Kentucky,KY,False,21,Clouds,-3.91,71,1.39
Tuttle,North Dakota,ND,False,38,Clouds,-22.93,91,2.35
Verden,Oklahoma,OK,False,40,Clouds,13.0,82,8.23
Wayne,Maine,ME,False,23,Clouds,-10.65,66,1.79
Wynnewood,Pennsylvania,PA,False,42,Clouds,-3.87,54,9.77
Ardmore,Pennsylvania,PA,False,42,Clouds,-4.05,54,9.77
Countyline,Oklahoma,OK,False,40,Clouds,16.49,96,9.13
Burneyville,Oklahoma,OK,False,40,Clouds,16.11,82,8.94
Elmore City,Oklahoma,OK,False,40,Clouds,13.0,94,2.57
Fox,Arkansas,AR,False,5,Clouds,2.26,78,3.33
Gene Autry,Oklahoma,OK,False,40,Mist,14.41,95,6.17
Healdton,Oklahoma,OK,False,40,Clouds,16.64,89,8.53
Leon,New York,NY,False,36,Snow,-7.33,86,7.39
Loco,Oklahoma,OK,False,40,Clouds,16.43,91,9.24
Lone Grove,Oklahoma,OK,False,40,Clouds,15.75,89,6.17
Hennepin,Illinois,IL,False,17,Clouds,-6.72,70,2.06
Madill,Oklahoma,OK,False,40,Clouds,13.66,97,7.26
Mannsville,New York,NY,False,36,Snow,-2.87,88,6.66
Milburn,Kentucky,KY,False,21,Clouds,1.52,61,3.71
Overbrook,Kansas,KS,False,20,Snow,-4.8,94,7.92
Ravia,Oklahoma,OK,False,40,Clouds,13.96,98,6.8
Ringling,Montana,MT,False,30,Clouds,-15.0,100,1.14
Thackerville,Oklahoma,OK,False,40,Clouds,15.9,87,5.36
Tishomingo,Mississippi,MS,False,28,Clouds,4.95,57,2.31
Wapanucka,Oklahoma,OK,False,40,Clouds,10.98,96,7.78
Ratliff City,Oklahoma,OK,False,40,Clouds,16.46,97,8.95
Tatums,Oklahoma,OK,False,40,Clouds,16.6,98,8.84
Tussy,Oklahoma,OK,False,40,Clouds,14.63,97,9.05
Velma,Oklahoma,OK,False,40,Clouds,16.11,93,9.29
Lawton,Pennsylvania,PA,False,42,Clouds,-5.81,75,5.84
Addington,Oklahoma,OK,False,40,Clouds,16.32,89,8.93
Altus,Arkansas,AR,False,5,Clouds,5.24,73,4.86
Blair,West Virginia,WV,False,54,Clouds,-7.61,87,1.65
Cache,Oklahoma,OK,False,40,Clouds,15.78,92,9.47
Chattanooga,Tennessee,TN,False,47,Clouds,-0.08,67,0.45
Davidson,North Carolina,NC,False,37,Clear,-3.26,65,0.0
Devol,Oklahoma,OK,False,40,Clouds,16.3,90,9.48
Duke,Missouri,MO,False,29,Snow,-1.01,86,4.4
Elmer,New Jersey,NJ,False,34,Clear,-3.47,55,6.52
Faxon,Oklahoma,OK,False,40,Clouds,16.01,88,5.14
Fletcher,North Carolina,NC,False,37,Clear,-3.18,52,5.14
Gould,Arkansas,AR,False,5,Clouds,7.96,79,5.77
Grandfield,Oklahoma,OK,False,40,Clouds,15.98,90,9.17
Hastings,New York,NY,False,36,Snow,-4.19,80,7.2
Headrick,Oklahoma,OK,False,40,Clear,13.99,88,6.69
Hollis,New Hampshire,NH,False,33,Clouds,-3.02,67,2.57
Indiahoma,Oklahoma,OK,False,40,Clouds,15.75,83,9.43
Mangum,Oklahoma,OK,False,40,Clouds,12.63,77,8.35
Manitou,Kentucky,KY,False,21,Clouds,-0.65,64,1.34
Martha,Kentucky,KY,False,21,Clouds,-5.22,55,1.46
Medicine Park,Oklahoma,OK,False,40,Clouds,15.64,91,5.14
Meers,Oklahoma,OK,False,40,Clouds,15.38,89,4.47
Mountain Park,Oklahoma,OK,False,40,Clouds,13.97,77,9.83
Olustee,Florida,FL,False,12,Clear,3.06,70,0.0
Oscar,Louisiana,LA,False,22,Clouds,17.57,87,8.98
Ryan,Iowa,IA,False,19,Clouds,-10.02,57,3.52
Terral,Oklahoma,OK,False,40,Clouds,17.5,85,8.79
Vinson,Oklahoma,OK,False,40,Clouds,13.95,68,6.16
Walters,Oklahoma,OK,False,40,Clouds,15.77,81,9.11
Waurika,Oklahoma,OK,False,40,Clouds,16.74,88,8.8
Arapaho,Oklahoma,OK,False,40,Clouds,12.75,94,8.23
Bessie,Oklahoma,OK,False,40,Clouds,13.08,94,10.8
Burns Flat,Oklahoma,OK,False,40,Clouds,13.03,94,10.8
Butler,New Jersey,NJ,False,34,Clouds,-2.95,54,3.09
Canute,Oklahoma,OK,False,40,Clear,13.16,100,10.8
Carter,Kentucky,KY,False,21,Clouds,-8.15,76,1.74
Cordell,Oklahoma,OK,False,40,Clouds,13.74,94,10.8
Custer City,Pennsylvania,PA,False,42,Mist,-7.12,86,3.6
Dill City,Oklahoma,OK,False,40,Clouds,13.12,94,10.8
Erick,Oklahoma,OK,False,40,Clouds,12.9,72,5.9
Fay,Oklahoma,OK,False,40,Clouds,10.85,94,9.59
Foss,Oklahoma,OK,False,40,Clouds,13.54,94,10.8
Hammon,Oklahoma,OK,False,40,Clouds,13.47,77,8.63
Leedey,Oklahoma,OK,False,40,Clouds,13.11,85,6.63
Lone Wolf,Oklahoma,OK,False,40,Clear,13.96,94,8.75
Reydon,Oklahoma,OK,False,40,Clouds,11.87,76,7.46
Rocky,Oklahoma,OK,False,40,Clear,14.53,92,8.75
Sayre,Pennsylvania,PA,False,42,Clouds,-4.78,75,5.39
Seiling,Oklahoma,OK,False,40,Clouds,12.11,97,3.6
Sentinel,Oklahoma,OK,False,40,Clouds,13.63,77,9.85
Taloga,Oklahoma,OK,False,40,Clouds,13.36,95,4.88
Texola,Oklahoma,OK,False,40,Clouds,11.89,72,5.29
Thomas,West Virginia,WV,False,54,Clouds,-13.66,91,1.34
Enid,Mississippi,MS,False,28,Clouds,8.82,60,5.19
Aline,Oklahoma,OK,False,40,Clouds,8.41,96,6.29
Ames,Iowa,IA,False,19,Snow,-8.23,65,6.69
Amorita,Oklahoma,OK,False,40,Clouds,4.31,95,7.64
Bison,South Dakota,SD,False,46,Snow,-16.51,96,3.21
Carrier,Oklahoma,OK,False,40,Clouds,6.06,80,5.66
Cleo Springs,Oklahoma,OK,False,40,Clouds,8.67,97,6.22
Dacoma,Oklahoma,OK,False,40,Mist,1.22,100,11.83
Drummond,Wisconsin,WI,False,55,Clear,-18.31,66,3.66
Fairmont,West Virginia,WV,False,54,Clouds,-10.14,77,3.42
Garber,Iowa,IA,False,19,Clouds,-10.03,32,3.08
Goltry,Oklahoma,OK,False,40,Clouds,5.46,97,6.36
Hennessey,Oklahoma,OK,False,40,Clouds,9.02,96,6.2
Hopeton,Oklahoma,OK,False,40,Mist,1.12,100,11.83
Isabella,Pennsylvania,PA,False,42,Clouds,-5.13,60,7.72
Jet,Oklahoma,OK,False,40,Clouds,7.8,96,6.39
Kingfisher,Oklahoma,OK,False,40,Clouds,13.61,94,8.1
Kremlin,Montana,MT,False,30,Clouds,-13.51,97,2.06
Lahoma,Oklahoma,OK,False,40,Clouds,7.91,78,5.66
Longdale,Oklahoma,OK,False,40,Clouds,11.71,95,4.58
Loyal,Wisconsin,WI,False,55,Clouds,-16.23,58,4.68
Lucien,Oklahoma,OK,False,40,Clouds,5.85,95,7.12
Meno,Oklahoma,OK,False,40,Clouds,8.68,96,6.46
Okarche,Oklahoma,OK,False,40,Clouds,11.57,94,9.98
Okeene,Oklahoma,OK,False,40,Clouds,10.66,95,5.14
Omega,Georgia,GA,False,13,Clear,1.06,93,0.0
Pond Creek,Oklahoma,OK,False,40,Clouds,6.11,95,6.36
Ringwood,New Jersey,NJ,False,34,Clear,-3.28,55,0.89
Southard,Oklahoma,OK,False,40,Clouds,10.05,93,5.31
Wakita,Oklahoma,OK,False,40,Clouds,5.26,95,7.06
Watonga,Oklahoma,OK,False,40,Clouds,10.05,87,3.6
Waukomis,Oklahoma,OK,False,40,Clouds,8.86,76,6.69
Woodward,Pennsylvania,PA,False,42,Clouds,-6.49,73,5.97
Arnett,West Virginia,WV,False,54,Clear,-7.23,80,2.05
Camargo,Illinois,IL,False,17,Clouds,-4.49,60,2.28
Fargo,Georgia,GA,False,13,Clear,4.2,59,0.62
Fort Supply,Oklahoma,OK,False,40,Snow,0.34,100,6.69
Gage,Oklahoma,OK,False,40,Mist,1.11,100,5.66
Gate,Oklahoma,OK,False,40,Snow,-1.07,93,7.98
Laverne,Oklahoma,OK,False,40,Snow,-0.04,95,7.68
Mooreland,Indiana,IN,False,18,Clouds,-9.93,81,3.7
Mutual,Oklahoma,OK,False,40,Clouds,11.51,98,4.11
Sharon,Massachusetts,MA,False,25,Clouds,-2.42,60,5.14
Shattuck,Oklahoma,OK,False,40,Mist,0.89,100,5.66
Vici,Oklahoma,OK,False,40,Clouds,11.66,98,3.04
Waynoka,Oklahoma,OK,False,40,Clouds,0.97,98,6.99
Balko,Oklahoma,OK,False,40,Clouds,-1.84,93,8.6
Boise City,Oklahoma,OK,False,40,Clouds,-3.01,91,9.0
Forgan,Oklahoma,OK,False,40,Snow,-2.89,88,8.91
Goodwell,Oklahoma,OK,False,40,Mist,-6.34,100,10.8
Guymon,Oklahoma,OK,False,40,Mist,-6.0,100,10.8
Hardesty,Oklahoma,OK,False,40,Clouds,-5.58,89,9.05
Hooker,Oklahoma,OK,False,40,Snow,-3.81,84,9.24
Kenton,Delaware,DE,False,10,Clear,-4.05,58,2.68
Turpin,Oklahoma,OK,False,40,Clouds,-5.76,86,9.16
Texhoma,Oklahoma,OK,False,40,Clouds,-1.91,92,8.09
Avant,Oklahoma,OK,False,40,Rain,5.0,83,5.91
Barnsdall,Oklahoma,OK,False,40,Clouds,4.61,86,5.73
Bartlesville,Oklahoma,OK,False,40,Clouds,5.16,81,3.6
Bixby,Missouri,MO,False,29,Clouds,-2.6,69,4.05
Bristow,Virginia,VA,False,51,Clear,-5.67,64,2.24
Broken Arrow,Oklahoma,OK,False,40,Clouds,7.59,68,5.66
Catoosa,Oklahoma,OK,False,40,Clouds,8.01,69,5.66
Chelsea,Massachusetts,MA,False,25,Clouds,-1.67,58,8.23
Claremore,Oklahoma,OK,False,40,Clouds,7.79,72,3.6
Copan,Oklahoma,OK,False,40,Clouds,4.96,77,3.6
Delaware,New Jersey,NJ,False,34,Clear,-4.05,60,1.34
Depew,New York,NY,False,36,Clouds,-5.7,69,9.77
Drumright,Oklahoma,OK,False,40,Clouds,10.15,71,3.6
Foyil,Oklahoma,OK,False,40,Clouds,7.49,72,3.6
Glenpool,Oklahoma,OK,False,40,Clouds,7.65,66,4.12
Hallett,Oklahoma,OK,False,40,Clouds,8.47,91,6.86
Hominy,Oklahoma,OK,False,40,Clouds,6.9,89,6.13
Inola,Oklahoma,OK,False,40,Clouds,7.93,72,3.6
Jenks,Oklahoma,OK,False,40,Clouds,7.85,68,4.12
Jennings,Florida,FL,False,12,Clear,2.1,53,1.24
Kellyville,Oklahoma,OK,False,40,Clouds,7.39,92,7.19
Kiefer,Oklahoma,OK,False,40,Clouds,7.53,69,4.12
Lenapah,Oklahoma,OK,False,40,Clouds,4.99,93,5.56
Mannford,Oklahoma,OK,False,40,Clouds,9.27,61,4.63
Maramec,Oklahoma,OK,False,40,Clouds,7.81,91,6.93
Milfay,Oklahoma,OK,False,40,Clouds,10.33,93,8.58
Mounds,Illinois,IL,False,17,Clouds,0.99,64,2.57
Nowata,Oklahoma,OK,False,40,Rain,5.06,86,5.68
Ochelata,Oklahoma,OK,False,40,Rain,4.8,85,3.6
Oologah,Oklahoma,OK,False,40,Clouds,7.49,72,5.87
Owasso,Oklahoma,OK,False,40,Clouds,8.1,70,5.66
Pawhuska,Oklahoma,OK,False,40,Rain,5.46,93,5.74
Perkins,Georgia,GA,False,13,Clear,3.24,48,2.6
Prue,Oklahoma,OK,False,40,Clouds,9.12,61,4.63
Ripley,New York,NY,False,36,Clouds,-4.05,76,6.71
Sand Springs,Montana,MT,False,30,Clouds,-14.33,94,4.07
Sapulpa,Oklahoma,OK,False,40,Clouds,7.66,67,4.12
Skiatook,Oklahoma,OK,False,40,Clouds,7.73,73,6.11
Slick,Oklahoma,OK,False,40,Clouds,9.29,92,7.08
S Coffeyville,Oklahoma,OK,False,40,Clouds,2.92,87,4.63
Sperry,Iowa,IA,False,19,Clouds,-7.51,71,2.06
Stillwater,Maine,ME,False,23,Clouds,-11.72,67,2.57
Stroud,Oklahoma,OK,False,40,Clouds,10.18,76,6.69
Talala,Oklahoma,OK,False,40,Clouds,6.62,77,5.77
Terlton,Oklahoma,OK,False,40,Clouds,8.57,91,7.13
Vera,Oklahoma,OK,False,40,Clouds,7.22,75,1.34
Wann,Oklahoma,OK,False,40,Rain,4.48,94,5.54
Wynona,Oklahoma,OK,False,40,Clouds,3.95,90,5.94
Yale,Virginia,VA,False,51,Clear,-4.93,49,2.71
Tulsa,Oklahoma,OK,False,40,Clouds,7.88,68,5.66
Vinita,Oklahoma,OK,False,40,Rain,7.2,81,0.89
Adair,Iowa,IA,False,19,Clouds,-11.55,67,5.51
Big Cabin,Oklahoma,OK,False,40,Rain,7.18,81,4.48
Bluejacket,Oklahoma,OK,False,40,Rain,7.08,81,4.34
Chouteau,Oklahoma,OK,False,40,Clouds,7.8,72,3.6
Colcord,West Virginia,WV,False,54,Clear,-7.29,87,0.45
Disney,Oklahoma,OK,False,40,Clouds,7.04,91,4.86
Eucha,Oklahoma,OK,False,40,Clouds,6.44,90,6.16
Fairland,Indiana,IN,False,18,Clouds,-6.68,76,2.29
Grove,Oklahoma,OK,False,40,Rain,7.08,87,2.57
Jay,Maine,ME,False,23,Clouds,-10.29,67,0.89
Kansas,Alabama,AL,False,1,Clouds,5.05,59,2.36
Locust Grove,Virginia,VA,False,51,Clear,-5.97,61,5.36
North Miami,Oklahoma,OK,False,40,Rain,3.89,87,4.16
Oaks,Pennsylvania,PA,False,42,Clouds,-3.62,55,5.66
Picher,Oklahoma,OK,False,40,Rain,3.7,89,2.24
Pryor,Montana,MT,False,30,Clouds,-8.59,95,0.59
Quapaw,Oklahoma,OK,False,40,Rain,3.72,89,2.24
Rose,New York,NY,False,36,Snow,-4.92,73,3.13
Spavinaw,Oklahoma,OK,False,40,Clouds,7.64,90,5.22
Strang,Nebraska,NE,False,31,Snow,-11.04,93,7.41
Twin Oaks,Oklahoma,OK,False,40,Clouds,6.21,89,7.55
Wyandotte,Michigan,MI,False,26,Clouds,-6.61,65,7.72
Muskogee,Oklahoma,OK,False,40,Clouds,7.27,70,6.69
Beggs,Oklahoma,OK,False,40,Clouds,7.92,66,4.12
Boynton,Pennsylvania,PA,False,42,Clouds,-10.23,83,6.26
Braggs,Oklahoma,OK,False,40,Clouds,7.72,65,6.69
Checotah,Oklahoma,OK,False,40,Clouds,9.95,82,0.89
Cookson,Oklahoma,OK,False,40,Clouds,5.96,88,5.81
Council Hill,Oklahoma,OK,False,40,Clouds,9.95,82,7.55
Coweta,Oklahoma,OK,False,40,Clouds,7.76,68,2.24
Crowder,Mississippi,MS,False,28,Clouds,7.78,61,5.87
Dewar,Iowa,IA,False,19,Clouds,-9.44,58,4.63
Eufaula,Alabama,AL,False,1,Clear,0.02,86,0.0
Fort Gibson,Oklahoma,OK,False,40,Clouds,7.66,70,6.69
Gore,Virginia,VA,False,51,Clear,-6.09,65,1.34
Henryetta,Oklahoma,OK,False,40,Clouds,7.93,92,7.34
Hitchita,Oklahoma,OK,False,40,Clouds,9.77,82,6.99
Hoyt,Kansas,KS,False,20,Snow,-5.59,94,8.52
Hulbert,Michigan,MI,False,26,Snow,-6.86,91,5.09
Moodys,Oklahoma,OK,False,40,Clouds,5.88,70,3.6
Morris,Connecticut,CT,False,9,Clouds,-4.46,62,0.89
Okay,Oklahoma,OK,False,40,Clouds,7.68,72,0.89
Okmulgee,Oklahoma,OK,False,40,Clouds,8.02,66,4.12
Oktaha,Oklahoma,OK,False,40,Clouds,7.74,64,6.69
Park Hill,Oklahoma,OK,False,40,Clouds,6.21,70,3.6
Peggs,Oklahoma,OK,False,40,Clouds,5.89,70,3.6
Porum,Oklahoma,OK,False,40,Clouds,8.94,81,5.66
Redbird,Oklahoma,OK,False,40,Clouds,7.8,74,7.62
Rentiesville,Oklahoma,OK,False,40,Clouds,9.57,75,6.69
Schulter,Oklahoma,OK,False,40,Clouds,7.97,66,4.12
Stidham,Oklahoma,OK,False,40,Clouds,9.78,83,6.52
Stigler,Oklahoma,OK,False,40,Clouds,8.99,81,5.66
Tahlequah,Oklahoma,OK,False,40,Clouds,6.12,70,3.6
Wagoner,Oklahoma,OK,False,40,Clouds,7.71,74,6.38
Warner,New Hampshire,NH,False,33,Clouds,-6.16,72,3.47
Webbers Falls,Oklahoma,OK,False,40,Clouds,8.87,86,5.72
Welling,Oklahoma,OK,False,40,Clouds,6.24,70,3.6
Whitefield,New Hampshire,NH,False,33,Clouds,-11.59,80,0.0
Mcalester,Oklahoma,OK,False,40,Clouds,9.05,81,5.14
Alderson,West Virginia,WV,False,54,Clear,-5.56,60,2.32
Antlers,Oklahoma,OK,False,40,Clouds,8.52,95,5.91
Atoka,Tennessee,TN,False,47,Clouds,5.2,66,0.89
Blocker,Oklahoma,OK,False,40,Clouds,9.37,86,4.94
Bromide,Oklahoma,OK,False,40,Clouds,10.54,97,7.62
Calvin,Pennsylvania,PA,False,42,Clouds,-6.77,62,0.89
Caney,Kansas,KS,False,20,Clouds,2.1,94,5.85
Centrahoma,Oklahoma,OK,False,40,Clouds,9.59,96,7.82
Clarita,Oklahoma,OK,False,40,Clouds,10.43,96,7.8
Coalgate,Oklahoma,OK,False,40,Clouds,9.45,95,8.11
Daisy,Georgia,GA,False,13,Clear,-1.08,93,0.0
Gowen,Michigan,MI,False,26,Clear,-8.57,75,5.36
Haileyville,Oklahoma,OK,False,40,Clouds,9.25,81,5.14
Hartshorne,Oklahoma,OK,False,40,Clouds,9.11,94,5.53
Kinta,Oklahoma,OK,False,40,Clouds,9.03,90,5.0
Krebs,Oklahoma,OK,False,40,Clouds,9.19,81,5.14
Lane,South Carolina,SC,False,45,Clear,-3.01,41,1.08
Lehigh,Iowa,IA,False,19,Clouds,-9.9,62,7.2
Moyers,Oklahoma,OK,False,40,Clouds,8.2,96,5.68
Nashoba,Oklahoma,OK,False,40,Clouds,7.77,97,5.13
Panola,Alabama,AL,False,1,Clouds,3.66,56,2.22
Quinton,New Jersey,NJ,False,34,Clear,-3.31,48,6.5
Rattan,Oklahoma,OK,False,40,Clouds,7.84,96,4.91
Savanna,Illinois,IL,False,17,Clouds,-7.58,55,2.93
Snow,Oklahoma,OK,False,40,Clouds,8.0,97,5.12
Stringtown,Oklahoma,OK,False,40,Clouds,9.14,95,7.52
Stuart,Virginia,VA,False,51,Clear,-4.06,48,2.4
Talihina,Oklahoma,OK,False,40,Clouds,8.31,94,3.83
Tupelo,Mississippi,MS,False,28,Clouds,8.96,39,3.09
Tuskahoma,Oklahoma,OK,False,40,Clouds,8.55,96,5.07
Wardville,Oklahoma,OK,False,40,Clouds,9.5,95,7.7
Wilburton,Pennsylvania,PA,False,42,Clouds,-7.16,66,5.41
Ponca City,Oklahoma,OK,False,40,Clouds,4.58,82,6.69
Billings,New York,NY,False,36,Clouds,-3.05,59,4.92
Braman,Oklahoma,OK,False,40,Clouds,3.38,84,8.23
Deer Creek,Minnesota,MN,False,27,Clear,-23.06,70,1.54
Hunter,New York,NY,False,36,Clouds,-6.56,74,2.68
Kaw City,Oklahoma,OK,False,40,Clouds,4.69,83,7.79
Marland,Oklahoma,OK,False,40,Clouds,4.43,82,6.69
Nardin,Oklahoma,OK,False,40,Clouds,3.88,87,8.23
Shidler,Oklahoma,OK,False,40,Clouds,4.86,94,7.32
Tonkawa,Oklahoma,OK,False,40,Clouds,4.04,85,8.23
Durant,Florida,FL,False,12,Clear,7.27,84,1.54
Achille,Oklahoma,OK,False,40,Drizzle,12.8,97,5.14
Battiest,Oklahoma,OK,False,40,Clouds,6.51,98,4.45
Bennington,New Hampshire,NH,False,33,Clouds,-4.67,77,2.24
Bokchito,Oklahoma,OK,False,40,Clouds,12.1,95,7.87
Boswell,Pennsylvania,PA,False,42,Snow,-10.08,79,6.69
Broken Bow,Nebraska,NE,False,31,Mist,-11.92,85,7.2
Calera,Alabama,AL,False,1,Clouds,3.3,67,0.0
Cartwright,North Dakota,ND,False,38,Clouds,-15.68,90,4.0
Eagletown,Oklahoma,OK,False,40,Clouds,6.83,87,4.12
Fort Towson,Oklahoma,OK,False,40,Clouds,7.86,96,4.97
Garvin,Minnesota,MN,False,27,Clear,-16.4,78,3.6
Haworth,New Jersey,NJ,False,34,Clouds,-2.27,51,6.17
Hendrix,Oklahoma,OK,False,40,Drizzle,13.47,95,5.14
Idabel,Oklahoma,OK,False,40,Clouds,7.97,100,4.63
Kenefic,Oklahoma,OK,False,40,Clouds,12.04,96,8.04
Millerton,New York,NY,False,36,Clouds,-4.06,58,5.8
Pickens,West Virginia,WV,False,54,Clouds,-13.66,86,2.38
Platter,Oklahoma,OK,False,40,Drizzle,12.81,96,5.14
Ringold,Oklahoma,OK,False,40,Clouds,7.25,97,4.73
Rufe,Oklahoma,OK,False,40,Clouds,7.31,96,4.89
Sawyer,Michigan,MI,False,26,Clouds,-4.64,58,6.49
Soper,Oklahoma,OK,False,40,Clouds,9.32,95,7.25
Spencerville,Maryland,MD,False,24,Clear,-5.79,59,4.63
Valliant,Oklahoma,OK,False,40,Clouds,7.86,96,5.14
Wright City,Missouri,MO,False,29,Snow,-3.68,87,1.34
Ada,Ohio,OH,False,39,Clear,-11.55,82,3.6
Agra,Kansas,KS,False,20,Snow,-10.03,87,2.24
Asher,Kentucky,KY,False,21,Clouds,-2.33,51,1.18
Boley,Oklahoma,OK,False,40,Clouds,9.26,95,9.28
Bowlegs,Oklahoma,OK,False,40,Clouds,9.16,87,6.69
Byars,Oklahoma,OK,False,40,Clouds,12.7,88,9.39
Carney,Michigan,MI,False,26,Clear,-10.73,63,4.32
Castle,Oklahoma,OK,False,40,Clouds,9.07,95,9.08
Connerville,Oklahoma,OK,False,40,Clouds,10.76,97,7.67
Cromwell,Connecticut,CT,False,9,Clouds,-2.19,58,4.54
Dustin,Oklahoma,OK,False,40,Clouds,9.62,93,7.84
Earlsboro,Oklahoma,OK,False,40,Clouds,9.18,87,9.26
Fittstown,Oklahoma,OK,False,40,Clouds,9.34,97,8.35
Fitzhugh,Oklahoma,OK,False,40,Drizzle,8.49,100,6.17
Francis,Oklahoma,OK,False,40,Drizzle,9.12,100,6.17
Holdenville,Oklahoma,OK,False,40,Clouds,9.44,96,9.06
Konawa,Oklahoma,OK,False,40,Drizzle,9.02,100,6.17
Mcloud,Oklahoma,OK,False,40,Clouds,10.03,87,9.26
Macomb,Michigan,MI,False,26,Snow,-1.1,81,2.68
Newalla,Oklahoma,OK,False,40,Clouds,10.21,84,9.94
Okemah,Oklahoma,OK,False,40,Clouds,9.22,94,8.85
Paden,Oklahoma,OK,False,40,Clouds,9.03,96,9.44
Prague,Nebraska,NE,False,31,Snow,-9.23,73,8.23
Roff,Oklahoma,OK,False,40,Clouds,8.5,97,9.2
Saint Louis,Michigan,MI,False,26,Snow,-2.19,75,4.63
Sasakwa,Oklahoma,OK,False,40,Clouds,9.32,97,8.9
Tecumseh,Michigan,MI,False,26,Clear,-9.68,80,2.57
Tryon,North Carolina,NC,False,37,Clouds,-0.51,42,0.89
Wanette,Oklahoma,OK,False,40,Clouds,12.74,88,9.44
Weleetka,Oklahoma,OK,False,40,Clouds,9.4,94,8.28
Wellston,Ohio,OH,False,39,Clouds,-12.06,68,2.22
Wetumka,Oklahoma,OK,False,40,Clouds,9.46,95,8.53
Wewoka,Oklahoma,OK,False,40,Clouds,9.33,97,9.25
Arkoma,Oklahoma,OK,False,40,Clouds,6.22,67,6.71
Pocola,Oklahoma,OK,False,40,Clouds,6.73,61,5.14
Bokoshe,Oklahoma,OK,False,40,Clouds,8.84,86,3.81
Bunch,Oklahoma,OK,False,40,Clouds,6.62,88,5.94
Fanshawe,Oklahoma,OK,False,40,Clouds,8.14,90,3.3
Gans,Pennsylvania,PA,False,42,Clear,-9.32,72,2.57
Heavener,Oklahoma,OK,False,40,Clouds,8.78,76,1.54
Hodgen,Oklahoma,OK,False,40,Clouds,8.81,93,3.05
Keota,Iowa,IA,False,19,Clouds,-8.08,65,3.05
Leflore,Oklahoma,OK,False,40,Clouds,8.82,92,3.55
Lequire,Oklahoma,OK,False,40,Clouds,9.03,81,5.66
Mccurtain,Oklahoma,OK,False,40,Clouds,8.95,81,5.66
Marble City,Oklahoma,OK,False,40,Clouds,6.42,72,6.69
Moffett,Oklahoma,OK,False,40,Clouds,6.37,68,6.71
Muldrow,Oklahoma,OK,False,40,Clouds,6.9,68,6.69
Muse,Pennsylvania,PA,False,42,Clouds,-8.41,74,2.57
Panama,New York,NY,False,36,Clouds,-8.31,92,6.99
Poteau,Oklahoma,OK,False,40,Clouds,8.93,76,1.54
Roland,Iowa,IA,False,19,Clouds,-8.45,75,3.78
Sallisaw,Oklahoma,OK,False,40,Clouds,6.69,72,6.69
Shady Point,Oklahoma,OK,False,40,Clouds,8.97,76,1.54
Spiro,Oklahoma,OK,False,40,Clouds,6.65,85,4.7
Stilwell,Kansas,KS,False,20,Mist,-3.57,93,6.17
Vian,Oklahoma,OK,False,40,Clouds,6.77,69,6.69
Watson,Alabama,AL,False,1,Clouds,5.03,57,1.54
Watts,Oklahoma,OK,False,40,Clouds,6.22,75,8.23
Westville,New Jersey,NJ,False,34,Clouds,-3.04,52,9.77
Wister,Oklahoma,OK,False,40,Clouds,8.92,76,1.54
Addison,Maine,ME,False,23,Clouds,-12.51,57,4.77
Allen,Maryland,MD,False,24,Clear,-4.97,65,0.45
Carrollton,Virginia,VA,False,51,Clouds,-11.45,89,1.54
Celina,Tennessee,TN,False,47,Clouds,-0.54,50,0.96
Irving,New York,NY,False,36,Clouds,-3.81,63,5.66
Coppell,Texas,TX,False,48,Mist,17.25,83,7.2
Denison,Iowa,IA,False,19,Snow,-9.99,62,7.2
Flower Mound,Texas,TX,False,48,Clouds,16.9,84,6.69
Plano,Iowa,IA,False,19,Clouds,-9.01,73,4.63
Rowlett,Texas,TX,False,48,Clouds,16.25,93,6.17
Rockwall,Texas,TX,False,48,Mist,15.72,94,6.26
Sachse,Texas,TX,False,48,Clouds,16.18,93,4.02
Grand Prairie,Texas,TX,False,48,Clouds,18.46,80,8.23
The Colony,Texas,TX,False,48,Mist,16.69,90,8.94
Gunter,Texas,TX,False,48,Clouds,15.17,93,5.36
Lake Dallas,Texas,TX,False,48,Clouds,16.95,89,6.17
Little Elm,Texas,TX,False,48,Clouds,16.9,89,6.26
Mckinney,Texas,TX,False,48,Mist,15.49,93,6.69
Pottsboro,Texas,TX,False,48,Mist,13.76,95,4.63
Prosper,Texas,TX,False,48,Mist,15.7,93,6.69
Richardson,Texas,TX,False,48,Mist,16.35,93,7.2
Sherman,Maine,ME,False,23,Clouds,-13.36,73,1.74
Wylie,Texas,TX,False,48,Mist,15.8,94,6.69
Bardwell,Kentucky,KY,False,21,Clouds,1.06,66,3.79
Barry,Minnesota,MN,False,27,Clouds,-19.16,61,5.33
Canton,Massachusetts,MA,False,25,Clouds,10.21,53,5.74
Cedar Hill,Tennessee,TN,False,47,Clouds,0.83,60,3.09
Chatfield,Ohio,OH,False,39,Clouds,-11.93,81,4.4
Corsicana,Texas,TX,False,48,Clouds,19.39,90,7.72
Crandall,Georgia,GA,False,13,Clear,-3.32,80,0.0
Desoto,Texas,TX,False,48,Clouds,17.87,90,5.66
Duncanville,Alabama,AL,False,1,Clouds,5.6,55,2.37
Ennis,Montana,MT,False,30,Clouds,-1.2,86,3.09
Copeville,Texas,TX,False,48,Mist,15.48,96,6.69
Eustace,Texas,TX,False,48,Clouds,17.02,93,8.24
Ferris,Illinois,IL,False,17,Clouds,-7.06,57,3.29
Forney,Texas,TX,False,48,Clouds,16.37,92,6.71
Fruitvale,Tennessee,TN,False,47,Rain,1.14,94,1.54
Fate,Texas,TX,False,48,Mist,15.53,93,4.12
Caddo Mills,Texas,TX,False,48,Haze,14.7,96,6.69
Grand Saline,Texas,TX,False,48,Clouds,15.01,97,7.41
Hutchins,Texas,TX,False,48,Clouds,17.02,92,5.14
Kaufman,Texas,TX,False,48,Clouds,16.11,93,6.69
Kemp,Oklahoma,OK,False,40,Mist,13.23,96,5.14
Kerens,West Virginia,WV,False,54,Clouds,-10.54,84,1.34
Malakoff,Texas,TX,False,48,Clouds,17.27,94,5.14
Red Oak,Virginia,VA,False,51,Clear,-3.3,47,2.23
Mabank,Texas,TX,False,48,Clouds,16.98,93,8.4
Rosser,Texas,TX,False,48,Clouds,16.97,59,8.72
Scurry,Texas,TX,False,48,Clouds,16.39,92,8.41
Seagoville,Texas,TX,False,48,Clouds,16.58,94,6.69
Terrell,North Carolina,NC,False,37,Clear,-3.33,65,1.54
Josephine,Pennsylvania,PA,False,42,Clouds,-7.37,67,6.17
Waxahachie,Texas,TX,False,48,Clouds,18.64,90,5.66
Lavon,Texas,TX,False,48,Mist,15.65,95,4.12
Wills Point,Texas,TX,False,48,Clouds,15.25,97,8.89
Wilmer,Alabama,AL,False,1,Clouds,12.19,51,5.14
Nevada,Ohio,OH,False,39,Clouds,-11.84,81,4.03
Balch Springs,Texas,TX,False,48,Clouds,16.55,93,6.69
Royse City,Texas,TX,False,48,Mist,15.34,95,4.12
Anna,Ohio,OH,False,39,Clear,-11.31,86,1.54
Alba,Pennsylvania,PA,False,42,Clouds,-7.67,74,6.04
Arthur City,Texas,TX,False,48,Clouds,10.21,94,1.34
Bagwell,Texas,TX,False,48,Clouds,10.13,96,5.68
Bells,Tennessee,TN,False,47,Clouds,5.1,45,2.57
Ben Franklin,Texas,TX,False,48,Clouds,12.17,99,7.01
Blossom,Texas,TX,False,48,Mist,10.02,96,5.66
Bogata,Texas,TX,False,48,Clouds,10.25,96,6.39
Bonham,Texas,TX,False,48,Haze,13.21,97,6.17
Brashear,Missouri,MO,False,29,Snow,-8.04,77,5.14
Brookston,Indiana,IN,False,18,Clouds,-9.91,76,2.06
Celeste,Texas,TX,False,48,Clouds,14.11,86,8.39
Blue Ridge,Virginia,VA,False,51,Clear,-2.87,43,6.17
Chicota,Texas,TX,False,48,Clouds,10.13,94,1.34
Clarksville,New York,NY,False,36,Clouds,-9.27,92,0.0
Commerce,Georgia,GA,False,13,Clear,0.3,49,3.09
Cooper,Iowa,IA,False,19,Snow,-9.14,67,4.63
Cumby,Texas,TX,False,48,Clouds,12.83,97,4.02
Cunningham,Tennessee,TN,False,47,Rain,2.72,99,1.88
Deport,Texas,TX,False,48,Mist,10.25,93,5.66
Dike,Iowa,IA,False,19,Clouds,-9.69,63,3.83
Dodd City,Texas,TX,False,48,Haze,12.91,97,6.17
Ector,Texas,TX,False,48,Haze,13.29,96,6.17
Emory,Virginia,VA,False,51,Clear,-6.38,77,0.45
Enloe,Texas,TX,False,48,Clouds,12.17,99,2.24
Gober,Texas,TX,False,48,Clouds,18.07,92,7.72
Honey Grove,Pennsylvania,PA,False,42,Clouds,-5.88,70,5.39
Klondike,Texas,TX,False,48,Clouds,12.36,98,2.24
Ladonia,Texas,TX,False,48,Clouds,12.93,96,7.85
Lake Creek,Texas,TX,False,48,Clouds,19.42,87,7.15
Leesburg,New Jersey,NJ,False,34,Clouds,-3.1,51,6.69
Leonard,Michigan,MI,False,26,Clouds,-9.97,78,0.89
Lone Oak,Texas,TX,False,48,Haze,14.46,94,6.69
Melissa,Texas,TX,False,48,Mist,15.21,94,6.69
Merit,Texas,TX,False,48,Clouds,14.38,86,8.5
Pattonville,Texas,TX,False,48,Mist,10.09,96,5.66
Pecan Gap,Texas,TX,False,48,Clouds,12.02,99,7.37
Petty,Texas,TX,False,48,Clouds,11.01,98,7.05
Pickton,Texas,TX,False,48,Clouds,12.68,92,6.85
Point,Texas,TX,False,48,Clouds,14.97,92,2.24
Powderly,Kentucky,KY,False,21,Clouds,-0.13,55,1.54
Quinlan,Texas,TX,False,48,Haze,14.79,95,6.69
Ravenna,Kentucky,KY,False,21,Clouds,-4.75,62,0.66
Roxton,Texas,TX,False,48,Clouds,12.09,99,6.78
Saltillo,Pennsylvania,PA,False,42,Clouds,-6.84,71,5.57
Savoy,Massachusetts,MA,False,25,Clouds,-6.73,78,1.79
Scroggins,Texas,TX,False,48,Clouds,13.48,97,6.12
Sulphur Bluff,Texas,TX,False,48,Clouds,13.03,96,7.14
Sulphur Springs,Ohio,OH,False,39,Clouds,-8.93,79,2.28
Talco,Texas,TX,False,48,Clouds,11.6,96,6.01
Telephone,Texas,TX,False,48,Clouds,11.1,98,8.11
Tom Bean,Texas,TX,False,48,Clouds,14.22,93,8.58
Whitewright,Texas,TX,False,48,Clouds,13.62,86,8.49
Windom,Minnesota,MN,False,27,Clear,-13.91,61,5.66
Winfield,Pennsylvania,PA,False,42,Clouds,6.31,59,0.45
Winnsboro,South Carolina,SC,False,45,Clear,-2.52,42,1.07
Van Alstyne,Texas,TX,False,48,Clouds,15.0,95,4.92
Wolfe City,Texas,TX,False,48,Clouds,13.62,97,8.24
Yantis,Texas,TX,False,48,Clouds,13.8,92,6.86
Texarkana,Arkansas,AR,False,5,Clouds,8.42,82,5.36
Annona,Texas,TX,False,48,Clouds,10.08,96,4.78
Bivins,Texas,TX,False,48,Clouds,10.46,83,4.53
Bloomburg,Texas,TX,False,48,Clouds,10.48,83,4.53
Cookville,Texas,TX,False,48,Clouds,10.87,93,5.66
De Kalb,Mississippi,MS,False,28,Clouds,7.75,60,2.95
Douglassville,Pennsylvania,PA,False,42,Clouds,-3.96,57,4.63
Hooks,Texas,TX,False,48,Clouds,8.65,96,4.66
Kildare,Texas,TX,False,48,Clouds,10.47,95,4.45
Marietta,New York,NY,False,36,Clouds,-5.14,72,7.2
Maud,Oklahoma,OK,False,40,Clouds,9.29,87,6.69
Nash,Oklahoma,OK,False,40,Clouds,7.85,96,6.26
New Boston,New Hampshire,NH,False,33,Clouds,-4.06,69,2.68
Omaha,Georgia,GA,False,13,Clear,-1.12,65,1.67
Redwater,Texas,TX,False,48,Clouds,8.65,96,4.67
Simms,Montana,MT,False,30,Clouds,-16.1,97,1.02
Avinger,Texas,TX,False,48,Clouds,12.51,95,4.37
Beckville,Texas,TX,False,48,Clouds,13.01,93,5.52
Carthage,New York,NY,False,36,Snow,-4.15,75,5.14
Cason,Texas,TX,False,48,Clouds,11.06,93,5.66
Daingerfield,Texas,TX,False,48,Clouds,10.95,96,4.61
De Berry,Texas,TX,False,48,Clouds,13.35,98,4.96
Diana,West Virginia,WV,False,54,Clear,-10.45,85,1.69
Elysian Fields,Texas,TX,False,48,Clouds,13.36,98,4.97
Gary,West Virginia,WV,False,54,Clear,-7.88,54,2.7
Gilmer,Texas,TX,False,48,Clouds,14.32,96,6.09
Gladewater,Texas,TX,False,48,Clouds,12.96,96,6.36
Hallsville,Ohio,OH,False,39,Clouds,-8.03,82,1.69
Harleton,Texas,TX,False,48,Clouds,12.86,95,4.68
Hughes Springs,Texas,TX,False,48,Clouds,12.15,96,4.47
Joinerville,Texas,TX,False,48,Clouds,12.84,95,7.43
Jonesville,Vermont,VT,False,50,Snow,-9.16,86,3.6
Judson,Texas,TX,False,48,Clouds,12.84,95,5.35
Karnack,Texas,TX,False,48,Clouds,13.19,93,4.45
Kilgore,Nebraska,NE,False,31,Snow,-13.93,94,4.52
Laird Hill,Texas,TX,False,48,Clouds,12.81,94,4.12
Laneville,Texas,TX,False,48,Clouds,16.2,93,6.15
Lone Star,Texas,TX,False,48,Clouds,11.08,96,4.47
Long Branch,New Jersey,NJ,False,34,Clear,-2.82,50,5.81
Tyler,Alabama,AL,False,1,Clouds,3.89,60,1.54
Athens,Maine,ME,False,23,Clouds,-11.92,68,2.91
Ben Wheeler,Texas,TX,False,48,Clouds,16.02,99,0.89
Big Sandy,West Virginia,WV,False,54,Clear,-6.92,86,2.18
Brownsboro,Alabama,AL,False,1,Clouds,4.07,52,4.02
Bullard,Texas,TX,False,48,Clouds,16.27,96,1.34
Cuney,Texas,TX,False,48,Clouds,16.8,95,6.96
Cushing,Maine,ME,False,23,Clear,-10.87,67,0.0
Flint,Michigan,MI,False,26,Clouds,-8.8,77,4.02
Frankston,Texas,TX,False,48,Clouds,16.63,89,7.2
Gallatin,Tennessee,TN,False,47,Clouds,0.93,61,0.45
Hawkins,Wisconsin,WI,False,55,Clear,-18.27,84,3.31
Larue,Texas,TX,False,48,Clouds,16.97,94,5.14
Lindale,Georgia,GA,False,13,Clouds,-1.3,68,1.21
Maydelle,Texas,TX,False,48,Clouds,17.22,100,5.71
Mineola,New York,NY,False,36,Clear,-2.78,52,2.68
Murchison,Texas,TX,False,48,Clouds,16.21,99,5.14
Neches,Texas,TX,False,48,Clouds,18.0,90,6.24
New Summerfield,Texas,TX,False,48,Clouds,17.04,100,6.98
Poynor,Texas,TX,False,48,Clouds,17.09,89,7.79
Quitman,Georgia,GA,False,13,Clear,4.88,84,1.53
Reklaw,Texas,TX,False,48,Clouds,16.84,91,5.9
Rusk,Texas,TX,False,48,Clouds,17.01,100,5.84
Sacul,Texas,TX,False,48,Clouds,16.81,91,5.57
Troup,Texas,TX,False,48,Clouds,16.31,96,0.45
Van,West Virginia,WV,False,54,Clouds,-7.36,94,2.0
Whitehouse,New Jersey,NJ,False,34,Clouds,-3.18,56,3.09
Winona,West Virginia,WV,False,54,Clear,-6.59,65,2.38
Palestine,West Virginia,WV,False,54,Clear,-6.34,62,2.32
Cayuga,New York,NY,False,36,Clouds,-4.38,69,2.68
Donie,Texas,TX,False,48,Clouds,19.77,39,8.35
Elkhart,Indiana,IN,False,18,Clear,-10.27,82,3.09
Grapeland,Texas,TX,False,48,Clouds,18.73,93,6.89
Groveton,New Hampshire,NH,False,33,Clouds,-11.7,85,2.58
Jewett,New York,NY,False,36,Clouds,-7.24,76,1.34
Kennard,Indiana,IN,False,18,Clouds,-9.02,83,3.0
Kirvin,Texas,TX,False,48,Clouds,20.11,89,8.17
Latexo,Texas,TX,False,48,Clouds,18.9,100,4.63
Leona,Texas,TX,False,48,Clouds,17.75,94,2.68
Lovelady,Texas,TX,False,48,Clouds,19.1,90,5.78
Montalba,Texas,TX,False,48,Clouds,17.99,94,5.14
Oakwood,Virginia,VA,False,51,Clear,-5.51,63,0.0
Pennington,New Jersey,NJ,False,34,Clear,-3.59,55,1.34
Ratcliff,Arkansas,AR,False,5,Clouds,6.06,75,3.38
Streetman,Texas,TX,False,48,Clouds,19.84,84,8.14
Teague,Texas,TX,False,48,Clouds,19.67,88,8.37
Tennessee Colony,Texas,TX,False,48,Clouds,18.14,94,5.14
Trinity,North Carolina,NC,False,37,Clear,-3.62,66,0.89
Lufkin,Texas,TX,False,48,Clouds,17.3,97,4.63
Apple Springs,Texas,TX,False,48,Clouds,17.06,92,4.9
Bon Wier,Texas,TX,False,48,Clouds,15.87,99,3.02
Broaddus,Texas,TX,False,48,Clouds,16.55,94,1.34
Bronson,Florida,FL,False,12,Clear,6.45,48,1.84
Brookeland,Texas,TX,False,48,Clouds,16.03,97,3.42
Burkeville,Virginia,VA,False,51,Clear,-2.74,46,2.81
Call,Texas,TX,False,48,Clouds,16.17,99,2.42
Camden,Maine,ME,False,23,Clear,-10.73,70,0.45
Chireno,Texas,TX,False,48,Clouds,16.29,94,4.28
Colmesneil,Texas,TX,False,48,Clouds,17.19,93,1.34
Corrigan,Texas,TX,False,48,Clouds,17.09,92,4.06
Diboll,Texas,TX,False,48,Clouds,17.16,100,4.63
Doucette,Texas,TX,False,48,Clouds,17.04,93,1.34
Douglass,Kansas,KS,False,20,Snow,-0.55,93,6.17
Etoile,Kentucky,KY,False,21,Clouds,-1.18,65,1.61
Hemphill,Texas,TX,False,48,Clouds,14.56,96,4.29
Jasper,New York,NY,False,36,Clouds,-7.15,83,7.83
Joaquin,Texas,TX,False,48,Clouds,15.11,94,3.6
Kirbyville,Missouri,MO,False,29,Rain,0.28,87,4.63
Milam,West Virginia,WV,False,54,Clear,-9.0,86,2.34
Nacogdoches,Texas,TX,False,48,Clouds,16.08,100,5.66
Pineland,South Carolina,SC,False,45,Clear,-0.02,36,0.31
Pollok,Texas,TX,False,48,Clouds,16.16,92,4.99
San Augustine,Texas,TX,False,48,Clouds,15.9,60,4.09
Shelbyville,Tennessee,TN,False,47,Clouds,1.73,53,1.75
Tenaha,Texas,TX,False,48,Clouds,15.88,98,3.6
Timpson,Texas,TX,False,48,Clouds,15.41,99,4.81
Wiergate,Texas,TX,False,48,Clouds,15.07,99,2.88
Woden,Iowa,IA,False,19,Clouds,-13.41,56,3.7
Woodville,Massachusetts,MA,False,25,Clouds,4.19,55,0.75
Zavalla,Texas,TX,False,48,Clouds,17.09,81,1.79
Aledo,Illinois,IL,False,17,Clouds,-7.85,57,2.49
Alvarado,Minnesota,MN,False,27,Clouds,-25.03,97,3.0
Boyd,Wisconsin,WI,False,55,Clouds,-16.82,51,4.42
Burleson,Texas,TX,False,48,Clouds,18.75,88,7.2
Cleburne,Texas,TX,False,48,Mist,18.21,94,9.83
Colleyville,Texas,TX,False,48,Clouds,18.18,76,7.2
Cresson,Pennsylvania,PA,False,42,Clouds,-10.25,87,7.99
Euless,Texas,TX,False,48,Clouds,18.03,75,6.69
Forreston,Illinois,IL,False,17,Clear,-9.44,23,2.57
Glen Rose,Texas,TX,False,48,Clouds,19.06,90,9.43
Godley,Texas,TX,False,48,Mist,17.92,92,7.72
Granbury,Texas,TX,False,48,Clouds,17.53,92,0.89
Grapevine,Arkansas,AR,False,5,Clouds,6.64,87,3.03
Haslet,Texas,TX,False,48,Clouds,18.07,87,7.2
Hurst,Illinois,IL,False,17,Clouds,-1.05,71,2.57
Itasca,Illinois,IL,False,17,Clear,-8.56,54,4.12
Joshua,Texas,TX,False,48,Mist,18.18,92,7.2
Kennedale,Texas,TX,False,48,Clouds,18.95,82,6.17
Lillian,Alabama,AL,False,1,Clouds,15.43,58,5.66
Maypearl,Texas,TX,False,48,Clouds,19.41,83,8.23
Midlothian,Maryland,MD,False,24,Clouds,-9.52,67,4.63
Millsap,Texas,TX,False,48,Clouds,17.23,88,3.09
Mineral Wells,West Virginia,WV,False,54,Clear,-10.73,89,0.0
Nemo,South Dakota,SD,False,46,Clouds,-17.97,82,1.95
Rainbow,Texas,TX,False,48,Clouds,18.46,91,1.34
Rhome,Texas,TX,False,48,Clouds,17.57,89,7.2
Springtown,Pennsylvania,PA,False,42,Clouds,-3.93,60,5.66
Venus,Pennsylvania,PA,False,42,Clouds,-9.05,86,5.04
Weatherford,Oklahoma,OK,False,40,Clouds,11.9,88,4.63
Southlake,Texas,TX,False,48,Clouds,17.78,82,8.75
Azle,Texas,TX,False,48,Clouds,18.08,88,6.17
Fort Worth,Texas,TX,False,48,Clouds,18.59,85,7.72
Haltom City,Texas,TX,False,48,Clouds,18.69,79,7.72
North Richland Hills,Texas,TX,False,48,Clouds,18.46,78,8.75
Denton,Maryland,MD,False,24,Clouds,-3.69,55,0.45
Alvord,Iowa,IA,False,19,Clouds,-11.56,36,4.71
Argyle,New York,NY,False,36,Clouds,-3.8,82,2.24
Aubrey,Arkansas,AR,False,5,Clouds,7.13,67,4.92
Collinsville,Connecticut,CT,False,9,Clouds,-2.95,62,1.34
Decatur,Georgia,GA,False,13,Clear,-0.78,54,0.0
Era,Texas,TX,False,48,Clouds,16.81,95,9.51
Forestburg,Texas,TX,False,48,Clouds,16.43,92,10.0
Gainesville,New York,NY,False,36,Snow,-7.96,86,8.74
Gordonville,Pennsylvania,PA,False,42,Clouds,7.56,54,2.5
Justin,Texas,TX,False,48,Clouds,17.91,89,7.2
Krum,Texas,TX,False,48,Clouds,17.03,93,7.15
Muenster,Texas,TX,False,48,Clouds,16.77,91,4.92
Myra,West Virginia,WV,False,54,Clouds,-8.34,86,1.65
Nocona,Texas,TX,False,48,Clouds,16.82,87,9.83
Ponder,Texas,TX,False,48,Clouds,17.33,92,6.17
Ringgold,Pennsylvania,PA,False,42,Snow,-9.37,77,6.39
Roanoke,Virginia,VA,False,51,Clear,-2.23,44,6.17
Rosston,Arkansas,AR,False,5,Clouds,8.24,94,3.85
Sadler,Texas,TX,False,48,Mist,14.27,100,6.17
Saint Jo,Texas,TX,False,48,Clouds,16.33,89,2.24
Slidell,Louisiana,LA,False,22,Rain,15.2,87,5.14
Southmayd,Texas,TX,False,48,Mist,14.28,96,6.17
Sunset,Maine,ME,False,23,Clouds,-10.4,67,7.65
Tioga,Pennsylvania,PA,False,42,Clouds,-6.49,80,5.81
Valley View,Pennsylvania,PA,False,42,Clouds,-5.25,66,4.02
Whitesboro,New Jersey,NJ,False,34,Clouds,-2.91,39,6.17
Wichita Falls,Texas,TX,False,48,Clear,16.47,88,6.17
Archer City,Texas,TX,False,48,Clouds,16.6,75,10.2
Bluegrove,Texas,TX,False,48,Clouds,18.18,77,9.56
Burkburnett,Texas,TX,False,48,Clear,16.44,88,6.17
Electra,Texas,TX,False,48,Clouds,15.81,77,8.53
Goree,Texas,TX,False,48,Clouds,16.53,78,10.84
Harrold,South Dakota,SD,False,46,Snow,-15.35,85,4.23
Henrietta,New York,NY,False,36,Clouds,-5.17,75,8.23
Holliday,Missouri,MO,False,29,Snow,-6.1,86,4.92
Iowa Park,Texas,TX,False,48,Clear,16.23,88,8.23
Kamay,Texas,TX,False,48,Clouds,16.41,77,9.29
Megargel,Alabama,AL,False,1,Clouds,7.29,54,3.08
Munday,West Virginia,WV,False,54,Clear,-7.59,70,2.05
Oklaunion,Texas,TX,False,48,Clear,15.41,81,6.17
Olney,Maryland,MD,False,24,Clear,-6.12,61,5.14
Scotland,Connecticut,CT,False,9,Clouds,-2.97,59,2.57
Seymour,Connecticut,CT,False,9,Clouds,-2.51,57,4.12
Weinert,Texas,TX,False,48,Clouds,16.38,80,11.08
Windthorst,Texas,TX,False,48,Clouds,18.24,76,9.73
Stephenville,Texas,TX,False,48,Clouds,17.74,88,6.17
Bryson,Texas,TX,False,48,Clouds,16.97,87,4.63
Caddo,Oklahoma,OK,False,40,Clouds,11.93,96,8.0
Blanket,Texas,TX,False,48,Clouds,18.43,79,4.12
Bluff Dale,Texas,TX,False,48,Clouds,17.77,91,9.52
Carbon,Indiana,IN,False,18,Clouds,-5.69,76,2.21
Dennis,Massachusetts,MA,False,25,Clouds,-1.47,60,9.39
Comanche,Oklahoma,OK,False,40,Clouds,17.21,82,6.69
Cross Plains,Tennessee,TN,False,47,Clouds,0.39,63,2.66
De Leon,Texas,TX,False,48,Clouds,18.38,83,3.13
Desdemona,Texas,TX,False,48,Clouds,18.81,80,5.66
Eastland,Texas,TX,False,48,Clouds,17.03,78,6.69
Graford,Texas,TX,False,48,Clouds,18.41,86,10.08
Energy,Illinois,IL,False,17,Clouds,-1.13,67,2.57
Gordon,Pennsylvania,PA,False,42,Clear,4.92,49,2.06
Gorman,Texas,TX,False,48,Clouds,18.09,83,10.47
Hico,West Virginia,WV,False,54,Clear,-10.8,90,1.91
Jacksboro,Tennessee,TN,False,47,Clouds,-1.03,51,2.57
Jermyn,Pennsylvania,PA,False,42,Clouds,-4.83,65,3.58
Lingleville,Texas,TX,False,48,Clouds,17.14,88,6.17
Lipan,Texas,TX,False,48,Clouds,16.78,89,8.94
Mingus,Texas,TX,False,48,Clouds,18.92,84,2.68
Morgan Mill,Texas,TX,False,48,Clouds,18.03,88,6.17
Olden,Texas,TX,False,48,Clouds,17.3,77,5.66
Paluxy,Texas,TX,False,48,Clouds,18.8,89,9.38
Proctor,Vermont,VT,False,50,Clouds,-7.35,82,5.14
Putnam,Connecticut,CT,False,9,Clouds,-2.17,59,1.34
Ranger,West Virginia,WV,False,54,Clouds,-7.76,93,1.8
Rising Star,Texas,TX,False,48,Clouds,17.02,84,10.3
Santo,Texas,TX,False,48,Clouds,19.36,83,9.78
Sidney,New York,NY,False,36,Clouds,-5.44,78,6.95
Strawn,Illinois,IL,False,17,Clouds,-7.53,51,2.72
Tolar,Texas,TX,False,48,Clouds,16.67,92,0.0
Throckmorton,Texas,TX,False,48,Clouds,17.42,74,9.35
Palo Pinto,Texas,TX,False,48,Clouds,18.82,83,10.11
Peaster,Texas,TX,False,48,Clouds,16.62,91,9.43
Perrin,Texas,TX,False,48,Clouds,17.09,81,10.77
Poolville,Texas,TX,False,48,Clouds,17.04,92,10.04
Whitt,Texas,TX,False,48,Clouds,16.66,88,3.09
Woodson,Illinois,IL,False,17,Snow,-5.12,63,2.57
Temple,New Hampshire,NH,False,33,Clouds,-4.77,74,4.47
Bartlett,New Hampshire,NH,False,33,Clouds,-8.53,63,1.53
Belton,South Carolina,SC,False,45,Clear,-1.65,61,0.0
Buckholts,Texas,TX,False,48,Clouds,19.35,82,10.29
Copperas Cove,Texas,TX,False,48,Clouds,18.21,88,6.69
Davilla,Texas,TX,False,48,Clouds,19.13,82,8.45
Eddy,Texas,TX,False,48,Clouds,18.98,93,9.29
Evant,Texas,TX,False,48,Clouds,18.79,87,3.13
Flat,Texas,TX,False,48,Clouds,18.83,85,8.93
Gatesville,North Carolina,NC,False,37,Clear,-1.68,63,3.61
Heidenheimer,Texas,TX,False,48,Clouds,18.42,90,10.29
Holland,Massachusetts,MA,False,25,Clouds,-6.14,74,4.63
Jarrell,Texas,TX,False,48,Clouds,18.33,89,9.26
Jonesboro,Maine,ME,False,23,Clouds,-9.5,55,4.84
Kempner,Texas,TX,False,48,Clouds,18.53,89,6.69
Killeen,Texas,TX,False,48,Clouds,18.7,88,6.69
Fort Hood,Texas,TX,False,48,Clouds,18.53,87,6.69
Harker Heights,Texas,TX,False,48,Clouds,18.54,88,6.69
Lampasas,Texas,TX,False,48,Clouds,18.35,89,2.68
Little River Academy,Texas,TX,False,48,Clouds,18.5,90,10.29
Milano,Texas,TX,False,48,Clouds,19.21,45,8.66
Moody,Maine,ME,False,23,Clouds,-11.82,67,3.55
Mound,Minnesota,MN,False,27,Clouds,-15.12,48,1.34
Nolanville,Texas,TX,False,48,Clouds,18.58,89,6.69
Oglesby,Illinois,IL,False,17,Clouds,-7.03,75,3.09
Pottsville,Pennsylvania,PA,False,42,Clouds,-4.72,67,2.24
Purmela,Texas,TX,False,48,Clouds,18.39,90,4.63
Rockdale,Texas,TX,False,48,Clouds,19.55,80,8.95
Rosebud,South Dakota,SD,False,46,Snow,-15.0,96,3.87
Salado,Arkansas,AR,False,5,Clouds,3.15,73,2.57
Schwertner,Texas,TX,False,48,Clouds,18.46,89,8.5
Thorndale,Pennsylvania,PA,False,42,Clouds,-4.34,58,6.17
Thrall,Texas,TX,False,48,Clouds,18.39,92,9.03
Abbott,Texas,TX,False,48,Clouds,18.88,85,6.26
Aquilla,Texas,TX,False,48,Clouds,19.17,85,8.95
Blooming Grove,New York,NY,False,36,Clouds,-3.15,59,6.17
Blum,Texas,TX,False,48,Clouds,18.56,99,9.56
Brandon,Vermont,VT,False,50,Clouds,-7.9,83,3.45
Bremond,Texas,TX,False,48,Clouds,18.35,82,8.62
Bruceville,Indiana,IN,False,18,Clouds,-3.36,64,1.44
Bynum,North Carolina,NC,False,37,Clear,-4.38,71,1.64
Chilton,Wisconsin,WI,False,55,Clear,-12.53,40,6.3
China Spring,Texas,TX,False,48,Clouds,19.25,87,9.26
Covington,Pennsylvania,PA,False,42,Clouds,-6.91,78,6.85
Cranfills Gap,Texas,TX,False,48,Clouds,18.61,90,9.27
Dawson,Pennsylvania,PA,False,42,Clouds,-8.31,56,4.86
Elm Mott,Texas,TX,False,48,Clouds,19.18,85,9.26
Frost,Minnesota,MN,False,27,Clouds,-13.39,65,3.39
Groesbeck,Texas,TX,False,48,Clouds,19.75,86,11.32
Hewitt,New Jersey,NJ,False,34,Clear,-3.01,56,1.79
Laguna Park,Texas,TX,False,48,Clouds,19.46,88,8.73
Iredell,Texas,TX,False,48,Clouds,19.07,62,9.41
Irene,South Dakota,SD,False,46,Clouds,-11.16,37,5.05
Italy,Texas,TX,False,48,Clouds,19.42,85,6.71
Kopperl,Texas,TX,False,48,Clouds,19.31,90,9.55
Kosse,Texas,TX,False,48,Clouds,19.76,83,8.59
Leroy,Alabama,AL,False,1,Clouds,6.64,59,2.36
Lorena,Texas,TX,False,48,Clouds,19.17,81,8.23
Lott,Texas,TX,False,48,Clouds,19.4,83,8.78
Mart,Texas,TX,False,48,Clouds,19.39,86,9.06
Mertens,Texas,TX,False,48,Clouds,19.44,90,8.75
Mexia,Alabama,AL,False,1,Clouds,7.23,54,2.68
Mount Calm,Texas,TX,False,48,Clouds,19.11,85,9.36
Penelope,Texas,TX,False,48,Clouds,19.2,84,9.29
Prairie Hill,Texas,TX,False,48,Clouds,19.25,87,9.29
Purdon,Texas,TX,False,48,Clouds,19.68,83,8.66
Reagan,Tennessee,TN,False,47,Clouds,4.41,53,2.48
Riesel,Texas,TX,False,48,Clouds,19.49,86,5.81
Satin,Texas,TX,False,48,Clouds,19.66,92,8.82
Tehuacana,Texas,TX,False,48,Clouds,19.65,86,11.32
Valley Mills,Texas,TX,False,48,Clouds,19.42,87,8.65
Walnut Springs,Texas,TX,False,48,Clouds,19.08,62,9.74
West,Mississippi,MS,False,28,Clouds,8.99,59,3.27
Whitney,Pennsylvania,PA,False,42,Clouds,-8.13,74,4.63
Wortham,Texas,TX,False,48,Clouds,20.04,87,11.32
Waco,North Carolina,NC,False,37,Clear,-3.54,51,0.0
Woodway,Texas,TX,False,48,Clouds,19.07,89,9.26
Brownwood,Missouri,MO,False,29,Snow,1.2,61,3.98
Early,Iowa,IA,False,19,Clouds,-10.71,67,8.23
Art,Texas,TX,False,48,Clouds,18.64,86,7.04
Ballinger,Texas,TX,False,48,Clouds,15.72,86,8.14
Bangs,Texas,TX,False,48,Clouds,18.5,77,4.12
Brady,Montana,MT,False,30,Clouds,-21.15,100,0.59
Brookesmith,Texas,TX,False,48,Clouds,18.92,83,7.54
Burkett,Texas,TX,False,48,Clear,12.08,94,6.17
Castell,Texas,TX,False,48,Clouds,18.78,82,7.42
Cherokee,North Carolina,NC,False,37,Clouds,-3.69,68,0.67
Coleman,Florida,FL,False,12,Clear,6.99,42,2.08
Doole,Texas,TX,False,48,Clouds,17.67,67,10.18
Goldthwaite,Texas,TX,False,48,Clouds,17.71,93,8.04
Gouldbusk,Texas,TX,False,48,Clouds,17.68,67,7.75
Hext,Texas,TX,False,48,Clouds,16.49,85,2.24
Lohn,Texas,TX,False,48,Clouds,17.59,67,6.17
Lometa,Texas,TX,False,48,Clouds,17.91,89,9.24
London,West Virginia,WV,False,54,Clear,-7.53,81,1.77
Lowake,Texas,TX,False,48,Clouds,15.52,86,9.4
Mason,West Virginia,WV,False,54,Clouds,-9.61,81,1.46
Melvin,Alabama,AL,False,1,Clouds,6.9,64,2.81
Menard,Illinois,IL,False,17,Clouds,-1.66,80,4.12
Miles,Iowa,IA,False,19,Clouds,-8.15,39,3.0
Millersview,Texas,TX,False,48,Clouds,16.51,73,10.74
Mullin,Texas,TX,False,48,Clouds,18.74,93,8.07
Norton,Massachusetts,MA,False,25,Clouds,-2.21,60,4.12
Paint Rock,Alabama,AL,False,1,Clouds,4.18,52,0.89
Pontotoc,Mississippi,MS,False,28,Clouds,7.67,59,3.79
Priddy,Texas,TX,False,48,Clouds,17.65,94,9.22
Richland Springs,Texas,TX,False,48,Clouds,17.02,90,8.7
Rochelle,Virginia,VA,False,51,Clear,-7.51,70,0.0
Rockwood,Maine,ME,False,23,Clouds,-13.54,81,3.5
Rowena,Texas,TX,False,48,Clouds,15.51,86,3.58
San Saba,Texas,TX,False,48,Clouds,18.43,90,8.32
Santa Anna,Texas,TX,False,48,Clouds,16.88,77,5.14
Talpa,Texas,TX,False,48,Clouds,15.4,85,8.15
Telegraph,Texas,TX,False,48,Clouds,15.76,88,9.65
Valera,Texas,TX,False,48,Clouds,15.67,85,5.14
Valley Spring,Texas,TX,False,48,Clouds,18.58,82,4.63
Veribest,Texas,TX,False,48,Clouds,17.08,82,9.64
Voca,Texas,TX,False,48,Clouds,17.53,93,8.22
Voss,Texas,TX,False,48,Clouds,16.17,76,7.96
Zephyr,Texas,TX,False,48,Clouds,18.6,81,4.12
San Angelo,Texas,TX,False,48,Clear,17.19,84,8.23
Barnhart,Missouri,MO,False,29,Snow,-2.32,83,0.45
Bronte,Texas,TX,False,48,Clouds,15.94,85,7.48
Christoval,Texas,TX,False,48,Clear,16.16,87,8.23
Eldorado,Ohio,OH,False,39,Clouds,-9.65,82,3.68
Eola,Illinois,IL,False,17,Clear,-8.58,64,3.6
Knickerbocker,Texas,TX,False,48,Clear,16.49,86,8.23
Mereta,Texas,TX,False,48,Clouds,17.63,80,5.36
Mertzon,Texas,TX,False,48,Clouds,15.3,87,9.41
Ozona,Florida,FL,False,12,Clear,10.03,76,3.93
Robert Lee,Texas,TX,False,48,Clouds,16.88,82,7.97
Silver,Texas,TX,False,48,Clouds,16.33,82,9.76
Sterling City,Texas,TX,False,48,Clouds,15.04,86,0.89
Tennyson,Indiana,IN,False,18,Clouds,-2.21,63,1.36
Vancourt,Texas,TX,False,48,Clouds,17.28,82,11.97
Wall,South Dakota,SD,False,46,Snow,-16.01,82,3.84
Water Valley,Mississippi,MS,False,28,Clouds,8.41,49,4.3
Conroe,Texas,TX,False,48,Clouds,18.64,93,4.12
North Houston,Texas,TX,False,48,Clouds,19.29,92,4.12
Willis,Virginia,VA,False,51,Clear,-7.33,60,4.98
Kingwood,West Virginia,WV,False,54,Clouds,-11.66,88,4.68
Ace,Texas,TX,False,48,Clouds,17.94,96,3.71
Coldspring,Texas,TX,False,48,Clouds,18.39,97,0.45
Dallardsville,Texas,TX,False,48,Clouds,17.25,96,3.2
Dobbin,Texas,TX,False,48,Clouds,18.77,94,5.44
Dodge,Wisconsin,WI,False,55,Clear,-12.7,50,5.14
Goodrich,Michigan,MI,False,26,Clouds,-9.0,77,0.45
Huffman,Texas,TX,False,48,Clouds,17.89,80,0.89
Hufsmith,Texas,TX,False,48,Clouds,18.74,93,2.06
Humble,Texas,TX,False,48,Clouds,18.48,89,4.12
Magnolia,New Jersey,NJ,False,34,Clouds,-3.19,52,7.72
New Caney,Texas,TX,False,48,Clouds,18.14,94,4.62
New Waverly,Indiana,IN,False,18,Clouds,-11.63,79,3.09
Plantersville,Alabama,AL,False,1,Clouds,2.63,78,1.23
Pointblank,Texas,TX,False,48,Clouds,19.05,99,4.9
Porter,Maine,ME,False,23,Clouds,-8.63,80,2.72
Romayor,Texas,TX,False,48,Clouds,18.12,94,0.0
Shepherd,Michigan,MI,False,26,Clouds,-9.27,74,2.68
Splendora,Texas,TX,False,48,Clouds,18.0,95,4.16
Thicket,Texas,TX,False,48,Clouds,16.96,97,2.81
Tomball,Texas,TX,False,48,Clouds,18.78,93,2.06
Votaw,Texas,TX,False,48,Clouds,17.09,97,2.94
Spring,Texas,TX,False,48,Clouds,18.66,92,4.12
Bellaire,Ohio,OH,False,39,Clouds,-8.76,79,0.89
Alief,Texas,TX,False,48,Mist,19.26,93,5.66
Altair,Texas,TX,False,48,Clear,18.97,98,2.57
Barker,New York,NY,False,36,Snow,-5.62,84,1.34
Cedar Lane,Texas,TX,False,48,Clear,20.22,96,4.12
Beasley,Texas,TX,False,48,Clouds,19.22,99,2.24
Bellville,Georgia,GA,False,13,Clear,-1.18,100,0.51
Blessing,Texas,TX,False,48,Clear,20.71,89,8.19
Boling,Texas,TX,False,48,Clouds,20.04,81,7.62
Brazoria,Texas,TX,False,48,Clouds,20.94,88,5.66
Brookshire,Texas,TX,False,48,Clouds,19.0,93,1.79
Chappell Hill,Texas,TX,False,48,Clouds,18.96,88,3.6
Collegeport,Texas,TX,False,48,Clear,20.96,88,8.67
Damon,Texas,TX,False,48,Clouds,18.89,84,7.31
Danciger,Texas,TX,False,48,Clouds,19.98,82,7.58
Danevang,Texas,TX,False,48,Clouds,20.53,91,8.09
Eagle Lake,Maine,ME,False,23,Clouds,-15.12,92,1.87
East Bernard,Texas,TX,False,48,Clouds,19.01,88,7.02
Egypt,Arkansas,AR,False,5,Clouds,3.9,71,5.05
El Campo,Texas,TX,False,48,Clear,19.99,88,4.63
Elmaton,Texas,TX,False,48,Clouds,20.66,91,8.22
Fulshear,Texas,TX,False,48,Clouds,19.03,94,1.34
Garwood,New Jersey,NJ,False,34,Clouds,-2.66,53,7.2
Glen Flora,Wisconsin,WI,False,55,Clear,-18.1,55,5.14
Guy,Arkansas,AR,False,5,Clouds,3.99,74,2.68
Hempstead,New York,NY,False,36,Clear,-2.59,52,4.92
Prairie View,Kansas,KS,False,20,Snow,-10.43,89,7.95
Hockley,Texas,TX,False,48,Clouds,18.78,92,2.68
Hungerford,Texas,TX,False,48,Clear,19.99,88,4.63
Kendleton,Texas,TX,False,48,Clouds,19.43,100,7.24
Kenney,Illinois,IL,False,17,Clouds,-5.63,76,2.35
Lane City,Texas,TX,False,48,Clear,20.03,88,4.63
Lissie,Texas,TX,False,48,Clouds,18.94,95,4.02
Louise,Mississippi,MS,False,28,Clouds,10.51,64,5.52
Markham,Virginia,VA,False,51,Clear,-3.34,53,1.95
Matagorda,Texas,TX,False,48,Clouds,21.01,85,8.65
Midfield,Texas,TX,False,48,Clouds,20.61,91,8.13
Missouri City,Missouri,MO,False,29,Snow,-5.19,86,4.12
Nada,Texas,TX,False,48,Clouds,18.95,88,7.39
Needville,Texas,TX,False,48,Clouds,19.33,100,7.36
Old Ocean,Texas,TX,False,48,Clear,20.01,100,4.12
Palacios,Texas,TX,False,48,Clear,20.98,88,8.88
Pattison,Mississippi,MS,False,28,Clouds,12.59,84,5.29
Pledger,Texas,TX,False,48,Clouds,19.99,81,7.75
Rosenberg,Texas,TX,False,48,Clouds,19.16,94,3.09
San Felipe,Texas,TX,False,48,Clouds,18.88,91,2.24
Sealy,Texas,TX,False,48,Clouds,18.79,91,2.24
Simonton,Texas,TX,False,48,Clouds,19.02,94,1.34
Stafford,Connecticut,CT,False,9,Clouds,-3.07,62,4.8
Sugar Land,Texas,TX,False,48,Clouds,19.19,93,3.09
Sweeny,Texas,TX,False,48,Clear,20.05,100,4.12
Thompsons,Texas,TX,False,48,Clouds,19.13,93,3.09
Van Vleck,Texas,TX,False,48,Clear,20.0,100,4.12
Waller,Texas,TX,False,48,Clouds,18.57,95,2.68
Wallis,Texas,TX,False,48,Clouds,18.89,97,6.8
West Columbia,West Virginia,WV,False,54,Clouds,-9.73,80,1.53
Wharton,New Jersey,NJ,False,34,Clouds,-4.14,59,3.58
Katy,Texas,TX,False,48,Clouds,19.07,93,1.79
Alvin,Illinois,IL,False,17,Clouds,-7.74,77,1.54
Anahuac,Texas,TX,False,48,Clouds,18.34,88,6.73
Angleton,Texas,TX,False,48,Clouds,20.98,88,5.66
Bacliff,Texas,TX,False,48,Clouds,19.42,91,2.24
Batson,Texas,TX,False,48,Clouds,17.16,96,2.94
Baytown,Texas,TX,False,48,Clouds,18.73,95,5.31
Channelview,Texas,TX,False,48,Clouds,18.7,95,3.09
Clute,Texas,TX,False,48,Clouds,20.55,94,5.81
Crosby,Pennsylvania,PA,False,42,Clear,4.94,48,2.16
Daisetta,Texas,TX,False,48,Clouds,18.05,93,3.83
Danbury,New Hampshire,NH,False,33,Clouds,-8.46,71,0.45
Devers,Texas,TX,False,48,Clouds,18.51,90,4.52
Dickinson,Alabama,AL,False,1,Clouds,6.9,48,2.65
Freeport,Maine,ME,False,23,Clouds,-8.8,71,0.45
Friendswood,Texas,TX,False,48,Clouds,19.34,92,4.63
Galena Park,Texas,TX,False,48,Mist,19.1,92,4.63
Galveston,Indiana,IN,False,18,Clouds,-10.55,82,4.63
Hankamer,Texas,TX,False,48,Clouds,18.3,87,6.04
Hardin,Kentucky,KY,False,21,Clouds,1.66,61,4.12
Highlands,New Jersey,NJ,False,34,Clear,-2.54,51,8.49
Hitchcock,South Dakota,SD,False,46,Clouds,-14.78,66,3.91
Hull,Massachusetts,MA,False,25,Clear,0.92,51,2.57
Kemah,Texas,TX,False,48,Clouds,19.28,91,3.09
Lake Jackson,Texas,TX,False,48,Clouds,21.02,88,5.66
La Marque,Texas,TX,False,48,Clouds,19.88,92,6.17
La Porte,Indiana,IN,False,18,Clear,-9.81,90,3.09
League City,Texas,TX,False,48,Clouds,19.4,91,3.6
Liberty,Maine,ME,False,23,Clouds,-13.08,53,4.13
Liverpool,New York,NY,False,36,Snow,-4.21,71,3.58
Manvel,North Dakota,ND,False,38,Clouds,-23.86,81,3.05
Mont Belvieu,Texas,TX,False,48,Clouds,18.4,95,5.39
Pearland,Texas,TX,False,48,Clouds,19.26,92,4.63
Raywood,Texas,TX,False,48,Clouds,18.41,91,4.3
Rosharon,Texas,TX,False,48,Clouds,18.53,95,2.06
Seabrook,New Hampshire,NH,False,33,Clouds,-6.02,70,3.47
South Houston,Texas,TX,False,48,Mist,19.08,91,4.63
Texas City,Texas,TX,False,48,Clouds,19.83,92,6.17
Wallisville,Texas,TX,False,48,Clouds,18.36,94,5.91
Webster,Massachusetts,MA,False,25,Clouds,-2.89,63,2.68
Bridge City,Texas,TX,False,48,Clouds,18.01,94,6.17
Buna,Texas,TX,False,48,Clouds,17.81,94,2.08
China,Texas,TX,False,48,Clouds,17.51,96,3.09
Evadale,Texas,TX,False,48,Clouds,17.86,94,2.14
Fred,Texas,TX,False,48,Clouds,17.7,98,2.46
Groves,Texas,TX,False,48,Clouds,18.0,94,6.17
Hamshire,Texas,TX,False,48,Clouds,18.19,94,5.54
High Island,Texas,TX,False,48,Clouds,17.75,93,8.52
Hillister,Texas,TX,False,48,Clouds,17.36,96,3.14
Kountze,Texas,TX,False,48,Clouds,17.78,94,2.19
Mauriceville,Texas,TX,False,48,Clouds,17.97,94,4.63
Orangefield,Texas,TX,False,48,Clouds,18.0,94,4.63
Port Arthur,Texas,TX,False,48,Clouds,18.02,94,6.17
Port Bolivar,Texas,TX,False,48,Clouds,19.92,94,6.17
Port Neches,Texas,TX,False,48,Clouds,18.01,94,6.17
Sabine Pass,Texas,TX,False,48,Clouds,18.01,85,6.28
Silsbee,Texas,TX,False,48,Clouds,17.79,94,0.89
Lumberton,New Jersey,NJ,False,34,Clouds,-3.22,51,5.66
Sour Lake,Texas,TX,False,48,Clouds,16.95,95,3.32
Spurger,Texas,TX,False,48,Clouds,16.06,97,2.98
Stowell,Texas,TX,False,48,Clouds,18.31,82,6.34
Vidor,Texas,TX,False,48,Clouds,18.2,99,3.23
Village Mills,Texas,TX,False,48,Clouds,17.75,97,2.33
Winnie,Texas,TX,False,48,Clouds,18.3,83,6.11
Bryan,Ohio,OH,False,39,Clear,-11.08,79,3.09
Bedias,Texas,TX,False,48,Clouds,19.94,91,8.37
Brenham,Texas,TX,False,48,Clouds,19.23,71,3.6
Calvert,Alabama,AL,False,1,Clouds,11.11,46,1.34
Chriesman,Texas,TX,False,48,Clouds,19.03,91,8.23
College Station,Arkansas,AR,False,5,Clouds,5.78,68,4.02
Deanville,Texas,TX,False,48,Clouds,19.23,92,8.23
Dime Box,Texas,TX,False,48,Clouds,19.39,94,9.39
Flynn,Texas,TX,False,48,Clouds,17.51,93,1.79
Gause,Texas,TX,False,48,Clouds,19.29,77,5.66
Hearne,Texas,TX,False,48,Clouds,19.02,93,5.66
Iola,Wisconsin,WI,False,55,Clear,-14.25,55,5.16
Kurten,Texas,TX,False,48,Clouds,18.71,89,5.66
Madisonville,Tennessee,TN,False,47,Clouds,-4.08,79,0.0
Marquez,Texas,TX,False,48,Clouds,19.94,39,7.98
Millican,Texas,TX,False,48,Clouds,17.89,94,7.97
Mumford,New York,NY,False,36,Clouds,-5.61,80,9.38
Navasota,Texas,TX,False,48,Clouds,18.42,96,7.58
New Baden,Illinois,IL,False,17,Snow,-1.66,69,4.12
Normangee,Texas,TX,False,48,Clouds,18.61,92,8.1
North Zulch,Texas,TX,False,48,Clouds,19.64,91,4.02
Richards,Missouri,MO,False,29,Snow,-0.77,85,7.65
Roans Prairie,Texas,TX,False,48,Clouds,18.43,89,7.87
Shiro,Texas,TX,False,48,Clouds,18.51,89,7.49
Snook,Texas,TX,False,48,Clouds,18.62,94,6.17
Somerville,Massachusetts,MA,False,25,Clouds,-1.58,58,6.69
Wellborn,Florida,FL,False,12,Clear,1.82,53,1.53
Wheelock,Texas,TX,False,48,Clouds,18.48,86,3.58
Victoria,Virginia,VA,False,51,Clear,-3.6,50,1.54
Austwell,Texas,TX,False,48,Clouds,22.21,100,9.52
Cuero,Texas,TX,False,48,Clouds,19.46,87,3.58
Edna,Kansas,KS,False,20,Clouds,2.14,93,6.17
Fannin,Texas,TX,False,48,Clouds,19.49,83,8.49
Francitas,Texas,TX,False,48,Clear,19.97,65,8.26
Goliad,Texas,TX,False,48,Clouds,20.42,81,8.66
Hallettsville,Texas,TX,False,48,Clouds,19.77,85,8.05
Hochheim,Texas,TX,False,48,Clouds,18.86,84,8.09
Inez,Kentucky,KY,False,21,Clear,-4.28,58,0.0
La Ward,Texas,TX,False,48,Clouds,19.64,69,1.34
Lolita,Texas,TX,False,48,Clouds,19.57,71,8.33
Mcfaddin,Texas,TX,False,48,Clouds,21.06,83,8.99
Meyersville,Texas,TX,False,48,Clouds,19.35,87,8.4
Moulton,Alabama,AL,False,1,Clouds,4.51,21,1.34
Nursery,Texas,TX,False,48,Clouds,19.66,60,4.63
Placedo,Texas,TX,False,48,Clear,20.61,67,4.63
Point Comfort,Texas,TX,False,48,Clear,20.39,62,4.63
Port Lavaca,Texas,TX,False,48,Clear,21.16,94,4.63
Port O Connor,Texas,TX,False,48,Clouds,20.56,91,4.92
Seadrift,Texas,TX,False,48,Clouds,22.2,100,4.02
Shiner,Texas,TX,False,48,Clouds,18.81,77,8.2
Sublime,Texas,TX,False,48,Clouds,19.73,86,7.81
Telferner,Texas,TX,False,48,Clouds,20.15,76,4.63
Thomaston,Maine,ME,False,23,Clear,-12.09,72,0.0
Tivoli,New York,NY,False,36,Clouds,-2.17,59,4.89
Vanderbilt,Pennsylvania,PA,False,42,Clouds,-8.31,61,4.86
Weesatche,Texas,TX,False,48,Clouds,20.12,82,8.66
Westhoff,Texas,TX,False,48,Clouds,19.28,83,8.06
Yoakum,Texas,TX,False,48,Clouds,19.21,85,8.19
Artesia Wells,Texas,TX,False,48,Clouds,19.06,65,7.25
Atascosa,Texas,TX,False,48,Clear,18.39,76,5.14
Bandera,Texas,TX,False,48,Clouds,18.59,81,7.23
Bergheim,Texas,TX,False,48,Clear,17.36,88,5.14
Bigfoot,Texas,TX,False,48,Clouds,18.28,33,6.28
Boerne,Texas,TX,False,48,Clear,17.51,92,5.14
Calliham,Texas,TX,False,48,Clouds,18.99,71,8.22
Campbellton,Florida,FL,False,12,Clouds,6.03,80,1.5
Center Point,West Virginia,WV,False,54,Clear,-12.08,79,3.1
Charlotte,Vermont,VT,False,50,Clouds,-8.75,85,2.57
Christine,North Dakota,ND,False,38,Clouds,-21.34,88,4.2
Comfort,West Virginia,WV,False,54,Clouds,-7.03,87,2.09
Cotulla,Texas,TX,False,48,Clear,19.1,77,3.6
Devine,Texas,TX,False,48,Clouds,18.19,56,4.02
Dilley,Texas,TX,False,48,Clouds,18.82,70,6.32
Encinal,Texas,TX,False,48,Clouds,19.37,66,8.21
Fowlerton,Indiana,IN,False,18,Clouds,-11.9,79,2.06
George West,Texas,TX,False,48,Clouds,19.19,75,4.02
Helotes,Texas,TX,False,48,Clear,18.12,88,5.14
Hunt,New York,NY,False,36,Snow,-5.33,72,6.26
Ingram,Kentucky,KY,False,21,Clouds,-4.03,80,0.0
Jourdanton,Texas,TX,False,48,Clear,18.91,77,6.98
Kendalia,Texas,TX,False,48,Clouds,17.28,87,8.78
Kerrville,Texas,TX,False,48,Clouds,18.05,85,4.12
La Coste,Texas,TX,False,48,Clear,18.13,77,3.6
Laredo,Missouri,MO,False,29,Snow,-7.94,86,6.24
Leming,Texas,TX,False,48,Clear,18.82,77,6.96
Lytle,Texas,TX,False,48,Clear,18.11,68,3.6
Macdona,Texas,TX,False,48,Clear,18.52,86,5.14
Mico,Texas,TX,False,48,Clouds,17.72,87,5.73
Natalia,Texas,TX,False,48,Clear,18.02,63,3.6
Pearsall,Texas,TX,False,48,Clouds,18.11,72,6.25
Peggy,Texas,TX,False,48,Clouds,19.54,74,8.0
Pipe Creek,Texas,TX,False,48,Clouds,17.75,96,7.38
Poteet,Texas,TX,False,48,Clear,18.95,77,6.73
San Ygnacio,Texas,TX,False,48,Clouds,20.51,66,8.76
Spring Branch,Texas,TX,False,48,Clouds,17.95,87,3.13
Tilden,Illinois,IL,False,17,Clouds,0.01,59,3.6
Von Ormy,Texas,TX,False,48,Clear,18.64,84,5.14
Waring,Texas,TX,False,48,Clouds,17.67,90,1.79
Whitsett,North Carolina,NC,False,37,Clear,-2.89,61,2.3
Zapata,Texas,TX,False,48,Clouds,20.39,66,9.05
Adkins,Texas,TX,False,48,Clear,18.71,86,5.14
Beeville,Texas,TX,False,48,Clear,20.1,83,6.69
Berclair,Texas,TX,False,48,Clouds,20.14,81,8.64
Cibolo,Texas,TX,False,48,Clear,18.41,82,5.14
Converse,South Carolina,SC,False,45,Clear,-1.64,43,0.0
Ecleto,Texas,TX,False,48,Clouds,19.14,83,8.27
Elmendorf,Texas,TX,False,48,Clear,18.72,84,4.12
Floresville,Texas,TX,False,48,Clouds,19.37,88,7.34
Geronimo,Oklahoma,OK,False,40,Clouds,15.81,89,5.66
Gillett,Pennsylvania,PA,False,42,Clouds,-6.29,76,6.25
Hobson,Montana,MT,False,30,Clouds,-12.91,93,1.45
Karnes City,Texas,TX,False,48,Clouds,19.14,82,7.94
Kenedy,Texas,TX,False,48,Clouds,19.49,82,8.11
La Vernia,Texas,TX,False,48,Clouds,18.77,86,7.46
Leesville,South Carolina,SC,False,45,Clear,1.24,52,1.38
Marion,Massachusetts,MA,False,25,Clouds,-1.01,66,1.54
New Braunfels,Texas,TX,False,48,Clear,18.41,86,6.17
Canyon Lake,Texas,TX,False,48,Clouds,18.04,90,5.36
Nordheim,Texas,TX,False,48,Clouds,19.58,83,8.61
Normanna,Texas,TX,False,48,Clear,19.97,83,6.69
Pandora,Ohio,OH,False,39,Clear,-10.99,88,4.63
Panna Maria,Texas,TX,False,48,Clouds,19.13,83,7.83
Pawnee,Illinois,IL,False,17,Snow,-4.32,69,0.89
Pettus,Texas,TX,False,48,Clouds,19.88,82,8.12
Poth,Texas,TX,False,48,Clouds,19.36,79,7.43
Runge,Texas,TX,False,48,Clouds,19.61,83,8.42
Schertz,Texas,TX,False,48,Clear,18.44,81,5.14
Seguin,Texas,TX,False,48,Clear,18.68,90,6.17
Smiley,Texas,TX,False,48,Clouds,18.4,91,7.99
Stockdale,Pennsylvania,PA,False,42,Clouds,-7.27,67,1.79
Sutherland Springs,Texas,TX,False,48,Clouds,18.97,87,7.44
Tuleta,Texas,TX,False,48,Clouds,19.86,81,8.12
Bulverde,Texas,TX,False,48,Clouds,17.78,88,4.47
Yorktown,Virginia,VA,False,51,Clear,-4.4,57,2.06
Agua Dulce,Texas,TX,False,48,Clear,20.27,88,6.69
Alice,Texas,TX,False,48,Clear,19.94,88,6.69
Aransas Pass,Texas,TX,False,48,Clear,21.1,90,7.2
Armstrong,Iowa,IA,False,19,Clouds,-12.87,31,4.16
Banquete,Texas,TX,False,48,Clear,20.94,88,7.72
Benavides,Texas,TX,False,48,Clear,20.39,73,9.64
Ben Bolt,Texas,TX,False,48,Clear,19.94,88,6.69
Bruni,Texas,TX,False,48,Clear,19.59,68,9.87
Chapman Ranch,Texas,TX,False,48,Clouds,21.04,87,9.61
Concepcion,Texas,TX,False,48,Clear,20.89,73,9.44
Dinero,Texas,TX,False,48,Clouds,20.61,85,4.02
Driscoll,North Dakota,ND,False,38,Clouds,-21.27,90,2.86
Edroy,Texas,TX,False,48,Clouds,20.97,80,8.76
Falfurrias,Texas,TX,False,48,Clear,19.98,94,4.63
Freer,Texas,TX,False,48,Clouds,19.87,70,10.06
Gregory,Michigan,MI,False,26,Clouds,-9.37,83,1.34
Hebbronville,Texas,TX,False,48,Clear,20.12,68,9.51
Ingleside,Maryland,MD,False,24,Clouds,-4.3,58,0.45
Kingsville,Maryland,MD,False,24,Clear,-5.28,61,1.34
Mathis,Texas,TX,False,48,Clouds,20.58,87,8.37
Mirando City,Texas,TX,False,48,Clear,19.73,66,10.05
Odem,Texas,TX,False,48,Clouds,20.94,82,9.24
Oilton,Oklahoma,OK,False,40,Clouds,10.23,92,8.01
Orange Grove,Texas,TX,False,48,Clouds,20.32,77,8.79
Port Aransas,Texas,TX,False,48,Clear,21.02,90,7.2
Premont,Texas,TX,False,48,Clear,19.9,94,4.63
Realitos,Texas,TX,False,48,Clear,20.41,71,9.81
Refugio,Texas,TX,False,48,Clouds,21.06,82,9.23
Riviera,Texas,TX,False,48,Clear,23.01,77,8.82
Robstown,Texas,TX,False,48,Clear,21.0,88,8.75
Sandia,Texas,TX,False,48,Clouds,20.7,91,8.55
Sarita,Texas,TX,False,48,Clear,21.75,78,8.85
Sinton,Texas,TX,False,48,Clouds,20.99,83,9.41
Skidmore,Missouri,MO,False,29,Snow,-5.65,68,9.26
Tynan,Texas,TX,False,48,Clouds,20.58,87,8.44
Woodsboro,Maryland,MD,False,24,Clouds,-5.75,65,2.24
Corpus Christi,Texas,TX,False,48,Clear,21.26,88,8.75
Mcallen,Texas,TX,False,48,Clear,21.82,77,5.66
Combes,Texas,TX,False,48,Clouds,22.45,90,5.66
Delmita,Texas,TX,False,48,Clear,21.56,66,10.14
Donna,Texas,TX,False,48,Clear,22.63,78,6.69
Edcouch,Texas,TX,False,48,Clear,22.86,77,6.69
Edinburg,Pennsylvania,PA,False,42,Clouds,-7.66,68,3.6
Elsa,Texas,TX,False,48,Clear,22.67,77,6.69
Falcon Heights,Texas,TX,False,48,Clear,20.89,65,8.85
Garciasville,Texas,TX,False,48,Clear,21.64,63,9.14
Grulla,Texas,TX,False,48,Clear,21.66,81,9.21
Hargill,Texas,TX,False,48,Clear,21.86,78,9.07
Harlingen,Texas,TX,False,48,Clouds,23.3,100,9.4
Hidalgo,Illinois,IL,False,17,Clouds,-3.61,67,1.86
La Blanca,Texas,TX,False,48,Clear,22.38,77,6.69
La Feria,Texas,TX,False,48,Clear,23.31,94,6.69
Lasara,Texas,TX,False,48,Clear,22.0,79,8.93
La Villa,Texas,TX,False,48,Clear,22.95,83,6.69
Linn,West Virginia,WV,False,54,Clear,-8.13,71,2.39
Lopeno,Texas,TX,False,48,Clear,20.65,65,9.56
Los Ebanos,Texas,TX,False,48,Clear,21.7,80,1.79
Los Fresnos,Texas,TX,False,48,Clouds,23.08,88,8.23
Los Indios,Texas,TX,False,48,Clouds,23.12,100,9.45
Lozano,Texas,TX,False,48,Clouds,23.15,88,6.17
Lyford,Texas,TX,False,48,Clouds,21.99,80,9.05
Mercedes,Texas,TX,False,48,Clear,23.02,84,6.69
Mission,South Dakota,SD,False,46,Snow,-15.29,96,3.75
Olmito,Texas,TX,False,48,Clear,23.16,86,8.23
Penitas,Texas,TX,False,48,Clear,21.75,79,5.36
Pharr,Texas,TX,False,48,Clear,21.85,78,5.66
Port Isabel,Texas,TX,False,48,Clouds,23.25,84,6.17
Progreso,Texas,TX,False,48,Clear,22.98,84,6.69
Raymondville,New York,NY,False,36,Clouds,-9.1,76,2.57
Rio Grande City,Texas,TX,False,48,Clear,21.18,65,9.15
Rio Hondo,Texas,TX,False,48,Clouds,22.43,85,5.66
Roma,Texas,TX,False,48,Clear,21.21,65,8.92
Salineno,Texas,TX,False,48,Clear,21.1,65,8.71
San Benito,Texas,TX,False,48,Clouds,22.75,88,5.66
San Isidro,Texas,TX,False,48,Clear,21.54,65,10.11
San Juan,Texas,TX,False,48,Clear,21.96,78,6.69
San Perlita,Texas,TX,False,48,Clouds,22.34,80,8.72
Santa Elena,Texas,TX,False,48,Clear,21.42,65,10.09
Sebastian,Florida,FL,False,12,Clear,11.68,57,3.95
Sullivan City,Texas,TX,False,48,Clear,21.58,80,9.45
Weslaco,Texas,TX,False,48,Clear,22.85,82,6.69
South Padre Island,Texas,TX,False,48,Clouds,23.26,84,6.17
Port Mansfield,Texas,TX,False,48,Clouds,22.34,80,9.81
Bastrop,Louisiana,LA,False,22,Clouds,11.07,58,0.0
Bertram,Texas,TX,False,48,Clear,17.87,90,5.14
Bluffton,South Carolina,SC,False,45,Clear,2.82,72,0.0
Briggs,Texas,TX,False,48,Clouds,18.16,89,9.23
Buchanan Dam,Texas,TX,False,48,Clear,18.52,87,5.14
Buda,Illinois,IL,False,17,Clouds,-7.8,44,3.38
Burnet,Texas,TX,False,48,Clear,17.85,88,5.14
Cedar Creek,Nebraska,NE,False,31,Snow,-8.56,73,8.23
Cedar Park,Texas,TX,False,48,Clouds,18.11,85,6.26
Cost,Texas,TX,False,48,Clear,18.39,90,4.63
Coupland,Texas,TX,False,48,Clouds,18.8,92,4.63
Dale,New York,NY,False,36,Snow,-7.11,77,4.92
Del Valle,Texas,TX,False,48,Clear,21.94,77,6.69
Doss,Texas,TX,False,48,Clouds,17.15,86,12.15
Driftwood,Pennsylvania,PA,False,42,Clouds,-7.85,83,5.66
Dripping Springs,Texas,TX,False,48,Clouds,17.44,88,4.92
Fentress,Texas,TX,False,48,Clouds,18.25,97,5.14
Fischer,Texas,TX,False,48,Clouds,17.54,90,1.34
Fredericksburg,Pennsylvania,PA,False,42,Clouds,-4.4,44,4.02
Harwood,Maryland,MD,False,24,Clouds,-5.32,57,2.57
Hutto,Texas,TX,False,48,Clouds,18.88,86,9.26
Hye,Texas,TX,False,48,Clouds,16.86,78,11.33
Johnson City,New York,NY,False,36,Clouds,-5.35,73,5.36
Kingsbury,Indiana,IN,False,18,Clear,-9.86,92,2.57
Kingsland,Georgia,GA,False,13,Clear,4.95,54,1.02
Kyle,West Virginia,WV,False,54,Clear,-6.91,57,3.15
Liberty Hill,South Carolina,SC,False,45,Clear,1.59,72,0.0
Lockhart,South Carolina,SC,False,45,Clouds,-2.53,42,1.04
Leander,Texas,TX,False,48,Clouds,18.01,86,6.26
Luling,Louisiana,LA,False,22,Rain,15.65,92,6.17
Manchaca,Texas,TX,False,48,Clouds,18.18,87,7.2
Manor,Pennsylvania,PA,False,42,Clouds,-7.73,74,3.58
Martindale,Pennsylvania,PA,False,42,Clouds,-4.64,62,5.66
Horseshoe Bay,Texas,TX,False,48,Clear,19.23,85,2.57
Ottine,Texas,TX,False,48,Clear,18.65,92,4.63
Paige,Texas,TX,False,48,Clouds,18.75,89,4.47
Pflugerville,Texas,TX,False,48,Clouds,18.62,87,4.63
Prairie Lea,Texas,TX,False,48,Clouds,18.25,95,8.23
Spicewood,Texas,TX,False,48,Clouds,18.4,86,5.66
Staples,Minnesota,MN,False,27,Clear,-20.98,65,3.09
Stonewall,North Carolina,NC,False,37,Clear,-1.7,68,2.82
Tow,Texas,TX,False,48,Clouds,19.13,82,8.53
Walburg,Texas,TX,False,48,Clouds,18.6,88,9.26
Weir,Mississippi,MS,False,28,Clouds,7.92,57,4.05
Willow City,North Dakota,ND,False,38,Clouds,-27.41,93,1.44
Wimberley,Texas,TX,False,48,Clouds,18.0,90,3.13
Wrightsboro,Texas,TX,False,48,Clear,18.43,91,4.63
Uvalde,Texas,TX,False,48,Clear,16.05,100,2.06
Asherton,Texas,TX,False,48,Clear,12.1,100,2.57
Barksdale,Texas,TX,False,48,Clouds,17.73,93,5.06
Batesville,Virginia,VA,False,51,Clear,-4.95,51,0.45
Big Wells,Texas,TX,False,48,Clouds,12.14,63,5.95
Brackettville,Texas,TX,False,48,Clouds,14.6,93,4.41
Camp Wood,Texas,TX,False,48,Clouds,15.55,93,4.65
Carrizo Springs,Texas,TX,False,48,Clear,11.95,100,2.57
Catarina,Texas,TX,False,48,Clouds,12.1,64,7.15
Comstock,New York,NY,False,36,Clouds,-3.89,74,2.06
Concan,Texas,TX,False,48,Clouds,15.01,84,4.81
Crystal City,Missouri,MO,False,29,Clouds,-2.06,88,3.59
Del Rio,Tennessee,TN,False,47,Clouds,-3.01,75,1.34
D Hanis,Texas,TX,False,48,Clouds,17.39,64,4.79
Eagle Pass,Texas,TX,False,48,Clouds,16.83,79,4.91
El Indio,Texas,TX,False,48,Clouds,18.35,68,6.23
Knippa,Texas,TX,False,48,Clear,15.65,94,2.06
Langtry,Texas,TX,False,48,Clouds,17.36,79,7.41
La Pryor,Texas,TX,False,48,Clouds,17.21,68,5.26
Leakey,Texas,TX,False,48,Clouds,18.68,89,5.52
Rio Frio,Texas,TX,False,48,Clouds,18.9,86,5.02
Rocksprings,Texas,TX,False,48,Clear,15.97,94,4.63
Sabinal,Texas,TX,False,48,Clouds,17.24,64,4.97
Tarpley,Texas,TX,False,48,Clouds,17.76,81,5.8
Utopia,Texas,TX,False,48,Clouds,17.69,90,5.06
Vanderpool,Texas,TX,False,48,Clouds,18.67,81,7.15
Yancey,Texas,TX,False,48,Clouds,17.85,82,5.61
Bleiblerville,Texas,TX,False,48,Clouds,19.17,71,8.09
Carmine,Texas,TX,False,48,Clouds,19.44,61,8.86
Cat Spring,Texas,TX,False,48,Clouds,18.49,91,7.32
Alleyton,Texas,TX,False,48,Clear,19.03,97,3.09
Ellinger,Texas,TX,False,48,Clouds,18.9,94,8.29
Fayetteville,New York,NY,False,36,Snow,-4.69,71,5.81
Flatonia,Texas,TX,False,48,Clouds,19.26,93,8.4
Giddings,Texas,TX,False,48,Clouds,18.82,83,9.36
Glidden,Iowa,IA,False,19,Snow,-10.06,67,6.17
Industry,Pennsylvania,PA,False,42,Clouds,-7.95,77,4.74
Ledbetter,Kentucky,KY,False,21,Clouds,1.5,59,3.33
Muldoon,Texas,TX,False,48,Clouds,19.22,96,5.14
New Ulm,Minnesota,MN,False,27,Clear,-13.61,53,3.6
Plum,Texas,TX,False,48,Clouds,19.02,100,5.14
Rosanky,Texas,TX,False,48,Clouds,18.78,91,1.34
Round Top,New York,NY,False,36,Clouds,-4.09,76,1.79
Schulenburg,Texas,TX,False,48,Clouds,19.48,93,4.02
Smithville,West Virginia,WV,False,54,Clear,-11.69,72,2.19
Waelder,Texas,TX,False,48,Clouds,18.59,83,8.38
Warda,Texas,TX,False,48,Clouds,18.92,100,5.14
Alanreed,Texas,TX,False,48,Clouds,13.13,19,9.29
Allison,Pennsylvania,PA,False,42,Clouds,-8.4,64,1.79
Booker,Texas,TX,False,48,Clouds,-2.83,93,9.77
Borger,Texas,TX,False,48,Mist,-3.21,93,8.75
Bovina,Texas,TX,False,48,Clouds,9.42,19,12.45
Boys Ranch,Texas,TX,False,48,Clouds,10.42,17,12.89
Briscoe,Texas,TX,False,48,Clouds,10.54,60,5.43
Bushland,Texas,TX,False,48,Clouds,-1.29,100,9.44
Cactus,Texas,TX,False,48,Clouds,-5.84,96,6.55
Canadian,Oklahoma,OK,False,40,Clouds,9.35,87,0.89
Channing,Michigan,MI,False,26,Clouds,-14.49,78,5.61
Claude,Texas,TX,False,48,Clouds,-3.21,18,10.41
Cotton Center,Texas,TX,False,48,Haze,13.39,98,6.17
Dalhart,Texas,TX,False,48,Clouds,-3.99,80,12.35
Darrouzett,Texas,TX,False,48,Clouds,0.06,95,8.44
Dawn,Missouri,MO,False,29,Snow,-6.89,86,4.12
Dimmitt,Texas,TX,False,48,Clouds,9.84,15,11.02
Dumas,Mississippi,MS,False,28,Clouds,6.44,48,3.26
Earth,Texas,TX,False,48,Clouds,10.22,15,11.78
Edmonson,Texas,TX,False,48,Clouds,9.75,20,11.37
Farnsworth,Texas,TX,False,48,Clouds,-4.15,94,7.33
Follett,Texas,TX,False,48,Clouds,0.36,95,8.23
Friona,Texas,TX,False,48,Clouds,8.42,17,11.92
Fritch,Texas,TX,False,48,Clouds,-2.39,60,5.92
Groom,Texas,TX,False,48,Clouds,11.89,18,10.68
Gruver,Texas,TX,False,48,Clouds,-0.38,94,8.17
Hale Center,Texas,TX,False,48,Clear,9.9,32,7.72
Happy,Kentucky,KY,False,21,Clouds,-4.97,52,0.85
Hart,Michigan,MI,False,26,Clear,-7.28,77,7.1
Hartley,Iowa,IA,False,19,Clouds,-12.49,68,1.34
Higgins,Texas,TX,False,48,Clouds,-1.72,96,5.7
Kerrick,Minnesota,MN,False,27,Clear,-20.23,54,2.57
Kress,Texas,TX,False,48,Clouds,9.81,21,10.85
Lazbuddie,Texas,TX,False,48,Clouds,9.2,16,11.63
Lefors,Texas,TX,False,48,Clouds,-0.16,29,8.79
Lipscomb,Texas,TX,False,48,Clouds,2.75,94,8.19
Mclean,Nebraska,NE,False,31,Clouds,-12.11,71,5.17
Masterson,Texas,TX,False,48,Clouds,-5.98,21,9.11
Mobeetie,Texas,TX,False,48,Clouds,11.48,37,5.66
Morse,Louisiana,LA,False,22,Clouds,9.37,94,8.55
Nazareth,Pennsylvania,PA,False,42,Clouds,-4.04,59,4.12
Olton,Texas,TX,False,48,Clouds,10.65,17,11.54
Pampa,Texas,TX,False,48,Clouds,-0.98,100,12.35
Panhandle,Texas,TX,False,48,Clouds,-3.32,96,13.86
Perryton,Texas,TX,False,48,Clouds,-4.03,93,8.75
Plainview,New York,NY,False,36,Clear,-2.9,52,4.63
Shamrock,Oklahoma,OK,False,40,Clouds,9.8,76,2.57
Skellytown,Texas,TX,False,48,Clouds,-1.07,100,12.35
Spearman,Texas,TX,False,48,Clouds,0.43,94,7.59
Springlake,Texas,TX,False,48,Clouds,10.32,16,11.66
Stinnett,Kentucky,KY,False,21,Clouds,-2.79,51,1.17
Summerfield,North Carolina,NC,False,37,Clear,-3.38,56,3.09
Sunray,Texas,TX,False,48,Clouds,-5.62,95,7.01
Texline,Texas,TX,False,48,Mist,-5.97,92,10.8
Tulia,Texas,TX,False,48,Clouds,10.95,22,10.49
Umbarger,Texas,TX,False,48,Clouds,1.03,21,9.18
Vega,Texas,TX,False,48,Clouds,8.65,20,12.0
Waka,Texas,TX,False,48,Clouds,0.45,95,7.36
Wayside,West Virginia,WV,False,54,Clear,-7.78,65,2.56
White Deer,Pennsylvania,PA,False,42,Clouds,-4.88,65,4.63
Wildorado,Texas,TX,False,48,Clouds,-1.47,20,10.08
Amarillo,Texas,TX,False,48,Clouds,-1.64,83,13.38
Childress,Texas,TX,False,48,Clear,13.14,76,6.69
Aiken,South Carolina,SC,False,45,Clear,0.63,65,2.06
Cee Vee,Texas,TX,False,48,Clouds,13.14,38,7.54
Chillicothe,Ohio,OH,False,39,Clouds,-7.64,82,1.65
Clarendon,New York,NY,False,36,Snow,-6.12,70,10.29
Crowell,Texas,TX,False,48,Clouds,15.86,79,9.89
Dickens,Iowa,IA,False,19,Clouds,-11.35,58,5.66
Dodson,Montana,MT,False,30,Clouds,-15.06,94,6.17
Dougherty,Iowa,IA,False,19,Clouds,-10.86,29,3.2
Estelline,South Dakota,SD,False,46,Clouds,-17.82,73,1.34
Flomot,Texas,TX,False,48,Clouds,13.74,20,9.08
Floydada,Texas,TX,False,48,Clouds,13.79,17,9.49
Guthrie,Kentucky,KY,False,21,Clouds,0.97,62,2.45
Hedley,Texas,TX,False,48,Clouds,11.86,26,5.39
Lelia Lake,Texas,TX,False,48,Clouds,12.09,23,6.31
Lockney,Texas,TX,False,48,Clouds,10.19,18,10.42
Mcadoo,Pennsylvania,PA,False,42,Clouds,-7.51,69,5.36
Matador,Texas,TX,False,48,Clouds,15.03,24,8.89
Memphis,New York,NY,False,36,Snow,-4.63,71,7.72
Paducah,Kentucky,KY,False,21,Clouds,0.68,63,2.57
Quail,Texas,TX,False,48,Clouds,11.86,42,4.67
Quanah,Texas,TX,False,48,Clouds,14.43,79,4.02
Quitaque,Texas,TX,False,48,Clouds,13.97,19,9.8
Roaring Springs,Texas,TX,False,48,Clouds,14.66,29,9.25
South Plains,Texas,TX,False,48,Clouds,12.68,19,9.9
Tell,Texas,TX,False,48,Clear,13.08,76,6.69
Turkey,North Carolina,NC,False,37,Clear,-3.25,76,0.0
Abernathy,Texas,TX,False,48,Clear,12.8,54,8.23
Bledsoe,Kentucky,KY,False,21,Clouds,-3.51,74,0.0
Brownfield,Maine,ME,False,23,Clouds,-7.69,60,4.12
Crosbyton,Texas,TX,False,48,Clouds,14.69,18,8.41
Denver City,Texas,TX,False,48,Clouds,14.63,13,9.78
Enochs,Texas,TX,False,48,Clouds,9.54,16,12.09
Farwell,Michigan,MI,False,26,Clouds,-8.35,68,5.71
Fieldton,Texas,TX,False,48,Clouds,10.55,17,11.48
Idalou,Texas,TX,False,48,Clear,13.13,54,8.23
Justiceburg,Texas,TX,False,48,Clouds,15.4,68,9.95
Lamesa,Texas,TX,False,48,Clouds,13.49,47,8.13
Levelland,Texas,TX,False,48,Clouds,10.91,18,12.7
Loop,Texas,TX,False,48,Clouds,15.03,13,7.64
Lorenzo,Texas,TX,False,48,Clouds,13.18,14,9.96
Maple,North Carolina,NC,False,37,Clear,-2.03,43,2.06
Muleshoe,Texas,TX,False,48,Clouds,9.45,16,12.31
New Deal,Texas,TX,False,48,Clear,12.92,54,8.23
Plains,Georgia,GA,False,13,Clear,-1.06,55,1.42
Ralls,Texas,TX,False,48,Clouds,15.13,14,9.04
Ropesville,Texas,TX,False,48,Clouds,13.82,15,11.55
Seagraves,Texas,TX,False,48,Clouds,15.41,13,8.65
Seminole,Pennsylvania,PA,False,42,Snow,-9.32,77,2.68
Shallowater,Texas,TX,False,48,Clear,12.89,54,8.23
Slaton,Texas,TX,False,48,Clouds,15.06,14,8.22
Ransom Canyon,Texas,TX,False,48,Clear,13.58,54,8.23
Smyer,Texas,TX,False,48,Clouds,12.52,17,13.03
Spade,Texas,TX,False,48,Clouds,15.22,85,10.72
Spur,Texas,TX,False,48,Clouds,15.46,58,10.97
Sudan,Texas,TX,False,48,Clouds,9.86,16,11.89
Sundown,Texas,TX,False,48,Clouds,10.95,18,12.39
Tahoka,Texas,TX,False,48,Clouds,13.88,21,7.69
Tokio,North Dakota,ND,False,38,Clouds,-26.11,97,2.59
Welch,West Virginia,WV,False,54,Clear,-7.38,86,2.6
Wellman,Iowa,IA,False,19,Clouds,-7.97,69,2.89
Whiteface,Texas,TX,False,48,Clouds,9.78,18,11.8
Whitharral,Texas,TX,False,48,Clouds,10.87,17,12.05
Wolfforth,Texas,TX,False,48,Clouds,12.9,15,11.51
New Home,Texas,TX,False,48,Clouds,15.1,13,8.2
Lubbock,Texas,TX,False,48,Clear,13.06,54,8.23
Anson,Maine,ME,False,23,Clouds,-12.09,72,3.43
Aspermont,Texas,TX,False,48,Clouds,16.15,77,11.65
Avoca,New York,NY,False,36,Clouds,-6.05,84,8.18
Baird,Texas,TX,False,48,Clouds,16.08,86,4.47
Benjamin,Texas,TX,False,48,Clouds,16.53,73,10.68
Blackwell,Missouri,MO,False,29,Snow,-2.3,87,3.4
Buffalo Gap,South Dakota,SD,False,46,Snow,-14.38,95,3.72
Clyde,New York,NY,False,36,Snow,-5.29,73,1.79
Coahoma,Mississippi,MS,False,28,Clouds,8.99,63,4.12
Dunn,North Carolina,NC,False,37,Clear,-3.5,74,0.0
Fluvanna,Texas,TX,False,48,Clouds,12.49,75,9.73
Girard,Pennsylvania,PA,False,42,Clouds,-7.03,85,4.63
Goldsboro,Maryland,MD,False,24,Clear,-4.31,59,0.45
Hamlin,New York,NY,False,36,Snow,-5.6,74,4.47
Haskell,New Jersey,NJ,False,34,Clouds,-2.7,54,3.09
Hawley,Pennsylvania,PA,False,42,Clouds,-5.23,69,7.15
Hermleigh,Texas,TX,False,48,Clouds,12.95,100,6.17
Ira,Iowa,IA,False,19,Clouds,-7.86,62,5.66
Jayton,Texas,TX,False,48,Clouds,16.15,70,11.53
Knox City,Missouri,MO,False,29,Snow,-7.23,83,4.78
Lawn,Pennsylvania,PA,False,42,Clouds,-5.09,60,5.81
Loraine,Illinois,IL,False,17,Clouds,-6.76,57,3.51
Lueders,Texas,TX,False,48,Clouds,16.22,83,10.96
Maryneal,Texas,TX,False,48,Clouds,14.59,93,9.36
Merkel,Texas,TX,False,48,Clouds,15.73,77,14.4
Nolan,Texas,TX,False,48,Clouds,14.85,94,10.21
Novice,Texas,TX,False,48,Clouds,15.14,80,8.63
Old Glory,Texas,TX,False,48,Clouds,16.21,78,11.12
Ovalo,Texas,TX,False,48,Clouds,15.15,83,8.94
Roby,Missouri,MO,False,29,Snow,-1.53,90,4.52
Roscoe,New York,NY,False,36,Clouds,-7.17,79,0.45
Rotan,Texas,TX,False,48,Clouds,15.48,82,10.9
Rule,Texas,TX,False,48,Clouds,16.08,79,11.12
Stamford,Vermont,VT,False,50,Snow,-5.9,68,8.75
Sweetwater,Tennessee,TN,False,47,Clouds,-3.37,78,0.0
Sylvester,West Virginia,WV,False,54,Clouds,-6.6,88,2.23
Trent,South Dakota,SD,False,46,Clouds,-13.39,39,4.66
Tuscola,Illinois,IL,False,17,Clouds,-4.77,69,2.3
Tye,Texas,TX,False,48,Clouds,15.7,79,14.4
Westbrook,Maine,ME,False,23,Clouds,-7.98,70,1.54
Wingate,Maryland,MD,False,24,Clear,-3.89,56,2.24
Abilene,Kansas,KS,False,20,Snow,-4.32,89,8.91
Ackerly,Texas,TX,False,48,Clouds,13.88,74,9.36
Andrews,North Carolina,NC,False,37,Clouds,-3.08,59,0.54
Balmorhea,Texas,TX,False,48,Clear,16.16,23,9.77
Big Spring,Texas,TX,False,48,Clouds,14.02,86,8.23
Coyanosa,Texas,TX,False,48,Clouds,17.58,23,5.38
Forsan,Texas,TX,False,48,Clouds,13.34,86,8.23
Fort Davis,Alabama,AL,False,1,Clouds,5.95,62,1.64
Fort Stockton,Texas,TX,False,48,Clear,14.02,47,4.12
Gail,Texas,TX,False,48,Clouds,14.56,72,10.25
Girvin,Texas,TX,False,48,Clouds,14.63,66,2.87
Goldsmith,Indiana,IN,False,18,Clouds,-9.82,81,1.34
Grandfalls,Texas,TX,False,48,Clouds,16.9,19,4.34
Iraan,Texas,TX,False,48,Clouds,16.19,65,3.58
Kermit,West Virginia,WV,False,54,Clouds,-4.88,53,1.39
Knott,Texas,TX,False,48,Clouds,13.9,81,10.02
Lenorah,Texas,TX,False,48,Clouds,13.7,80,9.2
Mentone,Alabama,AL,False,1,Clouds,-0.19,65,1.57
Midkiff,West Virginia,WV,False,54,Clouds,-7.65,88,1.75
Monahans,Texas,TX,False,48,Clouds,15.8,18,4.58
Gardendale,Alabama,AL,False,1,Clouds,4.9,55,0.0
Notrees,Texas,TX,False,48,Clouds,13.83,20,6.27
Orla,Texas,TX,False,48,Clouds,16.82,13,6.71
Penwell,Texas,TX,False,48,Clouds,12.76,56,5.05
Pyote,Texas,TX,False,48,Clouds,11.37,18,5.95
Rankin,Illinois,IL,False,17,Clouds,-8.33,56,2.64
Saragosa,Texas,TX,False,48,Clear,16.53,23,7.11
Sheffield,Massachusetts,MA,False,25,Clouds,5.4,52,3.58
Tarzan,Texas,TX,False,48,Clouds,13.64,76,9.0
Toyah,Texas,TX,False,48,Clouds,9.4,13,8.07
Toyahvale,Texas,TX,False,48,Clear,15.91,23,10.87
Wickett,Texas,TX,False,48,Clouds,11.3,18,5.56
Wink,Texas,TX,False,48,Clear,11.05,76,3.6
Canutillo,Texas,TX,False,48,Clear,13.92,15,6.17
Clint,Texas,TX,False,48,Clouds,15.64,14,5.21
Dell City,Texas,TX,False,48,Clouds,14.91,13,9.89
Fabens,Texas,TX,False,48,Clouds,13.14,18,6.39
Fort Hancock,Texas,TX,False,48,Clear,15.23,16,10.4
Marathon,New York,NY,False,36,Clouds,-6.06,76,7.72
Marfa,Texas,TX,False,48,Clear,15.0,21,6.09
Presidio,Texas,TX,False,48,Clear,14.55,30,3.6
Redford,New York,NY,False,36,Snow,-10.7,83,4.18
Salt Flat,Texas,TX,False,48,Clear,14.56,14,7.75
Sanderson,Florida,FL,False,12,Clear,5.09,53,1.09
San Elizario,Texas,TX,False,48,Clouds,15.63,14,5.08
Sierra Blanca,Texas,TX,False,48,Clear,13.41,16,9.39
Terlingua,Texas,TX,False,48,Clouds,15.45,29,1.38
Tornillo,Texas,TX,False,48,Clouds,13.48,18,7.56
Van Horn,Texas,TX,False,48,Clear,15.34,15,11.83
El Paso,Illinois,IL,False,17,Clouds,-7.13,50,2.4
Broomfield,Colorado,CO,False,8,Mist,-7.12,92,4.12
Commerce City,Colorado,CO,False,8,Clouds,-5.7,92,3.09
Eldorado Springs,Colorado,CO,False,8,Mist,-6.96,91,4.12
Louisville,Georgia,GA,False,13,Clear,3.08,49,2.55
Wheat Ridge,Colorado,CO,False,8,Clouds,-5.59,92,3.13
Agate,North Dakota,ND,False,38,Clouds,-27.35,99,2.32
Bennett,North Carolina,NC,False,37,Clear,-5.51,59,1.22
Byers,Kansas,KS,False,20,Mist,-3.44,100,4.63
Deer Trail,Colorado,CO,False,8,Snow,-9.09,92,5.2
Elbert,West Virginia,WV,False,54,Clear,-7.74,54,2.66
Elizabeth,New Jersey,NJ,False,34,Clouds,-2.42,52,7.2
Englewood,New Jersey,NJ,False,34,Clouds,-2.46,50,8.75
Franktown,Virginia,VA,False,51,Clear,-3.32,66,7.36
Kiowa,Kansas,KS,False,20,Snow,1.83,94,8.19
Lone Tree,Iowa,IA,False,19,Clouds,-7.81,69,3.6
Littleton,Massachusetts,MA,False,25,Fog,-4.86,92,4.63
Louviers,Colorado,CO,False,8,Fog,-4.63,92,4.63
Palmer Lake,Colorado,CO,False,8,Clouds,-4.52,90,3.6
Sedalia,North Carolina,NC,False,37,Clear,-2.93,60,2.23
Strasburg,Pennsylvania,PA,False,42,Clouds,-5.17,61,5.66
Watkins,Iowa,IA,False,19,Clouds,-8.09,79,3.18
Golden,Mississippi,MS,False,28,Clouds,5.17,55,2.67
Alma,New York,NY,False,36,Clouds,-6.96,73,7.2
Bailey,North Carolina,NC,False,37,Clear,-2.02,37,4.21
Black Hawk,South Dakota,SD,False,46,Snow,-15.46,80,1.94
Bond,Colorado,CO,False,8,Clouds,-2.97,97,0.28
Breckenridge,Michigan,MI,False,26,Clouds,-9.34,72,4.12
Buffalo Creek,Colorado,CO,False,8,Clouds,-5.41,86,0.93
Central City,Pennsylvania,PA,False,42,Clouds,-11.2,80,6.17
Clark,New Jersey,NJ,False,34,Clouds,-2.61,53,7.2
Climax,New York,NY,False,36,Clouds,-2.76,70,2.9
Coalmont,Tennessee,TN,False,47,Clouds,-2.31,75,1.53
Como,North Carolina,NC,False,37,Clear,-6.06,45,3.58
Conifer,Colorado,CO,False,8,Clouds,-8.59,90,0.35
Cowdrey,Colorado,CO,False,8,Clouds,-4.55,86,0.0
Dillon,South Carolina,SC,False,45,Clear,-2.05,40,1.94
Dumont,New Jersey,NJ,False,34,Clouds,-2.33,51,5.14
Evergreen,Virginia,VA,False,51,Clear,-5.23,55,4.12
Fairplay,Maryland,MD,False,24,Clouds,-6.43,63,4.73
Fraser,Michigan,MI,False,26,Clouds,-7.8,68,7.2
Frisco,North Carolina,NC,False,37,Clear,3.16,74,5.81
Granby,Massachusetts,MA,False,25,Clouds,-2.55,61,6.17
Grand Lake,Colorado,CO,False,8,Snow,-5.93,74,7.2
Grant,Florida,FL,False,12,Clear,11.68,68,4.17
Hartsel,Colorado,CO,False,8,Clouds,-3.63,78,2.86
Hot Sulphur Springs,Colorado,CO,False,8,Clouds,-4.56,77,7.2
Idaho Springs,Colorado,CO,False,8,Clouds,-6.29,86,3.13
Idledale,Colorado,CO,False,8,Clouds,-6.7,92,2.68
Indian Hills,Colorado,CO,False,8,Clouds,-2.43,54,1.54
Kittredge,Colorado,CO,False,8,Clouds,-6.52,92,1.09
Kremmling,Colorado,CO,False,8,Clouds,-2.81,59,2.06
Leadville,Colorado,CO,False,8,Clouds,-8.46,67,2.57
Morrison,Tennessee,TN,False,47,Clouds,-0.31,70,0.45
Nederland,Texas,TX,False,48,Clouds,18.02,94,6.17
Oak Creek,Wisconsin,WI,False,55,Clouds,-10.72,48,3.6
Parshall,North Dakota,ND,False,38,Clouds,-22.26,89,2.69
Phippsburg,Maine,ME,False,23,Clear,-8.73,72,0.0
Pinecliffe,Colorado,CO,False,8,Clouds,-10.55,91,3.45
Rand,Colorado,CO,False,8,Clouds,9.57,34,1.1
Rollinsville,Colorado,CO,False,8,Clouds,-10.15,85,0.45
Silver Plume,Colorado,CO,False,8,Clouds,-9.92,85,13.38
Steamboat Springs,Colorado,CO,False,8,Snow,-3.72,92,5.14
Tabernash,Colorado,CO,False,8,Snow,-5.98,79,7.2
Toponas,Colorado,CO,False,8,Clouds,-9.88,94,2.53
Walden,New York,NY,False,36,Clouds,-3.19,59,6.17
Ward,South Carolina,SC,False,45,Clear,-0.32,57,1.64
Winter Park,Florida,FL,False,12,Clear,7.92,76,0.0
Yampa,Colorado,CO,False,8,Clouds,-8.11,74,3.9
Silverthorne,Colorado,CO,False,8,Clouds,-9.33,90,1.82
Longmont,Colorado,CO,False,8,Mist,-7.66,91,4.12
Allenspark,Colorado,CO,False,8,Clouds,-10.91,90,4.25
Estes Park,Colorado,CO,False,8,Clouds,-9.86,89,4.26
Bellvue,Colorado,CO,False,8,Clouds,-8.55,89,0.89
Berthoud,Colorado,CO,False,8,Clouds,-8.1,90,4.63
Dacono,Colorado,CO,False,8,Mist,-8.11,91,4.12
Drake,Kentucky,KY,False,21,Clouds,-0.02,60,2.57
Erie,Pennsylvania,PA,False,42,Clouds,-6.08,87,4.63
Firestone,Colorado,CO,False,8,Mist,-8.26,91,4.12
Fort Collins,Colorado,CO,False,8,Clouds,-8.64,88,4.63
Frederick,Pennsylvania,PA,False,42,Clouds,-3.88,57,4.12
Glen Haven,Wisconsin,WI,False,55,Clouds,-11.21,33,3.0
Hygiene,Colorado,CO,False,8,Mist,-7.6,91,3.6
Johnstown,New York,NY,False,36,Snow,-5.29,82,6.38
Laporte,Pennsylvania,PA,False,42,Clouds,-7.85,77,5.06
Loveland,Ohio,OH,False,39,Clouds,-5.62,71,1.4
Masonville,New York,NY,False,36,Clouds,-6.41,78,6.7
Milliken,Colorado,CO,False,8,Clear,-7.54,75,0.0
Niwot,Colorado,CO,False,8,Mist,-7.08,91,4.12
Red Feather Lakes,Colorado,CO,False,8,Clouds,-11.99,93,5.68
Severance,New York,NY,False,36,Clouds,-7.37,80,4.55
Timnath,Colorado,CO,False,8,Clouds,-8.61,88,4.63
Brighton,Massachusetts,MA,False,25,Clouds,4.62,67,2.57
Ault,Colorado,CO,False,8,Clouds,-9.31,88,3.6
Briggsdale,Colorado,CO,False,8,Clouds,-10.43,83,2.57
Carr,Colorado,CO,False,8,Clouds,-10.33,91,4.26
Eastlake,Ohio,OH,False,39,Mist,-6.8,87,8.23
Eaton,New York,NY,False,36,Clouds,-6.11,75,4.47
Fort Lupton,Colorado,CO,False,8,Clouds,-8.65,91,1.34
Galeton,Pennsylvania,PA,False,42,Clouds,-7.75,86,1.79
Gilcrest,Colorado,CO,False,8,Clouds,-8.9,89,1.79
Gill,Massachusetts,MA,False,25,Clouds,-3.08,67,5.14
Greeley,Pennsylvania,PA,False,42,Clouds,-5.04,67,1.34
Keenesburg,Colorado,CO,False,8,Clouds,-9.62,88,1.79
Kersey,Pennsylvania,PA,False,42,Snow,-9.69,86,3.13
La Salle,Michigan,MI,False,26,Clear,-9.96,85,4.12
Nunn,Colorado,CO,False,8,Clouds,-9.81,87,3.21
Orchard,Iowa,IA,False,19,Clouds,-12.75,62,3.62
Platteville,Wisconsin,WI,False,55,Clear,-9.96,48,0.0
Roggen,Colorado,CO,False,8,Clouds,-9.2,88,4.63
Weldona,Colorado,CO,False,8,Snow,-9.68,100,5.14
Wiggins,Mississippi,MS,False,28,Clouds,12.12,76,3.21
Fort Morgan,Colorado,CO,False,8,Snow,-9.64,100,5.14
Log Lane Village,Colorado,CO,False,8,Mist,-9.6,100,5.14
Akron,New York,NY,False,36,Snow,-6.25,73,4.92
Amherst,Massachusetts,MA,False,25,Clouds,-2.68,67,0.45
Brush,Colorado,CO,False,8,Snow,-9.43,100,5.14
Crook,Colorado,CO,False,8,Snow,-2.81,91,0.45
Eckley,Colorado,CO,False,8,Clouds,8.5,91,0.62
Fleming,Pennsylvania,PA,False,42,Snow,-9.37,77,7.15
Haxtun,Colorado,CO,False,8,Snow,-12.18,89,5.45
Hillrose,Colorado,CO,False,8,Clouds,-0.04,63,0.0
Holyoke,Massachusetts,MA,False,25,Clouds,-2.23,62,6.17
Idalia,Colorado,CO,False,8,Clouds,-10.53,86,6.02
Iliff,Colorado,CO,False,8,Snow,-9.62,93,4.34
Julesburg,Colorado,CO,False,8,Clouds,-10.49,92,4.69
Merino,Colorado,CO,False,8,Clouds,-2.05,59,4.63
New Raymer,Colorado,CO,False,8,Snow,-10.93,92,4.9
Ovid,New York,NY,False,36,Clouds,-5.42,65,8.75
Padroni,Colorado,CO,False,8,Snow,-9.97,94,3.94
Paoli,Pennsylvania,PA,False,42,Clear,-4.46,55,4.92
Peetz,Colorado,CO,False,8,Snow,-12.75,89,3.68
Sedgwick,Maine,ME,False,23,Clouds,-10.74,69,2.24
Snyder,Nebraska,NE,False,31,Clouds,-9.65,67,6.16
Stoneham,Massachusetts,MA,False,25,Clouds,-1.88,59,6.69
Woodrow,Colorado,CO,False,8,Clear,-7.06,63,4.6
Wray,Georgia,GA,False,13,Clear,1.05,52,0.66
Anton,Texas,TX,False,48,Clear,10.45,16,12.8
Arriba,Colorado,CO,False,8,Clear,1.77,37,12.35
Bethune,South Carolina,SC,False,45,Clear,-3.86,41,0.47
Calhan,Colorado,CO,False,8,Snow,-3.03,93,7.88
Cheyenne Wells,Colorado,CO,False,8,Snow,-10.97,89,8.63
Cope,South Carolina,SC,False,45,Clear,-0.38,73,0.0
Cripple Creek,Virginia,VA,False,51,Clear,-4.99,50,1.65
Divide,Montana,MT,False,30,Clouds,-2.73,91,2.09
Flagler,Colorado,CO,False,8,Clear,9.44,70,2.24
Florissant,Missouri,MO,False,29,Snow,-2.72,79,4.12
Fountain,North Carolina,NC,False,37,Clear,-3.33,61,3.59
Green Mountain Falls,Colorado,CO,False,8,Clouds,-6.1,87,3.6
Guffey,Colorado,CO,False,8,Clouds,-4.77,63,2.24
Hugo,Minnesota,MN,False,27,Clear,-16.35,56,3.09
Joes,Colorado,CO,False,8,Snow,-9.37,84,6.07
Karval,Colorado,CO,False,8,Snow,-7.57,89,7.83
Kirk,Colorado,CO,False,8,Clouds,-5.14,53,1.34
Limon,Colorado,CO,False,8,Mist,-10.07,92,5.66
Lake George,New York,NY,False,36,Clouds,-4.1,78,2.06
Manitou Springs,Colorado,CO,False,8,Mist,-2.78,88,4.12
Matheson,Colorado,CO,False,8,Clouds,-8.82,91,7.42
Peyton,Colorado,CO,False,8,Clouds,-3.54,91,5.14
Rush,New York,NY,False,36,Clouds,-5.35,74,9.26
Seibert,Colorado,CO,False,8,Snow,-11.04,89,6.59
Simla,Colorado,CO,False,8,Clouds,-9.51,91,7.49
Stratton,Maine,ME,False,23,Clouds,-14.7,78,3.76
Vona,Colorado,CO,False,8,Snow,-9.95,87,6.83
Wild Horse,Colorado,CO,False,8,Snow,-3.99,91,1.79
Woodland Park,Colorado,CO,False,8,Clouds,-6.73,88,1.97
Colorado Springs,Colorado,CO,False,8,Clouds,-2.23,87,3.6
Pueblo,Colorado,CO,False,8,Snow,-3.62,91,4.47
Aguilar,Colorado,CO,False,8,Clouds,-3.62,93,4.26
Boncarbo,Colorado,CO,False,8,Clouds,-4.33,89,4.35
Boone,North Carolina,NC,False,37,Clouds,-7.62,65,5.36
Branson,Missouri,MO,False,29,Rain,0.72,91,6.17
Cheraw,South Carolina,SC,False,45,Clear,-3.91,93,0.0
Crowley,Louisiana,LA,False,22,Clouds,15.9,96,5.21
Ordway,Colorado,CO,False,8,Snow,-7.25,91,4.24
Eads,Tennessee,TN,False,47,Clouds,6.44,56,4.18
Fort Lyon,Colorado,CO,False,8,Snow,-5.0,86,5.77
Gardner,Massachusetts,MA,False,25,Clouds,-4.67,67,6.69
Granada,Minnesota,MN,False,27,Clear,-12.93,52,5.14
Hartman,Arkansas,AR,False,5,Clouds,4.92,71,1.34
Hasty,Arkansas,AR,False,5,Clouds,1.67,88,1.34
Haswell,Colorado,CO,False,8,Snow,-7.39,85,8.51
Hoehne,Colorado,CO,False,8,Snow,-4.94,93,0.0
Holly,Michigan,MI,False,26,Clear,-8.99,76,6.02
Kim,Colorado,CO,False,8,Snow,-6.79,87,9.18
La Junta,Colorado,CO,False,8,Snow,-6.84,93,2.57
Lamar,Pennsylvania,PA,False,42,Clouds,-7.1,69,1.79
Las Animas,Colorado,CO,False,8,Snow,-6.45,86,5.75
La Veta,Colorado,CO,False,8,Clouds,-1.4,67,5.36
Manzanola,Colorado,CO,False,8,Snow,-4.31,94,3.32
Model,Colorado,CO,False,8,Snow,-4.73,93,0.0
Olney Springs,Colorado,CO,False,8,Snow,-4.55,93,3.56
Pritchett,Colorado,CO,False,8,Clouds,15.8,94,7.06
Rocky Ford,Georgia,GA,False,13,Clear,-0.9,47,2.5
Rye,New Hampshire,NH,False,33,Clouds,-6.36,71,1.34
Sheridan Lake,Colorado,CO,False,8,Snow,-9.3,89,9.16
Swink,Oklahoma,OK,False,40,Rain,8.3,97,4.77
Trinchera,Colorado,CO,False,8,Snow,-4.29,94,4.99
Two Buttes,Colorado,CO,False,8,Snow,-7.53,87,8.69
Vilas,North Carolina,NC,False,37,Clouds,-6.76,68,6.26
Walsenburg,Colorado,CO,False,8,Clouds,-3.66,88,4.14
Walsh,Illinois,IL,False,17,Snow,-0.5,70,4.63
Wiley,Georgia,GA,False,13,Clouds,-2.4,56,1.98
Alamosa,Colorado,CO,False,8,Clouds,-3.01,59,4.12
Antonito,Colorado,CO,False,8,Clear,-4.75,59,2.33
Arboles,Colorado,CO,False,8,Clear,-5.13,69,0.38
Bayfield,Wisconsin,WI,False,55,Clear,-14.11,61,4.12
Blanca,Colorado,CO,False,8,Clouds,-3.0,51,5.58
Center,Kentucky,KY,False,21,Clouds,-1.1,41,1.38
Chromo,Colorado,CO,False,8,Clear,-7.35,79,0.5
Conejos,Colorado,CO,False,8,Clear,-4.75,59,2.33
Creede,Colorado,CO,False,8,Clouds,-14.33,98,2.1
Crestone,Colorado,CO,False,8,Clouds,-6.19,76,2.36
Del Norte,Colorado,CO,False,8,Clear,-2.71,36,4.63
Fort Garland,Colorado,CO,False,8,Clouds,-3.56,56,4.94
Homelake,Colorado,CO,False,8,Clouds,-2.75,40,5.22
Ignacio,Colorado,CO,False,8,Clear,-1.78,61,5.66
Jaroso,Colorado,CO,False,8,Clouds,-3.57,55,1.2
Manassa,Colorado,CO,False,8,Clouds,-3.3,49,1.56
Moffat,Colorado,CO,False,8,Clouds,5.87,57,2.45
Monte Vista,Colorado,CO,False,8,Clouds,-1.27,42,4.88
Mosca,Colorado,CO,False,8,Clouds,-3.05,40,7.85
Pagosa Springs,Colorado,CO,False,8,Clear,-7.0,80,1.03
Romeo,Michigan,MI,False,26,Clear,-9.57,78,6.19
Saguache,Colorado,CO,False,8,Clear,-1.77,59,9.77
Sanford,Maine,ME,False,23,Clouds,-6.78,68,4.92
South Fork,Pennsylvania,PA,False,42,Clouds,-9.7,84,5.66
Villa Grove,Illinois,IL,False,17,Clouds,-6.14,49,1.73
Almont,Michigan,MI,False,26,Clear,-10.17,80,6.43
Canon City,Colorado,CO,False,8,Clouds,-3.31,87,1.7
Coal Creek,Colorado,CO,False,8,Mist,-12.67,91,4.12
Coaldale,Pennsylvania,PA,False,42,Clouds,-6.06,65,2.57
Cotopaxi,Colorado,CO,False,8,Clouds,-3.15,73,2.52
Crested Butte,Colorado,CO,False,8,Clouds,-11.94,95,4.01
Monarch,Montana,MT,False,30,Clouds,-5.84,91,3.43
Granite,Oklahoma,OK,False,40,Clouds,14.74,79,7.92
Hillside,New Jersey,NJ,False,34,Clouds,-2.55,52,7.2
Howard,Pennsylvania,PA,False,42,Clouds,-6.88,69,1.79
Nathrop,Colorado,CO,False,8,Clear,-1.4,46,7.2
Ohio City,Ohio,OH,False,39,Snow,-8.42,82,0.45
Parlin,New Jersey,NJ,False,34,Clouds,-2.84,55,5.14
Penrose,North Carolina,NC,False,37,Clouds,-4.09,58,1.35
Pitkin,Louisiana,LA,False,22,Clouds,-7.65,99,0.63
Poncha Springs,Colorado,CO,False,8,Clouds,-2.04,54,2.06
Powderhorn,Colorado,CO,False,8,Clouds,-14.94,44,6.17
Rockvale,Tennessee,TN,False,47,Clouds,1.69,61,0.0
Sargents,Colorado,CO,False,8,Clouds,-6.15,85,2.76
Twin Lakes,Wisconsin,WI,False,55,Clear,-10.44,58,3.09
Westcliffe,Colorado,CO,False,8,Clouds,-5.91,75,2.51
Wetmore,Michigan,MI,False,26,Snow,-7.51,79,8.75
Durango,Iowa,IA,False,19,Clouds,-9.37,47,2.57
Cahone,Colorado,CO,False,8,Clouds,-3.51,58,2.24
Cortez,Florida,FL,False,12,Clear,11.03,67,1.54
Dolores,Colorado,CO,False,8,Clear,-4.59,66,3.29
Dove Creek,Colorado,CO,False,8,Clouds,-3.91,58,5.69
Egnar,Colorado,CO,False,8,Clear,-4.8,59,5.95
Hesperus,Colorado,CO,False,8,Clear,-5.58,70,4.47
Lewis,New York,NY,False,36,Snow,-9.32,66,2.74
Mancos,Colorado,CO,False,8,Clear,-4.68,73,1.79
Marvel,Colorado,CO,False,8,Clouds,-9.74,89,1.45
Pleasant View,Tennessee,TN,False,47,Clouds,0.68,61,1.34
Rico,Colorado,CO,False,8,Clear,12.31,32,2.57
Towaoc,Colorado,CO,False,8,Clear,-1.01,55,3.6
Yellow Jacket,Colorado,CO,False,8,Clear,4.17,93,1.5
Bedrock,Colorado,CO,False,8,Clear,-0.47,56,1.33
Cedaredge,Colorado,CO,False,8,Snow,-0.06,75,6.17
Cory,Indiana,IN,False,18,Clouds,-4.15,70,2.06
Crawford,West Virginia,WV,False,54,Clouds,-12.14,76,2.29
Eckert,Colorado,CO,False,8,Snow,1.21,75,6.17
Hotchkiss,Colorado,CO,False,8,Clear,-7.5,76,0.45
Lazear,Colorado,CO,False,8,Snow,1.47,91,1.6
Naturita,Colorado,CO,False,8,Clouds,-0.98,55,1.2
Norwood,Massachusetts,MA,False,25,Clouds,-2.28,61,7.15
Nucla,Colorado,CO,False,8,Clouds,-1.66,63,1.05
Olathe,Kansas,KS,False,20,Mist,-4.45,91,6.69
Ouray,Colorado,CO,False,8,Snow,-2.73,82,0.45
Paonia,Colorado,CO,False,8,Snow,-1.89,95,0.36
Paradox,New York,NY,False,36,Clouds,-7.52,78,3.72
Redvale,Colorado,CO,False,8,Clouds,-2.74,67,0.51
Ridgway,Pennsylvania,PA,False,42,Clouds,-8.91,87,5.53
Telluride,Colorado,CO,False,8,Snow,-5.66,79,0.0
Grand Junction,Tennessee,TN,False,47,Clouds,5.7,64,3.66
Fruita,Colorado,CO,False,8,Clouds,-0.04,76,0.0
Gateway,Arkansas,AR,False,5,Rain,2.81,90,5.96
Loma,Montana,MT,False,30,Clouds,-12.64,93,4.57
Mack,Colorado,CO,False,8,Clouds,4.31,27,2.36
Palisade,Minnesota,MN,False,27,Clear,-20.01,59,3.6
Glenwood Springs,Colorado,CO,False,8,Clouds,-2.0,91,2.13
Dinosaur,Colorado,CO,False,8,Clouds,-1.27,62,3.01
Aspen,Colorado,CO,False,8,Snow,-5.36,86,2.57
Snowmass Village,Colorado,CO,False,8,Clouds,-6.07,86,2.57
Avon,Massachusetts,MA,False,25,Clouds,5.06,65,1.97
Carbondale,Pennsylvania,PA,False,42,Clouds,-5.16,67,4.02
Collbran,Colorado,CO,False,8,Snow,-1.54,98,0.37
De Beque,Colorado,CO,False,8,Clouds,-0.06,93,0.98
Parachute,Colorado,CO,False,8,Snow,-1.0,94,0.75
Battlement Mesa,Colorado,CO,False,8,Snow,-1.75,95,0.65
Gypsum,Ohio,OH,False,39,Clear,-9.98,79,6.17
Maybell,Colorado,CO,False,8,Snow,-3.28,91,0.95
Meeker,Oklahoma,OK,False,40,Mist,10.2,93,8.75
Meredith,New Hampshire,NH,False,33,Clouds,-8.28,71,2.57
Minturn,Arkansas,AR,False,5,Clouds,2.93,70,4.63
Molina,Colorado,CO,False,8,Snow,-0.9,88,0.27
New Castle,New Hampshire,NH,False,33,Clouds,-6.38,71,2.24
Rangely,Colorado,CO,False,8,Clouds,0.01,64,1.54
Red Cliff,Colorado,CO,False,8,Clear,-14.03,61,4.12
Rifle,Colorado,CO,False,8,Snow,-1.46,100,0.0
Silt,Colorado,CO,False,8,Snow,0.13,86,0.0
Slater,South Carolina,SC,False,45,Clouds,-2.15,56,1.55
Snowmass,Colorado,CO,False,8,Clouds,-3.9,87,2.57
Wolcott,Vermont,VT,False,50,Snow,-11.12,86,3.14
Woody Creek,Colorado,CO,False,8,Snow,-4.22,86,2.57
Albin,Wyoming,WY,False,56,Snow,-12.78,96,2.75
Bosler,Wyoming,WY,False,56,Snow,-5.89,83,7.32
Buford,Georgia,GA,False,13,Clear,-0.97,60,0.45
Carpenter,Iowa,IA,False,19,Clouds,-13.13,60,0.89
Centennial,Wyoming,WY,False,56,Clouds,-7.7,87,4.34
Garrett,Pennsylvania,PA,False,42,Clouds,-10.26,85,6.17
Hillsdale,New Jersey,NJ,False,34,Clouds,-2.22,52,5.14
Horse Creek,Wyoming,WY,False,56,Snow,-11.51,95,3.6
Jelm,Wyoming,WY,False,56,Clouds,-6.09,83,5.3
Laramie,Wyoming,WY,False,56,Snow,-5.55,84,8.75
Meriden,New Hampshire,NH,False,33,Clouds,-9.2,77,3.6
Pine Bluffs,Wyoming,WY,False,56,Snow,-10.7,95,3.88
Rock River,Wyoming,WY,False,56,Snow,-7.88,92,5.69
Tie Siding,Wyoming,WY,False,56,Clouds,-7.11,71,9.05
Chugwater,Wyoming,WY,False,56,Clouds,-10.94,92,2.88
Fort Laramie,Wyoming,WY,False,56,Clouds,-9.39,90,0.87
Glendo,Wyoming,WY,False,56,Snow,-9.44,94,0.46
Guernsey,Iowa,IA,False,19,Clouds,-9.59,68,3.73
Hartville,Ohio,OH,False,39,Clouds,-9.81,82,5.14
Hawk Springs,Wyoming,WY,False,56,Clouds,-10.35,89,2.04
Huntley,Minnesota,MN,False,27,Clear,-13.28,60,5.14
Jay Em,Wyoming,WY,False,56,Snow,-11.24,89,3.45
Lagrange,Maine,ME,False,23,Clouds,-12.52,71,3.66
Lance Creek,Wyoming,WY,False,56,Snow,-12.11,89,2.68
Lingle,Wyoming,WY,False,56,Clouds,-9.95,79,3.6
Lost Springs,Kansas,KS,False,20,Snow,-5.35,91,8.25
Lusk,Wyoming,WY,False,56,Snow,-12.69,91,1.76
Manville,Rhode Island,RI,False,44,Clouds,-2.24,64,4.63
Shawnee,Ohio,OH,False,39,Clouds,-9.15,82,2.18
Torrington,Connecticut,CT,False,9,Clouds,-3.66,67,1.79
Van Tassell,Wyoming,WY,False,56,Clouds,-16.3,86,2.9
Veteran,Wyoming,WY,False,56,Clouds,-10.06,86,1.16
Yoder,Indiana,IN,False,18,Clouds,-12.02,65,4.11
Rawlins,Wyoming,WY,False,56,Snow,-6.06,79,5.14
Jeffrey City,Wyoming,WY,False,56,Clouds,-6.48,89,2.68
Baggs,Wyoming,WY,False,56,Snow,-2.55,86,1.54
Bairoil,Wyoming,WY,False,56,Clouds,-8.25,95,2.3
Elk Mountain,Wyoming,WY,False,56,Snow,-6.83,79,6.69
Encampment,Wyoming,WY,False,56,Snow,-6.71,91,1.9
Medicine Bow,Wyoming,WY,False,56,Snow,-7.22,87,2.86
Savery,Wyoming,WY,False,56,Snow,-2.98,86,1.54
Sinclair,Maine,ME,False,23,Clouds,-15.37,76,4.63
Walcott,Iowa,IA,False,19,Clear,-7.88,79,3.09
Wamsutter,Wyoming,WY,False,56,Snow,-6.06,94,7.35
Worland,Wyoming,WY,False,56,Mist,-9.5,89,2.57
Basin,Montana,MT,False,30,Clouds,-7.41,91,2.81
Cody,Nebraska,NE,False,31,Snow,-14.71,93,4.84
Cowley,Wyoming,WY,False,56,Clouds,-9.81,85,0.0
Deaver,Wyoming,WY,False,56,Clouds,-10.23,84,4.12
Emblem,Wyoming,WY,False,56,Clouds,-10.05,95,1.39
Frannie,Wyoming,WY,False,56,Clouds,-10.09,83,4.12
Greybull,Wyoming,WY,False,56,Mist,-8.75,86,1.54
Hyattville,Wyoming,WY,False,56,Clouds,-9.33,96,2.59
Kirby,Ohio,OH,False,39,Clouds,-10.75,77,4.34
Lovell,Maine,ME,False,23,Clouds,-7.74,59,4.12
Manderson,South Dakota,SD,False,46,Snow,-13.48,94,3.81
Meeteetse,Wyoming,WY,False,56,Clouds,-10.57,86,2.47
Otto,New York,NY,False,36,Snow,-8.21,85,7.05
Powell,Tennessee,TN,False,47,Clouds,-2.04,63,0.45
Ralston,Pennsylvania,PA,False,42,Clouds,-6.54,80,4.56
Shell,Wyoming,WY,False,56,Clouds,-9.58,96,1.41
Ten Sleep,Wyoming,WY,False,56,Clouds,-8.18,89,1.97
Thermopolis,Wyoming,WY,False,56,Snow,-7.38,81,0.0
Wapiti,Wyoming,WY,False,56,Clouds,-11.81,86,4.09
Arapahoe,North Carolina,NC,False,37,Clear,-2.44,71,0.0
Crowheart,Wyoming,WY,False,56,Clouds,-7.16,92,0.54
Fort Washakie,Wyoming,WY,False,56,Clouds,-6.56,90,0.95
Hudson,Massachusetts,MA,False,25,Clouds,-2.65,63,1.79
Kinnear,Wyoming,WY,False,56,Clouds,-6.59,94,1.31
Lander,Wyoming,WY,False,56,Clouds,-3.55,80,6.69
Pavillion,Wyoming,WY,False,56,Clouds,-7.44,92,1.29
Saint Stephens,Alabama,AL,False,1,Clouds,7.17,67,2.74
Casper,Wyoming,WY,False,56,Mist,-9.4,92,2.06
Alcova,Wyoming,WY,False,56,Snow,-7.63,91,0.64
Arminto,Wyoming,WY,False,56,Clouds,-10.25,96,1.23
Edgerton,Ohio,OH,False,39,Clouds,-11.28,74,4.21
Evansville,Indiana,IN,False,18,Clouds,-1.24,64,2.57
Glenrock,Wyoming,WY,False,56,Snow,-8.61,95,1.16
Hiland,Wyoming,WY,False,56,Clouds,-9.5,96,1.14
Kaycee,Wyoming,WY,False,56,Clouds,-10.11,85,0.16
Linch,Wyoming,WY,False,56,Clouds,-10.61,88,1.12
Lysite,Wyoming,WY,False,56,Clouds,-8.97,90,0.84
Midwest,Wyoming,WY,False,56,Snow,-10.61,89,1.8
Natrona,Wyoming,WY,False,56,Clouds,-10.96,92,0.66
Powder River,Wyoming,WY,False,56,Snow,-9.13,94,0.45
Shoshoni,Wyoming,WY,False,56,Clouds,-6.74,85,0.89
Aladdin,Wyoming,WY,False,56,Snow,-11.27,89,1.79
Alva,Florida,FL,False,12,Clear,8.92,86,2.87
Beulah,Mississippi,MS,False,28,Clouds,7.99,77,5.39
Devils Tower,Wyoming,WY,False,56,Snow,-12.32,78,1.54
Four Corners,Wyoming,WY,False,56,Snow,-14.38,93,1.27
Gillette,New Jersey,NJ,False,34,Clouds,-3.06,56,5.14
Hulett,Wyoming,WY,False,56,Snow,-12.1,78,1.54
Moorcroft,Wyoming,WY,False,56,Clouds,-9.55,91,1.79
Osage,West Virginia,WV,False,54,Clear,-10.19,82,0.89
Recluse,Wyoming,WY,False,56,Clouds,-10.19,95,0.46
Rozet,Wyoming,WY,False,56,Clouds,-8.92,91,0.89
Sundance,Wyoming,WY,False,56,Snow,-13.23,94,1.23
Upton,Massachusetts,MA,False,25,Clouds,-14.07,72,2.06
Wright,Minnesota,MN,False,27,Clear,-20.16,64,3.93
Arvada,Colorado,CO,False,8,Clouds,-5.78,92,3.13
Banner,Mississippi,MS,False,28,Clouds,7.81,53,4.58
Big Horn,Wyoming,WY,False,56,Snow,-8.68,86,0.0
Buffalo,New York,NY,False,36,Clouds,-5.63,70,9.26
Clearmont,Missouri,MO,False,29,Snow,-6.32,93,6.77
Leiter,Wyoming,WY,False,56,Snow,-8.73,94,0.48
Parkman,Ohio,OH,False,39,Snow,-8.81,84,4.67
Ranchester,Wyoming,WY,False,56,Snow,-7.58,93,0.51
Saddlestring,Wyoming,WY,False,56,Mist,-11.53,91,2.57
Story,Arkansas,AR,False,5,Rain,5.01,86,0.0
Wolf,Wyoming,WY,False,56,Clouds,-9.23,92,0.35
Wyarno,Wyoming,WY,False,56,Snow,-8.37,84,0.0
Rock Springs,Wisconsin,WI,False,55,Clouds,-3.06,80,9.77
Bondurant,Iowa,IA,False,19,Clouds,-8.41,70,8.94
Cora,West Virginia,WV,False,54,Clear,-5.47,58,0.0
Little America,Wyoming,WY,False,56,Clouds,-6.21,82,10.26
Evanston,Indiana,IN,False,18,Clouds,-1.18,45,2.57
Farson,Wyoming,WY,False,56,Clouds,-11.54,91,2.03
Fort Bridger,Wyoming,WY,False,56,Clouds,-3.57,77,9.26
Lonetree,Wyoming,WY,False,56,Clouds,-3.86,65,6.26
Point Of Rocks,Maryland,MD,False,24,Clear,-5.61,60,3.13
Reliance,Tennessee,TN,False,47,Rain,5.81,80,5.36
Robertson,Wyoming,WY,False,56,Clouds,-4.82,77,6.92
Kelly,North Carolina,NC,False,37,Clear,-2.8,53,1.67
Moose,Wyoming,WY,False,56,Clouds,-6.04,93,2.57
Moran,Michigan,MI,False,26,Clouds,-6.97,81,6.02
Wilson,New York,NY,False,36,Clouds,-4.77,78,3.13
Teton Village,Wyoming,WY,False,56,Clouds,-5.82,93,2.57
Kemmerer,Wyoming,WY,False,56,Clouds,-3.32,80,10.29
Afton,New York,NY,False,36,Clouds,-5.84,78,1.34
Bedford,Massachusetts,MA,False,25,Clouds,-2.07,61,6.17
Big Piney,Wyoming,WY,False,56,Clear,-6.73,73,7.2
Cokeville,Wyoming,WY,False,56,Clouds,-12.17,100,0.85
Daniel,Wyoming,WY,False,56,Clouds,-6.23,88,5.02
Diamondville,Wyoming,WY,False,56,Clouds,-3.2,80,10.29
Frontier,Michigan,MI,False,26,Clear,-9.61,80,4.63
Grover,Pennsylvania,PA,False,42,Clouds,-7.54,74,5.89
La Barge,Wyoming,WY,False,56,Clouds,-11.08,84,2.4
Opal,Wyoming,WY,False,56,Clouds,-2.78,91,6.12
Smoot,West Virginia,WV,False,54,Clouds,-8.45,62,3.32
Thayne,Wyoming,WY,False,56,Snow,-2.86,88,0.84
Pocatello,Idaho,ID,False,16,Clouds,0.86,78,6.69
Fort Hall,Idaho,ID,False,16,Clouds,0.61,78,6.69
American Falls,Idaho,ID,False,16,Clouds,1.07,82,5.53
Arbon,Idaho,ID,False,16,Clouds,0.53,78,6.69
Arco,Minnesota,MN,False,27,Clouds,-18.21,77,5.81
Arimo,Idaho,ID,False,16,Snow,-0.63,81,1.64
Atomic City,Idaho,ID,False,16,Clouds,-10.19,97,1.42
Bancroft,West Virginia,WV,False,54,Clouds,-8.4,81,1.43
Basalt,Colorado,CO,False,8,Clouds,-1.48,99,5.25
Bern,Kansas,KS,False,20,Snow,-9.1,97,7.28
Blackfoot,Idaho,ID,False,16,Clouds,-3.08,91,3.76
Challis,Idaho,ID,False,16,Clouds,-6.48,79,0.0
Cobalt,Connecticut,CT,False,9,Clouds,-2.81,58,4.45
Dingle,Idaho,ID,False,16,Clouds,-8.18,96,0.8
Ellis,Kansas,KS,False,20,Snow,-9.25,92,8.16
Firth,Nebraska,NE,False,31,Snow,-10.46,86,5.36
Franklin,Massachusetts,MA,False,25,Clouds,-2.81,65,4.63
Geneva,New York,NY,False,36,Clouds,-4.59,68,8.94
Grace,Mississippi,MS,False,28,Clouds,10.58,74,6.15
Howe,Indiana,IN,False,18,Clear,-9.71,85,2.57
Inkom,Idaho,ID,False,16,Snow,0.5,80,0.89
Lava Hot Springs,Idaho,ID,False,16,Snow,-1.17,81,0.45
Mccammon,Idaho,ID,False,16,Snow,-0.3,78,1.54
Mackay,Idaho,ID,False,16,Clouds,-7.52,84,2.28
Malad City,Idaho,ID,False,16,Clouds,-4.75,93,0.28
May,Oklahoma,OK,False,40,Snow,0.25,90,8.99
Moore,South Carolina,SC,False,45,Clear,-1.69,50,0.0
Moreland,Georgia,GA,False,13,Clouds,-7.94,56,4.12
Paris,Maine,ME,False,23,Clouds,-9.32,68,3.72
Pingree,North Dakota,ND,False,38,Clouds,-24.61,94,2.42
Rockland,Massachusetts,MA,False,25,Clear,-11.64,71,0.0
Saint Charles,Virginia,VA,False,51,Clouds,-5.03,68,0.59
Shelley,Idaho,ID,False,16,Clouds,-1.57,97,4.63
Fish Haven,Idaho,ID,False,16,Clouds,-2.66,87,1.31
Twin Falls,Idaho,ID,False,16,Clouds,2.14,80,4.12
Almo,Kentucky,KY,False,21,Clouds,1.66,62,3.6
Bliss,New York,NY,False,36,Snow,-6.29,90,8.25
Buhl,Alabama,AL,False,1,Clouds,5.09,67,2.06
Carey,Ohio,OH,False,39,Clouds,-10.62,78,4.27
Castleford,Idaho,ID,False,16,Clouds,2.73,69,6.28
Declo,Idaho,ID,False,16,Clouds,1.66,77,4.12
Dietrich,Idaho,ID,False,16,Clouds,0.77,90,2.88
Filer,Idaho,ID,False,16,Clouds,2.54,77,4.12
Gooding,Idaho,ID,False,16,Clouds,0.68,83,2.93
Hailey,Idaho,ID,False,16,Clouds,-2.65,73,3.6
Hansen,Idaho,ID,False,16,Clouds,1.98,79,4.12
Hazelton,North Dakota,ND,False,38,Clouds,-20.42,80,2.2
Heyburn,Idaho,ID,False,16,Clouds,1.99,75,4.12
Hill City,Minnesota,MN,False,27,Clear,-21.72,76,3.71
Ketchum,Oklahoma,OK,False,40,Clouds,6.53,89,2.74
Malta,Ohio,OH,False,39,Clouds,-10.53,89,2.0
Minidoka,Idaho,ID,False,16,Clouds,-0.52,85,4.26
Murtaugh,Idaho,ID,False,16,Clouds,2.31,77,5.66
Paul,Idaho,ID,False,16,Clouds,1.99,75,4.12
Rupert,Vermont,VT,False,50,Clouds,-6.01,81,0.45
Wendell,Massachusetts,MA,False,25,Clear,-18.91,65,5.14
Idaho Falls,Idaho,ID,False,16,Clouds,-1.36,92,4.63
Ashton,Maryland,MD,False,24,Clear,-6.24,62,5.14
Driggs,Idaho,ID,False,16,Snow,-2.87,93,0.0
Dubois,Indiana,IN,False,18,Clouds,-2.81,66,0.0
Felt,Oklahoma,OK,False,40,Clouds,-3.58,76,9.14
Hamer,South Carolina,SC,False,45,Clear,-3.05,42,2.03
Iona,Minnesota,MN,False,27,Clear,-16.01,72,4.63
Irwin,Pennsylvania,PA,False,42,Clouds,-7.91,73,5.66
Island Park,New York,NY,False,36,Clear,-2.61,53,3.58
Lewisville,Pennsylvania,PA,False,42,Clear,-5.12,57,3.58
Menan,Idaho,ID,False,16,Clouds,-2.1,93,4.12
Newdale,Idaho,ID,False,16,Snow,-2.42,100,4.12
Rexburg,Idaho,ID,False,16,Clouds,-2.02,100,4.12
Rigby,Idaho,ID,False,16,Clouds,-2.26,92,4.12
Ririe,Idaho,ID,False,16,Clouds,-2.46,90,2.67
Roberts,Wisconsin,WI,False,55,Clear,-16.36,51,4.63
Saint Anthony,Indiana,IN,False,18,Clouds,-2.21,65,0.0
Spencer,Massachusetts,MA,False,25,Clouds,10.78,87,5.66
Sugar City,Colorado,CO,False,8,Clouds,-2.08,100,4.12
Swan Valley,Idaho,ID,False,16,Snow,-5.04,97,1.24
Teton,Idaho,ID,False,16,Snow,-2.17,100,4.12
Tetonia,Idaho,ID,False,16,Clouds,-2.78,93,0.0
Ucon,Idaho,ID,False,16,Clouds,-1.77,90,4.63
Carmen,Oklahoma,OK,False,40,Clouds,2.01,95,8.01
Gibbonsville,Idaho,ID,False,16,Clouds,-9.64,98,0.78
Leadore,Idaho,ID,False,16,Clouds,-7.37,94,1.13
Salmon,Idaho,ID,False,16,Clouds,-3.83,80,0.0
Shoup,Idaho,ID,False,16,Clouds,-8.63,97,1.36
Craigmont,Idaho,ID,False,16,Clouds,1.73,89,2.12
Culdesac,Idaho,ID,False,16,Clouds,4.83,90,1.11
Elk City,Kansas,KS,False,20,Clouds,1.98,93,5.66
Ferdinand,Indiana,IN,False,18,Clouds,-2.12,64,0.0
Grangeville,Idaho,ID,False,16,Clouds,0.7,87,4.02
Fenn,Idaho,ID,False,16,Clouds,1.9,82,2.06
Greencreek,Idaho,ID,False,16,Clouds,1.58,81,2.05
Juliaetta,Idaho,ID,False,16,Clouds,3.71,97,1.76
Kamiah,Idaho,ID,False,16,Clouds,3.34,98,1.26
Kendrick,Idaho,ID,False,16,Clouds,3.44,97,1.71
Kooskia,Idaho,ID,False,16,Clouds,3.24,99,1.14
Lapwai,Idaho,ID,False,16,Clouds,5.86,91,0.0
Lenore,West Virginia,WV,False,54,Clouds,-5.33,52,1.14
Lucile,Idaho,ID,False,16,Clouds,6.22,83,2.0
Nezperce,Idaho,ID,False,16,Clouds,-0.54,98,1.75
Orofino,Idaho,ID,False,16,Clouds,4.79,86,1.28
Peck,Michigan,MI,False,26,Clouds,-8.8,84,2.68
Pierce,Nebraska,NE,False,31,Clouds,-11.58,81,5.0
Pollock,South Dakota,SD,False,46,Clouds,-16.83,71,2.23
Reubens,Idaho,ID,False,16,Clouds,1.41,90,1.75
Riggins,Idaho,ID,False,16,Clouds,5.87,81,2.57
Stites,Idaho,ID,False,16,Clouds,3.18,99,1.1
Weippe,Idaho,ID,False,16,Clouds,0.07,97,1.42
White Bird,Idaho,ID,False,16,Clouds,3.46,93,1.72
Bruneau,Idaho,ID,False,16,Clouds,2.93,80,0.0
Caldwell,New Jersey,NJ,False,34,Clouds,-3.29,53,7.2
Cambridge,Massachusetts,MA,False,25,Clouds,-1.57,59,6.69
Cascade,Maryland,MD,False,24,Clear,-7.89,67,4.02
Council,North Carolina,NC,False,37,Clear,-2.9,53,1.71
Donnelly,Minnesota,MN,False,27,Clear,-19.0,78,6.17
Emmett,Michigan,MI,False,26,Clear,-9.51,76,1.79
Glenns Ferry,Idaho,ID,False,16,Clouds,3.53,83,2.46
Grand View,Wisconsin,WI,False,55,Clear,-17.93,68,3.63
Greenleaf,Wisconsin,WI,False,55,Clear,-13.49,56,1.79
Homedale,Idaho,ID,False,16,Clouds,4.63,89,0.89
Horseshoe Bend,Arkansas,AR,False,5,Clouds,1.97,76,5.66
Huston,Idaho,ID,False,16,Clouds,3.78,89,2.09
Idaho City,Idaho,ID,False,16,Snow,-0.28,98,1.17
Indian Valley,Virginia,VA,False,51,Clear,-6.25,54,4.58
Kuna,Idaho,ID,False,16,Clouds,3.61,89,2.06
Lake Fork,Illinois,IL,False,17,Clouds,-5.5,71,0.45
Letha,Idaho,ID,False,16,Rain,4.45,88,2.63
Lowman,New York,NY,False,36,Clouds,-4.97,75,4.92
Mccall,Idaho,ID,False,16,Mist,-2.95,93,0.0
Marsing,Idaho,ID,False,16,Clouds,4.13,93,2.06
Melba,Idaho,ID,False,16,Clouds,3.62,86,2.11
Middleton,Massachusetts,MA,False,25,Clouds,7.38,63,3.01
Nampa,Idaho,ID,False,16,Rain,3.86,91,1.54
New Meadows,Idaho,ID,False,16,Mist,0.29,95,0.45
New Plymouth,Ohio,OH,False,39,Clouds,-13.09,75,2.29
Notus,Idaho,ID,False,16,Clouds,4.21,86,2.62
Ola,Arkansas,AR,False,5,Clouds,5.55,95,2.48
Parma,Michigan,MI,False,26,Clouds,2.03,75,3.6
Payette,Idaho,ID,False,16,Rain,4.64,90,0.0
Star,North Carolina,NC,False,37,Clear,-4.0,47,1.32
Sweet,Idaho,ID,False,16,Rain,3.47,86,2.13
Weiser,Idaho,ID,False,16,Clouds,3.51,93,1.42
Wilder,Vermont,VT,False,50,Clouds,-8.45,76,3.6
Yellow Pine,Idaho,ID,False,16,Clouds,-5.86,97,1.75
Athol,Massachusetts,MA,False,25,Clouds,-3.43,61,5.14
Bayview,Idaho,ID,False,16,Snow,1.04,100,0.76
Blanchard,Pennsylvania,PA,False,42,Clouds,-8.67,70,4.63
Bonners Ferry,Idaho,ID,False,16,Mist,1.8,94,0.0
Bovill,Idaho,ID,False,16,Snow,0.32,100,1.14
Calder,Idaho,ID,False,16,Snow,1.21,99,1.03
Careywood,Idaho,ID,False,16,Snow,0.64,93,0.58
Cataldo,Idaho,ID,False,16,Rain,2.18,100,1.02
Clark Fork,Idaho,ID,False,16,Clouds,2.09,99,0.66
Clarkia,Idaho,ID,False,16,Snow,0.61,95,1.42
Cocolalla,Idaho,ID,False,16,Snow,0.78,93,0.42
Coeur D Alene,Idaho,ID,False,16,Clouds,2.26,96,1.54
Coolin,Idaho,ID,False,16,Snow,0.29,99,0.44
Oldtown,Maryland,MD,False,24,Clouds,-6.63,60,2.06
Deary,Idaho,ID,False,16,Clouds,0.31,96,1.18
Eastport,Maine,ME,False,23,Clouds,-12.97,63,5.65
Elk River,Minnesota,MN,False,27,Clouds,-16.28,54,4.84
Fernwood,Mississippi,MS,False,28,Clouds,11.03,62,3.6
Genesee,Pennsylvania,PA,False,42,Clouds,-8.13,79,6.69
Harrison,Maine,ME,False,23,Clouds,-8.17,67,2.5
Harvard,Massachusetts,MA,False,25,Clouds,-3.03,64,6.69
Kellogg,Iowa,IA,False,19,Clouds,-7.84,57,6.17
Kootenai,Idaho,ID,False,16,Snow,1.04,99,0.0
Laclede,Missouri,MO,False,29,Snow,-6.67,94,6.84
Medimont,Idaho,ID,False,16,Snow,1.6,96,0.89
Moscow,Vermont,VT,False,50,Snow,-9.84,79,1.89
Moyie Springs,Idaho,ID,False,16,Mist,1.05,93,0.0
Mullan,Idaho,ID,False,16,Clouds,2.53,80,0.0
Naples,Maine,ME,False,23,Clouds,-8.5,65,0.45
Osburn,Idaho,ID,False,16,Clouds,4.03,99,1.29
Pinehurst,Massachusetts,MA,False,25,Clouds,-2.03,61,6.17
Plummer,Minnesota,MN,False,27,Clouds,-26.03,95,3.08
Ponderay,Idaho,ID,False,16,Drizzle,1.02,99,0.0
Porthill,Idaho,ID,False,16,Snow,0.83,93,0.46
Post Falls,Idaho,ID,False,16,Snow,1.81,97,1.54
Potlatch,Idaho,ID,False,16,Snow,1.1,100,1.83
Priest River,Idaho,ID,False,16,Snow,0.94,77,0.34
Rathdrum,Idaho,ID,False,16,Snow,1.41,97,1.54
Sagle,Idaho,ID,False,16,Rain,0.99,94,0.0
Saint Maries,Idaho,ID,False,16,Snow,1.19,97,1.13
Sandpoint,Idaho,ID,False,16,Drizzle,1.07,99,0.0
Santa,Idaho,ID,False,16,Snow,0.92,95,1.34
Smelterville,Idaho,ID,False,16,Snow,1.15,99,1.08
Spirit Lake,Iowa,IA,False,19,Clouds,-13.62,43,4.02
Tensed,Idaho,ID,False,16,Snow,1.14,100,1.2
Troy,New Hampshire,NH,False,33,Clouds,-5.1,74,3.09
Viola,Delaware,DE,False,10,Clear,-4.5,58,6.69
Murray,Kentucky,KY,False,21,Rain,1.53,62,3.6
Worley,Idaho,ID,False,16,Snow,0.6,96,0.77
Altamont,New York,NY,False,36,Snow,-3.67,71,0.45
Altonah,Utah,UT,False,49,Clouds,-3.02,61,4.12
American Fork,Utah,UT,False,49,Clear,-1.56,78,1.79
Eagle Mountain,Utah,UT,False,49,Clouds,-1.61,76,0.68
Bluebell,Utah,UT,False,49,Clear,-2.08,51,5.14
Bountiful,Utah,UT,False,49,Clouds,-0.14,80,1.34
Clearfield,Pennsylvania,PA,False,42,Clouds,-7.76,75,6.17
Coalville,Utah,UT,False,49,Clouds,-3.59,95,1.82
Croydon,Pennsylvania,PA,False,42,Clouds,-3.07,53,6.17
Draper,Virginia,VA,False,51,Clear,-5.45,56,4.12
Duchesne,Utah,UT,False,49,Clouds,-1.9,62,6.81
Dugway,Utah,UT,False,49,Clouds,0.01,65,0.52
Dutch John,Utah,UT,False,49,Clouds,-5.38,72,4.07
Fort Duchesne,Utah,UT,False,49,Clear,0.25,51,5.14
Garden City,New York,NY,False,36,Clear,-2.72,53,4.63
Grantsville,Maryland,MD,False,24,Clouds,-11.35,86,7.95
Hanna,Indiana,IN,False,18,Clear,-9.38,83,4.63
Heber City,Utah,UT,False,49,Clear,-5.42,84,1.34
Henefer,Utah,UT,False,49,Clouds,-3.59,90,1.73
Ibapah,Utah,UT,False,49,Clouds,0.86,59,2.63
Jensen,Utah,UT,False,49,Clouds,-1.98,80,0.0
Kamas,Utah,UT,False,49,Clouds,-6.4,83,1.17
Kaysville,Utah,UT,False,49,Clear,-0.01,72,3.09
Laketown,Utah,UT,False,49,Clouds,-3.22,96,2.04
Lapoint,Utah,UT,False,49,Clouds,-2.91,85,1.8
Layton,New Jersey,NJ,False,34,Clouds,-3.56,60,2.57
Lindon,Colorado,CO,False,8,Clear,-1.63,78,0.0
Lehi,Utah,UT,False,49,Clouds,-1.37,78,1.79
Magna,Utah,UT,False,49,Clear,-0.62,76,1.54
Saratoga Springs,New York,NY,False,36,Clouds,-3.89,78,1.79
Manila,Arkansas,AR,False,5,Clouds,3.25,67,5.2
Midvale,Ohio,OH,False,39,Clear,-10.49,80,1.79
Midway,Pennsylvania,PA,False,42,Clouds,5.57,60,1.6
Morgan,Vermont,VT,False,50,Haze,-13.27,84,0.0
Mountain Home,North Carolina,NC,False,37,Clear,-3.55,56,4.63
Myton,Utah,UT,False,49,Clear,0.11,51,5.14
Neola,Iowa,IA,False,19,Clouds,-9.99,67,5.67
North Salt Lake,Utah,UT,False,49,Clouds,-0.28,83,2.24
Orem,Utah,UT,False,49,Clear,-1.82,79,0.0
Park City,Kentucky,KY,False,21,Clouds,-0.85,59,1.54
Peoa,Utah,UT,False,49,Clouds,-5.26,85,0.98
Randlett,Oklahoma,OK,False,40,Clouds,16.86,90,9.47
Randolph,Massachusetts,MA,False,25,Clouds,-2.33,61,6.26
Riverton,Connecticut,CT,False,9,Snow,-3.7,67,4.02
Rush Valley,Utah,UT,False,49,Clouds,-0.2,76,0.73
Tabiona,Utah,UT,False,49,Clouds,-3.88,64,5.03
Tooele,Utah,UT,False,49,Clouds,-1.66,69,2.06
Syracuse,New York,NY,False,36,Snow,-4.31,70,4.47
Tridell,Utah,UT,False,49,Clouds,-2.83,85,2.09
Vernal,Utah,UT,False,49,Clouds,-3.16,80,0.89
West Jordan,Utah,UT,False,49,Clear,-0.8,78,1.54
Wallsburg,Utah,UT,False,49,Clear,-5.85,85,0.0
Wendover,Kentucky,KY,False,21,Clouds,-2.3,51,0.95
Whiterocks,Utah,UT,False,49,Clouds,-1.81,57,2.09
Woods Cross,Utah,UT,False,49,Clouds,-0.24,84,1.79
South Jordan,Utah,UT,False,49,Clear,-1.01,78,1.54
Herriman,Utah,UT,False,49,Clear,-1.78,74,1.54
Ogden,Iowa,IA,False,19,Clouds,-9.89,79,7.72
Bear River City,Utah,UT,False,49,Clear,-0.65,80,0.0
Brigham City,Utah,UT,False,49,Clear,-1.09,78,4.02
Cache Junction,Utah,UT,False,49,Clouds,-0.93,84,2.06
Collinston,Louisiana,LA,False,22,Clouds,11.32,65,0.0
Corinne,West Virginia,WV,False,54,Clear,-7.44,82,3.32
Cornish,New Hampshire,NH,False,33,Clouds,-7.57,74,3.6
Deweyville,Texas,TX,False,48,Clouds,17.97,97,3.2
Fielding,Utah,UT,False,49,Clouds,-0.49,84,1.79
Garland,Maine,ME,False,23,Clouds,-13.1,59,3.7
Grouse Creek,Utah,UT,False,49,Clouds,-3.79,92,1.58
Honeyville,Utah,UT,False,49,Clear,-0.81,80,0.0
Howell,New Jersey,NJ,False,34,Clouds,-3.45,55,7.2
Huntsville,Alabama,AL,False,1,Clouds,4.14,55,2.24
Hyde Park,Massachusetts,MA,False,25,Clouds,-1.87,59,6.69
Hyrum,Utah,UT,False,49,Clear,-1.97,80,1.79
Mantua,New Jersey,NJ,False,34,Clouds,-3.28,52,7.72
Mendon,Massachusetts,MA,False,25,Clouds,-2.87,66,1.79
Newton,Massachusetts,MA,False,25,Clouds,-1.87,59,6.69
Park Valley,Utah,UT,False,49,Clouds,-1.45,72,2.28
Portage,Maine,ME,False,23,Clear,-15.63,89,2.41
Smithfield,Rhode Island,RI,False,44,Clouds,-2.6,64,4.63
Snowville,Utah,UT,False,49,Clouds,-1.16,81,0.89
Tremonton,Utah,UT,False,49,Clear,-0.43,83,1.79
Wellsville,New York,NY,False,36,Clouds,-7.85,79,6.69
Price,Maryland,MD,False,24,Clear,-4.47,59,0.89
Aneth,Utah,UT,False,49,Clear,1.37,47,0.82
Blanding,Utah,UT,False,49,Clear,-4.56,54,4.63
Bluff,Utah,UT,False,49,Clouds,1.17,42,2.79
Castle Dale,Utah,UT,False,49,Clouds,-1.28,52,2.71
Cisco,Georgia,GA,False,13,Clouds,-4.34,38,1.09
Clawson,Michigan,MI,False,26,Clouds,-8.18,71,4.63
East Carbon,Utah,UT,False,49,Clouds,-2.82,72,2.83
Elmo,Montana,MT,False,30,Clouds,-0.1,95,2.28
Emery,South Dakota,SD,False,46,Clouds,-12.54,34,4.59
Ferron,Utah,UT,False,49,Clouds,-1.83,52,4.88
Green River,Wyoming,WY,False,56,Clouds,-5.27,82,8.53
Helper,Utah,UT,False,49,Clear,-1.92,59,3.09
Kenilworth,New Jersey,NJ,False,34,Clouds,-2.66,53,7.2
La Sal,Utah,UT,False,49,Clouds,-3.49,65,2.18
Mexican Hat,Utah,UT,False,49,Clouds,1.83,41,2.83
Moab,Utah,UT,False,49,Clear,1.96,51,2.25
Montezuma Creek,Utah,UT,False,49,Clear,0.99,47,0.76
Monument Valley,Utah,UT,False,49,Clear,1.49,33,1.88
Orangeville,Pennsylvania,PA,False,42,Clouds,-8.08,86,4.37
Thompson,Connecticut,CT,False,9,Clouds,-2.78,62,4.47
Provo,Utah,UT,False,49,Clouds,-1.61,79,0.72
Axtell,Kansas,KS,False,20,Snow,-9.25,97,7.74
Centerfield,Utah,UT,False,49,Clouds,-0.12,60,0.73
Delta,Pennsylvania,PA,False,42,Clear,-6.86,65,5.55
Elberta,Alabama,AL,False,1,Clouds,15.55,62,5.66
Ephraim,Wisconsin,WI,False,55,Clear,-13.0,66,4.63
Fayette,New York,NY,False,36,Clouds,-4.63,68,8.47
Fountain Green,Utah,UT,False,49,Clouds,-4.14,76,0.92
Gunnison,Mississippi,MS,False,28,Clouds,7.76,70,5.11
Hinckley,Maine,ME,False,23,Clouds,-10.98,66,2.57
Holden,Massachusetts,MA,False,25,Clear,-12.12,69,2.57
Kanosh,Utah,UT,False,49,Clouds,-0.79,60,1.12
Leamington,Utah,UT,False,49,Clouds,-0.34,57,1.21
Levan,Utah,UT,False,49,Clouds,-4.42,87,0.81
Lynndyl,Utah,UT,False,49,Clear,-0.45,57,3.6
Manti,Utah,UT,False,49,Clouds,-3.6,77,0.66
Mayfield,New York,NY,False,36,Snow,-5.86,85,5.24
Meadow,South Dakota,SD,False,46,Snow,-16.33,97,2.79
Mona,Utah,UT,False,49,Clouds,-2.31,82,1.21
Moroni,Utah,UT,False,49,Clouds,-3.42,76,1.07
Mount Pleasant,Pennsylvania,PA,False,42,Clouds,-3.62,57,6.17
Nephi,Utah,UT,False,49,Clouds,-4.47,88,1.02
Oak City,North Carolina,NC,False,37,Clear,-5.08,47,2.43
Salina,Pennsylvania,PA,False,42,Clouds,-8.23,59,4.57
Santaquin,Utah,UT,False,49,Clouds,-2.4,84,2.06
Scipio,Indiana,IN,False,18,Clouds,-4.44,49,1.65
Sigurd,Utah,UT,False,49,Clouds,-1.18,64,1.81
Spanish Fork,Utah,UT,False,49,Clouds,-1.75,83,1.81
Spring City,Pennsylvania,PA,False,42,Clouds,-3.57,57,4.12
Richfield,Pennsylvania,PA,False,42,Clouds,-5.44,62,4.63
Alton,New Hampshire,NH,False,33,Clouds,-7.64,72,3.47
Annabella,Utah,UT,False,49,Clouds,-1.33,77,1.4
Antimony,Utah,UT,False,49,Clouds,-3.46,67,1.81
Bicknell,Indiana,IN,False,18,Clouds,-2.98,64,0.45
Boulder,Montana,MT,False,30,Clouds,-3.9,90,0.45
Cannonville,Utah,UT,False,49,Clear,-3.68,86,6.69
Brian Head,Utah,UT,False,49,Clouds,-11.32,59,0.45
Cedar City,Utah,UT,False,49,Clear,-3.46,68,3.6
Circleville,New York,NY,False,36,Clouds,-3.85,67,3.6
Elsinore,Utah,UT,False,49,Clouds,-1.44,77,0.89
Escalante,Utah,UT,False,49,Clouds,-1.3,49,4.13
Garrison,New York,NY,False,36,Clouds,-2.48,58,7.72
Greenwich,Connecticut,CT,False,9,Clouds,-2.13,53,6.71
Gunlock,Kentucky,KY,False,21,Clouds,-5.28,52,1.34
Hanksville,Utah,UT,False,49,Clear,-1.75,54,0.0
Henrieville,Utah,UT,False,49,Clouds,-3.87,50,4.39
Hurricane,West Virginia,WV,False,54,Clouds,-7.74,77,1.48
Ivins,Utah,UT,False,49,Clouds,6.97,33,1.79
Junction,Illinois,IL,False,17,Clouds,-0.94,63,2.65
Kanab,Utah,UT,False,49,Clouds,1.06,43,1.79
Kanarraville,Utah,UT,False,49,Clear,0.22,57,3.6
Koosharem,Utah,UT,False,49,Clouds,-4.53,81,2.36
La Verkin,Utah,UT,False,49,Clouds,7.36,35,3.23
Leeds,Massachusetts,MA,False,25,Clouds,4.5,61,0.0
Loa,Utah,UT,False,49,Clouds,-3.25,75,2.59
Marysvale,Utah,UT,False,49,Clouds,-2.42,68,2.75
Minersville,Pennsylvania,PA,False,42,Clouds,-5.15,68,1.79
Modena,New York,NY,False,36,Clouds,-2.99,58,7.72
Mount Carmel,Pennsylvania,PA,False,42,Clouds,-6.35,68,4.02
New Harmony,Indiana,IN,False,18,Clouds,-1.21,70,1.9
Orderville,Utah,UT,False,49,Clouds,1.41,39,2.1
Panguitch,Utah,UT,False,49,Clouds,-5.16,57,2.78
Paragonah,Utah,UT,False,49,Clouds,-1.94,58,1.12
Parowan,Utah,UT,False,49,Clouds,-3.83,56,1.11
Duck Creek Village,Utah,UT,False,49,Clouds,-7.0,52,2.09
Rockville,Rhode Island,RI,False,44,Clouds,-3.22,62,4.63
Bryce,Utah,UT,False,49,Clear,-7.18,86,6.69
Sevier,Utah,UT,False,49,Clouds,-1.92,77,0.89
Saint George,South Carolina,SC,False,45,Clear,-0.55,71,1.6
Summit,New Jersey,NJ,False,34,Clouds,-3.33,54,7.2
Teasdale,Utah,UT,False,49,Clouds,-3.37,57,4.92
Toquerville,Utah,UT,False,49,Clouds,4.84,35,3.49
Torrey,Utah,UT,False,49,Clouds,-2.81,57,4.92
Tropic,Utah,UT,False,49,Clear,-4.53,86,6.69
Virgin,Utah,UT,False,49,Clouds,3.95,35,3.45
Veyo,Utah,UT,False,49,Clouds,3.96,34,3.99
Hildale,Utah,UT,False,49,Clear,-6.39,49,2.57
New River,Virginia,VA,False,51,Clear,-4.45,54,4.12
Apache Junction,Arizona,AZ,False,4,Clear,8.52,35,3.09
Gold Canyon,Arizona,AZ,False,4,Clear,7.81,33,3.09
Bapchule,Arizona,AZ,False,4,Clear,11.54,35,1.14
Casa Grande,Arizona,AZ,False,4,Clear,9.99,38,0.0
Arizona City,Arizona,AZ,False,4,Clear,9.77,38,2.59
Coolidge,Georgia,GA,False,13,Clear,3.03,93,0.0
Eloy,Arizona,AZ,False,4,Clear,9.67,24,2.3
Hayden,Alabama,AL,False,1,Clouds,4.85,60,1.79
Kearny,New Jersey,NJ,False,34,Clouds,-2.33,51,7.2
San Tan Valley,Arizona,AZ,False,4,Clear,8.2,36,3.09
Queen Creek,Arizona,AZ,False,4,Clear,8.48,35,3.09
Red Rock,Oklahoma,OK,False,40,Clouds,6.77,94,6.94
Sacaton,Arizona,AZ,False,4,Clear,9.42,36,0.0
Superior,Iowa,IA,False,19,Clear,-13.65,45,5.66
Tortilla Flat,Arizona,AZ,False,4,Clear,7.93,36,1.08
Valley Farms,Arizona,AZ,False,4,Clear,7.88,24,2.04
Winkelman,Arizona,AZ,False,4,Clouds,9.22,31,0.44
Chandler,Indiana,IN,False,18,Clouds,-1.66,62,2.57
Gilbert,Pennsylvania,PA,False,42,Clouds,-4.56,66,0.89
Scottsdale,Arizona,AZ,False,4,Clouds,11.56,35,0.0
Rio Verde,Arizona,AZ,False,4,Clear,11.09,33,3.69
Fort Mcdowell,Arizona,AZ,False,4,Clear,10.39,35,2.95
Fountain Hills,Arizona,AZ,False,4,Clear,10.56,34,1.34
Tempe,Arizona,AZ,False,4,Clouds,11.29,35,0.45
Aguila,Arizona,AZ,False,4,Clouds,9.15,18,3.63
Ajo,Arizona,AZ,False,4,Clear,7.55,38,0.67
Avondale,Pennsylvania,PA,False,42,Clouds,-4.76,58,6.17
Black Canyon City,Arizona,AZ,False,4,Clouds,7.97,15,5.17
Bouse,Arizona,AZ,False,4,Clouds,10.17,22,2.66
Buckeye,West Virginia,WV,False,54,Clear,-7.43,64,0.45
Cave Creek,Arizona,AZ,False,4,Clouds,9.38,35,1.34
Cibola,Arizona,AZ,False,4,Clouds,14.32,42,2.56
Cashion,Oklahoma,OK,False,40,Clouds,11.45,98,6.29
Congress,Arizona,AZ,False,4,Clouds,8.09,18,4.1
Dateland,Arizona,AZ,False,4,Clouds,12.41,25,2.43
Ehrenberg,Arizona,AZ,False,4,Clear,13.96,46,2.19
El Mirage,Arizona,AZ,False,4,Clear,11.9,26,0.89
Gadsden,South Carolina,SC,False,45,Clear,-1.3,71,0.0
Gila Bend,Arizona,AZ,False,4,Clear,10.33,29,2.57
Goodyear,Arizona,AZ,False,4,Clear,12.04,30,0.89
Laveen,Arizona,AZ,False,4,Clouds,11.35,34,0.0
Litchfield Park,Arizona,AZ,False,4,Clear,12.06,28,0.89
Lukeville,Arizona,AZ,False,4,Clear,11.13,35,1.65
Morristown,New Jersey,NJ,False,34,Clouds,-3.32,58,4.12
Peoria,Illinois,IL,False,17,Clouds,-6.8,69,1.54
Quartzsite,Arizona,AZ,False,4,Clouds,10.38,28,2.18
Roll,Arizona,AZ,False,4,Clouds,13.84,32,4.32
Salome,Arizona,AZ,False,4,Clouds,10.61,17,3.87
San Luis,Colorado,CO,False,8,Clouds,15.12,31,4.1
Somerton,Arizona,AZ,False,4,Clear,13.85,33,2.06
Tacna,Arizona,AZ,False,4,Clouds,13.68,32,3.87
Tolleson,Arizona,AZ,False,4,Clear,12.1,30,0.89
Waddell,Arizona,AZ,False,4,Clear,11.86,25,0.89
Wellton,Arizona,AZ,False,4,Clouds,13.85,32,1.34
Wenden,Arizona,AZ,False,4,Clouds,10.4,17,3.38
Wickenburg,Arizona,AZ,False,4,Clouds,9.79,20,0.45
Wikieup,Arizona,AZ,False,4,Clouds,7.85,28,3.99
Wittmann,Arizona,AZ,False,4,Clouds,10.11,22,1.55
Yarnell,Arizona,AZ,False,4,Clouds,4.53,18,3.9
Youngtown,Arizona,AZ,False,4,Clear,12.11,25,0.45
Yuma,Tennessee,TN,False,47,Clouds,4.23,66,2.85
Poston,Arizona,AZ,False,4,Clouds,11.35,24,2.22
Surprise,New York,NY,False,36,Clouds,-3.77,79,1.34
Sun City West,Arizona,AZ,False,4,Clear,11.95,22,0.89
Carefree,Arizona,AZ,False,4,Clouds,10.01,29,1.34
Globe,Arizona,AZ,False,4,Clouds,8.52,32,2.0
Bylas,Arizona,AZ,False,4,Clear,8.39,28,2.1
Claypool,Indiana,IN,False,18,Clear,-10.71,83,3.09
Clifton,New Jersey,NJ,False,34,Clouds,-2.47,52,7.2
Duncan,South Carolina,SC,False,45,Clear,-2.35,56,0.0
Eden,Vermont,VT,False,50,Snow,-11.67,82,3.6
Fort Thomas,Kentucky,KY,False,21,Clouds,-5.31,68,2.06
Morenci,Michigan,MI,False,26,Clear,-10.41,93,4.12
Payson,Illinois,IL,False,17,Snow,-7.25,86,4.63
Peridot,Arizona,AZ,False,4,Clouds,7.58,29,2.01
Pima,Arizona,AZ,False,4,Clear,7.79,28,5.14
Pine,Colorado,CO,False,8,Clear,2.55,23,1.54
Safford,Alabama,AL,False,1,Clouds,7.18,58,2.52
Solomon,Kansas,KS,False,20,Snow,-5.09,89,6.26
Tonto Basin,Arizona,AZ,False,4,Clouds,7.23,34,2.68
Young,Arizona,AZ,False,4,Clouds,0.89,29,2.59
Arivaca,Arizona,AZ,False,4,Clear,7.22,26,0.73
Benson,Vermont,VT,False,50,Clouds,-7.11,84,4.58
Bisbee,North Dakota,ND,False,38,Clear,-27.23,91,2.3
Bowie,Maryland,MD,False,24,Clear,-5.24,58,3.09
Cochise,Arizona,AZ,False,4,Clear,7.64,29,2.68
Dragoon,Arizona,AZ,False,4,Clear,6.83,29,2.69
Elfrida,Arizona,AZ,False,4,Clear,8.25,27,2.24
Green Valley,Wisconsin,WI,False,55,Clear,-13.44,48,4.72
Huachuca City,Arizona,AZ,False,4,Clear,7.95,25,5.66
Mammoth,Pennsylvania,PA,False,42,Clouds,-8.07,77,4.12
Naco,Arizona,AZ,False,4,Clear,5.85,29,3.01
Nogales,Arizona,AZ,False,4,Clear,7.05,24,0.0
Oracle,Arizona,AZ,False,4,Clear,4.84,37,2.4
Patagonia,Arizona,AZ,False,4,Clear,6.62,24,0.0
Pearce,Arizona,AZ,False,4,Clear,7.32,29,1.79
Pirtleville,Arizona,AZ,False,4,Clear,9.31,23,5.66
Pomerene,Arizona,AZ,False,4,Clear,9.66,30,0.89
Sahuarita,Arizona,AZ,False,4,Clear,8.66,32,1.2
Saint David,Maine,ME,False,23,Clouds,-15.18,76,4.63
San Manuel,Arizona,AZ,False,4,Clear,8.03,23,1.24
San Simon,Arizona,AZ,False,4,Clear,11.04,25,3.26
Sasabe,Arizona,AZ,False,4,Clear,7.68,25,1.34
Sells,Arizona,AZ,False,4,Clear,8.49,29,0.66
Sierra Vista,Arizona,AZ,False,4,Clear,8.07,25,5.66
Sonoita,Arizona,AZ,False,4,Clear,7.36,29,1.3
Tombstone,Arizona,AZ,False,4,Clear,7.26,31,2.97
Topawa,Arizona,AZ,False,4,Clear,8.59,28,1.05
Tumacacori,Arizona,AZ,False,4,Clear,8.05,25,0.34
Vail,Iowa,IA,False,19,Clouds,-9.98,62,7.72
Willcox,Arizona,AZ,False,4,Clear,7.21,29,2.5
Amado,Arizona,AZ,False,4,Clear,5.82,34,0.65
Tubac,Arizona,AZ,False,4,Clear,6.37,25,0.29
Rio Rico,Arizona,AZ,False,4,Clear,7.8,24,0.0
Marana,Arizona,AZ,False,4,Clear,9.87,32,1.54
Rillito,Arizona,AZ,False,4,Clear,10.09,31,1.28
Tucson,Arizona,AZ,False,4,Clear,10.31,31,3.09
Catalina,Arizona,AZ,False,4,Clear,8.6,30,0.89
Show Low,Arizona,AZ,False,4,Clear,-2.49,30,0.0
Cibecue,Arizona,AZ,False,4,Clouds,0.45,30,2.8
Blue,Arizona,AZ,False,4,Clouds,-1.25,38,3.06
Clay Springs,Arizona,AZ,False,4,Clouds,-1.81,29,2.24
Concho,Oklahoma,OK,False,40,Clouds,11.8,100,9.77
Eagar,Arizona,AZ,False,4,Clear,-5.11,33,4.63
Fort Apache,Arizona,AZ,False,4,Clouds,0.83,30,2.45
Greer,South Carolina,SC,False,45,Clear,-2.58,60,0.0
Mcnary,Arizona,AZ,False,4,Clouds,-4.41,35,3.05
Forest Lakes,Arizona,AZ,False,4,Clouds,-4.02,26,2.09
Nutrioso,Arizona,AZ,False,4,Clouds,-3.2,36,0.45
Overgaard,Arizona,AZ,False,4,Clouds,-2.14,28,2.26
Pinedale,Wyoming,WY,False,56,Clouds,-6.21,79,6.69
Pinetop,Arizona,AZ,False,4,Clear,-3.72,36,0.0
Saint Johns,Pennsylvania,PA,False,42,Clouds,-5.9,70,5.81
Snowflake,Arizona,AZ,False,4,Clouds,-0.38,30,1.49
Springerville,Arizona,AZ,False,4,Clear,-4.9,33,4.63
Taylor,Pennsylvania,PA,False,42,Clear,5.55,65,4.12
Vernon,Vermont,VT,False,50,Clouds,-3.61,72,0.89
Whiteriver,Arizona,AZ,False,4,Clouds,-0.97,29,2.89
Woodruff,South Carolina,SC,False,45,Clouds,-2.45,44,1.08
Flagstaff,Arizona,AZ,False,4,Clear,-4.18,42,0.0
Bellemont,Arizona,AZ,False,4,Clear,-4.25,42,0.0
Gray Mountain,Arizona,AZ,False,4,Clouds,2.36,27,3.45
Munds Park,Arizona,AZ,False,4,Clear,1.34,23,5.66
Parks,Nebraska,NE,False,31,Snow,-10.4,91,5.51
Cameron,New York,NY,False,36,Clouds,-6.08,80,7.53
Colorado City,Texas,TX,False,48,Clear,14.36,88,9.55
Fredonia,New York,NY,False,36,Clouds,-5.23,74,8.23
Grand Canyon,Arizona,AZ,False,4,Clear,-3.54,41,2.59
Happy Jack,Arizona,AZ,False,4,Clouds,0.18,31,3.13
Holbrook,Massachusetts,MA,False,25,Clouds,-2.41,62,4.12
Hotevilla,Arizona,AZ,False,4,Clouds,-0.23,37,2.2
Joseph City,Arizona,AZ,False,4,Clouds,3.08,24,2.25
Kayenta,Arizona,AZ,False,4,Clouds,0.05,38,2.8
Keams Canyon,Arizona,AZ,False,4,Clear,-1.03,40,3.78
Leupp,Arizona,AZ,False,4,Clouds,3.71,24,2.18
Marble Canyon,Arizona,AZ,False,4,Clouds,5.43,39,3.07
Mormon Lake,Arizona,AZ,False,4,Clouds,0.87,31,0.75
Page,West Virginia,WV,False,54,Clouds,-6.82,83,1.6
Polacca,Arizona,AZ,False,4,Clear,-0.64,38,2.81
Second Mesa,Arizona,AZ,False,4,Clouds,-0.28,36,2.38
Tonalea,Arizona,AZ,False,4,Clouds,0.32,37,2.96
Tuba City,Arizona,AZ,False,4,Clouds,1.9,30,1.44
Winslow,New Jersey,NJ,False,34,Clear,-3.41,56,5.95
North Rim,Arizona,AZ,False,4,Clouds,-2.88,32,3.12
Shonto,Arizona,AZ,False,4,Clouds,-1.41,42,2.93
Prescott Valley,Arizona,AZ,False,4,Clear,2.18,29,2.57
Ash Fork,Arizona,AZ,False,4,Clouds,-0.98,31,1.95
Bagdad,Florida,FL,False,12,Clouds,10.88,53,3.6
Camp Verde,Arizona,AZ,False,4,Clouds,6.43,26,2.0
Chino Valley,Arizona,AZ,False,4,Clear,2.91,24,2.57
Clarkdale,Georgia,GA,False,13,Clear,-1.77,74,0.0
Cornville,Arizona,AZ,False,4,Clouds,5.87,25,1.86
Dewey,Illinois,IL,False,17,Clouds,-6.64,61,2.57
Humboldt,Tennessee,TN,False,47,Clouds,4.48,30,3.79
Jerome,Pennsylvania,PA,False,42,Clouds,-9.96,78,8.75
Mayer,Minnesota,MN,False,27,Clouds,-15.34,52,5.05
Paulden,Arizona,AZ,False,4,Clouds,4.19,21,0.45
Rimrock,Arizona,AZ,False,4,Clouds,5.8,26,1.12
Seligman,Missouri,MO,False,29,Rain,2.59,90,6.14
Skull Valley,Arizona,AZ,False,4,Clouds,4.71,29,3.06
Sedona,Arizona,AZ,False,4,Clear,5.78,23,5.66
Lake Montezuma,Arizona,AZ,False,4,Clouds,5.97,26,1.12
Crown King,Arizona,AZ,False,4,Clouds,2.38,17,4.52
Kingman,Maine,ME,False,23,Clouds,-11.86,63,3.33
Lake Havasu City,Arizona,AZ,False,4,Clouds,12.48,20,0.45
Hackberry,Louisiana,LA,False,22,Clouds,16.07,89,4.64
Golden Valley,North Dakota,ND,False,38,Clouds,-18.71,83,2.61
Bullhead City,Arizona,AZ,False,4,Clouds,12.8,21,3.46
Chloride,Arizona,AZ,False,4,Clouds,0.81,36,2.58
Littlefield,Texas,TX,False,48,Clear,10.79,15,11.74
Oatman,Arizona,AZ,False,4,Clouds,7.83,22,3.16
Peach Springs,Arizona,AZ,False,4,Clouds,-0.14,39,1.11
Supai,Arizona,AZ,False,4,Clear,2.49,35,1.12
Topock,Arizona,AZ,False,4,Clear,12.99,19,3.6
Valentine,Nebraska,NE,False,31,Mist,-14.58,88,4.12
Yucca,Arizona,AZ,False,4,Clouds,9.2,28,2.86
Mohave Valley,Arizona,AZ,False,4,Clouds,12.07,21,1.34
Dolan Springs,Arizona,AZ,False,4,Clouds,5.84,31,3.01
Meadview,Arizona,AZ,False,4,Clouds,5.23,32,0.51
Willow Beach,Arizona,AZ,False,4,Clouds,12.71,26,2.19
Chambers,Nebraska,NE,False,31,Snow,-12.81,86,1.34
Chinle,Arizona,AZ,False,4,Clear,-0.02,41,0.09
Fort Defiance,Virginia,VA,False,51,Clear,-5.52,48,3.09
Ganado,Texas,TX,False,48,Clouds,19.41,94,2.68
Houck,Arizona,AZ,False,4,Clouds,-0.58,36,2.63
Lukachukai,Arizona,AZ,False,4,Clear,-1.35,46,1.64
Lupton,Michigan,MI,False,26,Clouds,-8.08,68,5.52
Saint Michaels,Maryland,MD,False,24,Clear,-3.61,60,4.63
Sanders,Kentucky,KY,False,21,Clouds,-3.97,77,1.18
Teec Nos Pos,Arizona,AZ,False,4,Clear,1.28,42,4.03
Window Rock,Arizona,AZ,False,4,Clear,-8.18,53,2.57
Blue Gap,Arizona,AZ,False,4,Clouds,-1.59,41,2.6
Dennehotso,Arizona,AZ,False,4,Clear,1.36,37,2.05
Many Farms,Arizona,AZ,False,4,Clear,0.06,41,0.8
Nazlini,Arizona,AZ,False,4,Clear,-0.91,42,0.78
Rock Point,Maryland,MD,False,24,Clear,-3.83,62,2.24
Round Rock,Texas,TX,False,48,Clouds,18.46,86,9.26
Tsaile,Arizona,AZ,False,4,Clear,-2.56,47,2.36
Algodones,New Mexico,NM,False,35,Clear,3.18,39,2.24
Belen,Mississippi,MS,False,28,Clouds,8.02,68,3.6
Bernalillo,New Mexico,NM,False,35,Clear,3.25,38,2.68
Bluewater,New Mexico,NM,False,35,Clear,-0.26,32,5.66
Bosque,New Mexico,NM,False,35,Clear,3.47,29,3.58
Casa Blanca,New Mexico,NM,False,35,Clear,0.56,33,9.19
Cedar Crest,New Mexico,NM,False,35,Clear,-0.19,41,7.6
Cedarvale,New Mexico,NM,False,35,Clear,1.36,30,12.74
Cerrillos,New Mexico,NM,False,35,Clear,0.16,50,9.05
Claunch,New Mexico,NM,False,35,Clear,0.83,28,11.66
Cuba,New York,NY,False,36,Clouds,-8.96,92,1.54
Cubero,New Mexico,NM,False,35,Clear,0.41,35,8.08
Edgewood,Maryland,MD,False,24,Clear,-5.2,62,1.34
Estancia,New Mexico,NM,False,35,Clear,1.93,31,10.73
Counselor,New Mexico,NM,False,35,Clear,-1.86,51,8.97
Grants,New Mexico,NM,False,35,Clear,0.13,32,5.66
Milan,New Hampshire,NH,False,33,Clouds,-12.89,72,2.06
Isleta,New Mexico,NM,False,35,Clouds,3.68,28,5.14
Jarales,New Mexico,NM,False,35,Clear,3.99,27,10.08
Jemez Pueblo,New Mexico,NM,False,35,Clear,2.74,43,1.79
Jemez Springs,New Mexico,NM,False,35,Clear,1.4,43,1.79
Laguna,New Mexico,NM,False,35,Clear,1.93,30,9.91
La Jara,Colorado,CO,False,8,Clear,-2.49,60,5.47
La Joya,Texas,TX,False,48,Clouds,21.67,82,6.71
Lindrith,New Mexico,NM,False,35,Clear,-5.95,61,7.59
Los Lunas,New Mexico,NM,False,35,Clear,4.61,27,3.58
Mcintosh,Minnesota,MN,False,27,Clear,-25.89,76,2.57
Moriarty,New Mexico,NM,False,35,Clear,1.56,38,8.23
Mountainair,New Mexico,NM,False,35,Clear,2.03,30,6.26
Nageezi,New Mexico,NM,False,35,Clear,-1.84,49,8.45
New Laguna,New Mexico,NM,False,35,Clear,1.74,31,9.74
Paguate,New Mexico,NM,False,35,Clear,0.95,35,9.35
Pena Blanca,New Mexico,NM,False,35,Clear,2.15,40,11.79
Peralta,New Mexico,NM,False,35,Clear,4.62,27,3.58
Placitas,New Mexico,NM,False,35,Clear,1.51,39,7.15
Ponderosa,New Mexico,NM,False,35,Clear,1.12,43,1.79
Sandia Park,New Mexico,NM,False,35,Clear,-1.0,41,7.15
Corrales,New Mexico,NM,False,35,Clear,3.27,38,5.36
San Fidel,New Mexico,NM,False,35,Clear,0.69,36,6.96
Santo Domingo Pueblo,New Mexico,NM,False,35,Clear,2.94,41,12.76
Stanley,New York,NY,False,36,Clouds,-5.76,70,9.02
Tijeras,New Mexico,NM,False,35,Clear,0.66,41,7.6
Tome,New Mexico,NM,False,35,Clear,4.58,27,3.58
Torreon,New Mexico,NM,False,35,Clear,-0.9,45,8.4
Veguita,New Mexico,NM,False,35,Clear,3.23,29,3.58
Willard,New York,NY,False,36,Clouds,-4.84,66,8.75
Youngsville,New York,NY,False,36,Clouds,-6.24,74,6.3
Bosque Farms,New Mexico,NM,False,35,Clear,3.73,28,0.89
Clines Corners,New Mexico,NM,False,35,Clear,-0.99,40,13.38
Cochiti Pueblo,New Mexico,NM,False,35,Clear,2.14,40,11.14
Cochiti Lake,New Mexico,NM,False,35,Clear,2.33,40,10.41
Albuquerque,New Mexico,NM,False,35,Clear,3.28,37,8.88
Rio Rancho,New Mexico,NM,False,35,Clear,2.81,38,5.36
Gallup,New Mexico,NM,False,35,Clear,-3.06,36,2.57
Brimhall,New Mexico,NM,False,35,Clear,-0.13,39,4.69
Church Rock,New Mexico,NM,False,35,Clear,-3.28,36,2.57
Continental Divide,New Mexico,NM,False,35,Clear,-3.09,45,3.92
Crownpoint,New Mexico,NM,False,35,Clear,-1.51,41,4.9
Fence Lake,New Mexico,NM,False,35,Clear,-1.62,31,4.91
Fort Wingate,New Mexico,NM,False,35,Clear,-3.96,41,3.28
Gamerco,New Mexico,NM,False,35,Clear,-3.47,36,2.57
Mentmore,New Mexico,NM,False,35,Clear,-2.96,36,2.57
Mexican Springs,New Mexico,NM,False,35,Clear,-7.47,39,4.45
Ramah,Colorado,CO,False,8,Clear,-3.06,40,3.61
Rehoboth,Massachusetts,MA,False,25,Clouds,-2.32,60,1.79
Thoreau,New Mexico,NM,False,35,Clear,-3.22,44,4.73
Tohatchi,New Mexico,NM,False,35,Clear,-0.16,39,3.87
Vanderwagen,New Mexico,NM,False,35,Clear,-4.24,38,3.35
Zuni,Virginia,VA,False,51,Clear,-5.75,69,0.0
Navajo,New Mexico,NM,False,35,Clear,-8.8,43,5.56
Pinehill,New Mexico,NM,False,35,Clear,-2.38,34,6.86
Sheep Springs,New Mexico,NM,False,35,Clear,0.88,38,2.21
Smith Lake,New Mexico,NM,False,35,Clear,-3.16,43,4.85
Aztec,New Mexico,NM,False,35,Clear,-0.41,63,0.89
Blanco,Oklahoma,OK,False,40,Clouds,9.08,87,3.09
Bloomfield,Connecticut,CT,False,9,Clouds,-2.24,58,4.12
Flora Vista,New Mexico,NM,False,35,Clear,-1.07,72,6.69
Kirtland,New Mexico,NM,False,35,Clear,-0.3,43,6.69
La Plata,Maryland,MD,False,24,Clear,-5.86,66,3.56
Navajo Dam,New Mexico,NM,False,35,Clear,-0.14,55,5.52
Shiprock,New Mexico,NM,False,35,Clear,1.37,45,4.48
Newcomb,New York,NY,False,36,Snow,-7.93,89,4.66
Sanostee,New Mexico,NM,False,35,Clear,0.1,41,6.02
Abiquiu,New Mexico,NM,False,35,Clear,-0.86,54,7.67
Alcalde,New Mexico,NM,False,35,Clouds,3.17,44,4.41
Amalia,New Mexico,NM,False,35,Snow,-4.34,77,0.93
Arroyo Hondo,New Mexico,NM,False,35,Clouds,-0.78,55,3.09
Arroyo Seco,New Mexico,NM,False,35,Clouds,1.51,44,0.89
Canjilon,New Mexico,NM,False,35,Clouds,-6.58,76,3.34
Canones,New Mexico,NM,False,35,Clear,-2.47,60,5.1
Cebolla,New Mexico,NM,False,35,Clouds,-6.19,75,1.7
Cerro,New Mexico,NM,False,35,Snow,-2.04,67,1.11
Chama,Colorado,CO,False,8,Clear,-8.09,81,1.04
Chamisal,New Mexico,NM,False,35,Clouds,-2.25,56,2.56
Chimayo,New Mexico,NM,False,35,Clouds,0.64,44,5.32
Costilla,New Mexico,NM,False,35,Clouds,-2.77,68,1.41
Taos Ski Valley,New Mexico,NM,False,35,Clouds,-5.61,60,0.45
Dulce,New Mexico,NM,False,35,Clear,-4.72,72,0.45
El Prado,New Mexico,NM,False,35,Clouds,-1.22,55,3.09
El Rito,New Mexico,NM,False,35,Snow,-2.63,71,0.75
Embudo,New Mexico,NM,False,35,Clouds,-1.99,50,5.15
Espanola,New Mexico,NM,False,35,Clouds,2.08,44,0.89
Glorieta,New Mexico,NM,False,35,Clouds,-2.89,50,3.13
Hernandez,New Mexico,NM,False,35,Clouds,3.41,40,6.48
Ilfeld,New Mexico,NM,False,35,Clear,0.28,43,11.11
La Madera,New Mexico,NM,False,35,Clear,-0.64,40,6.71
Lamy,New Mexico,NM,False,35,Clear,-1.76,50,0.89
Medanales,New Mexico,NM,False,35,Clear,1.12,48,8.98
Ojo Caliente,New Mexico,NM,False,35,Clouds,-1.38,52,8.2
Los Ojos,New Mexico,NM,False,35,Clear,-5.22,75,0.74
Pecos,Texas,TX,False,48,Clear,10.04,34,3.09
Penasco,New Mexico,NM,False,35,Clouds,-2.82,62,2.74
Petaca,New Mexico,NM,False,35,Clear,-3.74,54,4.22
Questa,New Mexico,NM,False,35,Snow,-1.84,60,1.35
Ranchos De Taos,New Mexico,NM,False,35,Clouds,-1.12,55,3.09
Red River,New Mexico,NM,False,35,Snow,-3.9,67,2.81
Ribera,New Mexico,NM,False,35,Clear,0.8,40,13.86
Rowe,Massachusetts,MA,False,25,Snow,-6.42,67,2.68
San Cristobal,New Mexico,NM,False,35,Clouds,-2.0,56,1.52
Ohkay Owingeh,New Mexico,NM,False,35,Clouds,3.46,40,5.07
Serafina,New Mexico,NM,False,35,Clear,0.44,44,14.59
Taos,New Mexico,NM,False,35,Clouds,-1.22,56,1.34
Tererro,New Mexico,NM,False,35,Clouds,-2.67,43,5.49
Tesuque,New Mexico,NM,False,35,Clouds,-0.98,51,4.92
Tierra Amarilla,New Mexico,NM,False,35,Clear,-5.48,74,0.6
Trampas,New Mexico,NM,False,35,Clouds,-2.39,60,1.57
Tres Piedras,New Mexico,NM,False,35,Clouds,-4.69,52,3.7
Truchas,New Mexico,NM,False,35,Clouds,-3.02,59,2.31
Vadito,New Mexico,NM,False,35,Clouds,-2.43,61,3.12
Vallecitos,New Mexico,NM,False,35,Clouds,-3.25,56,8.34
Velarde,New Mexico,NM,False,35,Clouds,1.26,49,4.76
Villanueva,New Mexico,NM,False,35,Clear,1.22,40,16.32
Angel Fire,New Mexico,NM,False,35,Clouds,-4.09,63,9.77
Anton Chico,New Mexico,NM,False,35,Clear,2.39,35,17.1
Buena Vista,Pennsylvania,PA,False,42,Clear,13.65,16,6.17
Chacon,New Mexico,NM,False,35,Clouds,-7.25,69,6.6
Cimarron,Kansas,KS,False,20,Snow,-7.38,92,9.27
Cleveland,New York,NY,False,36,Snow,-4.48,74,9.11
Eagle Nest,New Mexico,NM,False,35,Clouds,-3.38,65,9.77
Guadalupita,New Mexico,NM,False,35,Clear,-4.16,57,8.57
Holman,New Mexico,NM,False,35,Clouds,-2.17,61,8.34
La Loma,New Mexico,NM,False,35,Clear,-2.36,51,4.92
Miami,West Virginia,WV,False,54,Clouds,-7.64,83,0.89
Mills,Pennsylvania,PA,False,42,Clouds,-8.5,78,7.42
Montezuma,New York,NY,False,36,Clouds,-4.6,70,8.65
Mora,Minnesota,MN,False,27,Clear,-18.17,48,4.12
Mosquero,New Mexico,NM,False,35,Clouds,3.68,32,9.45
Ocate,New Mexico,NM,False,35,Clouds,-2.12,46,7.21
Ojo Feliz,New Mexico,NM,False,35,Clear,-2.19,43,11.1
Rainsville,Alabama,AL,False,1,Clouds,1.15,66,0.0
Raton,New Mexico,NM,False,35,Snow,-2.6,69,4.63
Rociada,New Mexico,NM,False,35,Clouds,-2.13,56,2.68
Sapello,New Mexico,NM,False,35,Clear,-0.97,56,12.92
Solano,New Mexico,NM,False,35,Clouds,2.92,35,8.58
Springer,Oklahoma,OK,False,40,Mist,14.82,92,5.14
Ute Park,New Mexico,NM,False,35,Clouds,-2.2,70,5.18
Valmora,New Mexico,NM,False,35,Clear,0.99,39,11.5
Wagon Mound,New Mexico,NM,False,35,Clouds,0.22,41,5.09
Watrous,New Mexico,NM,False,35,Clear,0.9,38,11.8
Socorro,New Mexico,NM,False,35,Clear,8.38,14,7.2
Aragon,Georgia,GA,False,13,Clouds,-0.2,77,1.68
Datil,New Mexico,NM,False,35,Clouds,-1.59,30,6.86
Lemitar,New Mexico,NM,False,35,Clear,8.27,14,7.2
Luna,New Mexico,NM,False,35,Clear,0.53,27,12.52
Magdalena,New Mexico,NM,False,35,Clouds,0.84,27,8.05
Pie Town,New Mexico,NM,False,35,Clouds,-2.9,33,6.61
Polvadera,New Mexico,NM,False,35,Clouds,8.28,21,11.1
Quemado,Texas,TX,False,48,Clouds,18.36,87,2.86
Reserve,Montana,MT,False,30,Clouds,-19.71,91,3.2
San Acacia,New Mexico,NM,False,35,Clouds,8.25,21,10.48
San Antonio,Florida,FL,False,12,Clear,7.32,81,2.8
Truth Or Consequences,New Mexico,NM,False,35,Clear,9.28,15,5.14
Arrey,New Mexico,NM,False,35,Clouds,10.09,20,7.6
Caballo,New Mexico,NM,False,35,Clouds,9.97,20,7.78
Derry,New Hampshire,NH,False,33,Clouds,-4.04,71,3.6
Elephant Butte,New Mexico,NM,False,35,Clear,8.53,15,5.14
Hatch,Utah,UT,False,49,Clouds,-5.7,53,2.73
Monticello,Maine,ME,False,23,Clouds,-16.3,85,1.34
Rincon,Georgia,GA,False,13,Clear,1.98,64,1.54
Williamsburg,Massachusetts,MA,False,25,Clear,-6.01,71,1.54
Las Cruces,New Mexico,NM,False,35,Clouds,11.58,18,6.69
Santa Teresa,New Mexico,NM,False,35,Clear,13.66,15,6.17
Playas,New Mexico,NM,False,35,Clear,7.01,22,3.92
Animas,New Mexico,NM,False,35,Clear,7.2,25,0.45
Anthony,Florida,FL,False,12,Clear,4.5,71,0.0
Arenas Valley,New Mexico,NM,False,35,Clear,5.35,27,8.23
Bayard,West Virginia,WV,False,54,Clouds,-12.26,84,1.34
Berino,New Mexico,NM,False,35,Clouds,13.8,17,5.88
Buckhorn,Kentucky,KY,False,21,Clouds,-4.73,52,0.58
Chamberino,New Mexico,NM,False,35,Clear,13.72,16,7.2
Cliff,New Mexico,NM,False,35,Clouds,4.17,30,2.81
Dona Ana,New Mexico,NM,False,35,Clouds,11.78,17,6.69
Fairacres,New Mexico,NM,False,35,Clouds,12.5,15,6.69
Fort Bayard,New Mexico,NM,False,35,Clear,5.42,27,8.23
Gila,New Mexico,NM,False,35,Clouds,4.26,31,2.4
Hachita,New Mexico,NM,False,35,Clear,8.5,22,4.7
Hanover,Massachusetts,MA,False,25,Clear,-7.11,67,0.89
Hurley,New York,NY,False,36,Clouds,-2.57,60,1.79
Lordsburg,New Mexico,NM,False,35,Clouds,8.24,26,5.16
Mesilla,New Mexico,NM,False,35,Clouds,11.52,18,6.69
Mesilla Park,New Mexico,NM,False,35,Clouds,11.54,18,6.69
Mimbres,New Mexico,NM,False,35,Clouds,9.68,20,4.6
Mule Creek,New Mexico,NM,False,35,Clear,3.43,32,3.71
Organ,New Mexico,NM,False,35,Clouds,8.97,18,3.36
Pinos Altos,New Mexico,NM,False,35,Clouds,3.66,27,1.79
Radium Springs,New Mexico,NM,False,35,Clouds,12.04,17,3.43
Redrock,New Mexico,NM,False,35,Clouds,6.69,27,2.56
Sunland Park,New Mexico,NM,False,35,Clear,13.78,15,7.2
Tyrone,New York,NY,False,36,Clouds,-6.73,78,7.52
Vado,New Mexico,NM,False,35,Clouds,13.82,17,6.08
Chaparral,New Mexico,NM,False,35,Clouds,13.86,19,4.06
Cannon AFB,New Mexico,NM,False,35,Clear,7.82,20,13.89
Broadview,Montana,MT,False,30,Clouds,-15.72,97,1.61
Causey,New Mexico,NM,False,35,Clear,8.4,22,13.3
Crossroads,New Mexico,NM,False,35,Clear,8.66,17,11.83
Dora,Alabama,AL,False,1,Clouds,4.73,66,1.41
Elida,New Mexico,NM,False,35,Clear,7.14,26,8.94
Floyd,Virginia,VA,False,51,Clear,-5.93,57,3.13
Fort Sumner,New Mexico,NM,False,35,Clear,7.79,24,5.36
Grady,Alabama,AL,False,1,Clouds,4.58,56,2.16
House,New Mexico,NM,False,35,Clear,5.75,25,13.25
Kenna,West Virginia,WV,False,54,Clouds,-8.75,66,1.72
Lingo,New Mexico,NM,False,35,Clear,8.74,21,12.6
Melrose,Massachusetts,MA,False,25,Clouds,-1.84,59,6.17
Milnesand,New Mexico,NM,False,35,Clear,8.72,20,12.14
Pep,Texas,TX,False,48,Clear,10.16,16,12.3
Portales,New Mexico,NM,False,35,Clear,7.28,24,12.29
Rogers,Connecticut,CT,False,9,Clouds,-2.32,61,3.13
Saint Vrain,New Mexico,NM,False,35,Clear,7.66,18,13.89
Taiban,New Mexico,NM,False,35,Clear,6.86,25,12.38
Texico,Illinois,IL,False,17,Clouds,-2.44,66,4.12
Yeso,New Mexico,NM,False,35,Clear,5.91,26,12.45
Roswell,Georgia,GA,False,13,Clouds,-0.85,64,2.57
Caprock,New Mexico,NM,False,35,Clear,8.42,17,12.1
Eunice,Missouri,MO,False,29,Clear,10.41,11,11.7
Hagerman,Idaho,ID,False,16,Clouds,3.22,77,3.58
Hobbs,Indiana,IN,False,18,Clouds,-9.83,82,0.89
Jal,New Mexico,NM,False,35,Clear,14.93,14,7.58
Lake Arthur,Louisiana,LA,False,22,Clouds,16.02,100,4.63
Loco Hills,New Mexico,NM,False,35,Clear,11.31,19,11.33
Loving,Texas,TX,False,48,Clouds,18.08,81,6.69
Lovington,Illinois,IL,False,17,Clouds,-4.67,75,1.97
Mcdonald,New Mexico,NM,False,35,Clear,8.97,20,11.08
Maljamar,New Mexico,NM,False,35,Clear,10.34,18,9.81
Tatum,South Carolina,SC,False,45,Clear,-3.1,80,0.0
Whites City,New Mexico,NM,False,35,Clouds,16.21,11,9.46
Carrizozo,New Mexico,NM,False,35,Clouds,5.92,18,5.81
Alamogordo,New Mexico,NM,False,35,Clouds,9.79,21,8.23
Alto,Georgia,GA,False,13,Clouds,-0.33,48,0.45
Bent,New Mexico,NM,False,35,Clear,6.32,19,4.64
Capitan,New Mexico,NM,False,35,Clear,3.7,16,12.35
Cloudcroft,New Mexico,NM,False,35,Clear,0.55,24,1.79
Fort Stanton,New Mexico,NM,False,35,Clear,4.03,17,12.35
Hondo,Texas,TX,False,48,Clouds,17.07,78,3.93
La Luz,New Mexico,NM,False,35,Clouds,8.6,22,5.66
Mayhill,New Mexico,NM,False,35,Clear,5.43,28,5.36
Mescalero,New Mexico,NM,False,35,Clear,4.63,19,5.05
Nogal,New Mexico,NM,False,35,Clear,2.36,22,12.35
Orogrande,New Mexico,NM,False,35,Clear,10.46,18,5.08
Picacho,Arizona,AZ,False,4,Clear,11.37,23,2.22
Pinon,Arizona,AZ,False,4,Clear,-1.66,42,4.14
Ruidoso,New Mexico,NM,False,35,Clear,4.23,18,12.35
Ruidoso Downs,New Mexico,NM,False,35,Clear,4.86,18,12.35
San Patricio,New Mexico,NM,False,35,Clear,5.34,22,13.59
Sunspot,New Mexico,NM,False,35,Clouds,0.08,20,5.66
Timberon,New Mexico,NM,False,35,Clear,6.0,22,8.65
Tinnie,New Mexico,NM,False,35,Clear,5.87,20,14.42
Tularosa,New Mexico,NM,False,35,Clear,8.89,19,7.06
Tucumcari,New Mexico,NM,False,35,Clouds,-2.09,93,4.12
Amistad,New Mexico,NM,False,35,Clouds,-2.27,91,10.32
Capulin,Colorado,CO,False,8,Clouds,-4.64,56,3.51
Cuervo,New Mexico,NM,False,35,Clear,4.78,29,13.9
Grenville,South Dakota,SD,False,46,Clouds,-19.93,77,4.51
Logan,West Virginia,WV,False,54,Clouds,-7.04,88,1.37
Mcalister,New Mexico,NM,False,35,Clear,5.62,25,12.88
Nara Visa,New Mexico,NM,False,35,Clear,2.93,53,7.24
Newkirk,Oklahoma,OK,False,40,Mist,3.85,87,7.72
Quay,New Mexico,NM,False,35,Clear,6.61,24,11.16
San Jon,New Mexico,NM,False,35,Clear,-1.97,23,10.24
Sedan,Kansas,KS,False,20,Clouds,2.56,94,7.2
Trementina,New Mexico,NM,False,35,Clear,4.81,27,15.89
The Lakes,Nevada,NV,False,32,Clear,7.3,30,4.12
Henderson,New York,NY,False,36,Snow,-2.49,80,9.93
Blue Diamond,Nevada,NV,False,32,Clouds,5.29,27,0.84
Boulder City,Nevada,NV,False,32,Clouds,7.18,25,1.68
Bunkerville,Nevada,NV,False,32,Clouds,8.04,31,2.88
Dyer,Tennessee,TN,False,47,Clouds,3.25,56,4.15
Goldfield,Iowa,IA,False,19,Clouds,-10.96,57,6.69
Hiko,Nevada,NV,False,32,Clouds,3.98,41,2.2
Indian Springs,Nevada,NV,False,32,Clear,1.96,30,0.0
Jean,Nevada,NV,False,32,Clouds,6.45,25,1.34
Amargosa Valley,Nevada,NV,False,32,Clouds,7.93,27,3.83
Logandale,Nevada,NV,False,32,Clouds,10.84,27,2.34
Manhattan,Montana,MT,False,30,Clouds,-5.78,86,2.06
Mercury,Nevada,NV,False,32,Clear,5.88,31,0.0
Mesquite,Texas,TX,False,48,Clouds,17.13,92,4.63
Moapa,Nevada,NV,False,32,Clouds,10.23,29,3.55
Laughlin,Nevada,NV,False,32,Clouds,12.28,22,3.54
North Las Vegas,Nevada,NV,False,32,Clear,9.18,27,4.12
Coyote Springs,Nevada,NV,False,32,Clouds,8.92,29,3.75
Cal Nev Ari,Nevada,NV,False,32,Clouds,8.86,21,3.64
Overton,Nebraska,NE,False,31,Snow,-10.82,93,6.73
Pahrump,Nevada,NV,False,32,Clouds,8.02,28,2.92
Panaca,Nevada,NV,False,32,Clouds,0.14,53,2.5
Pioche,Nevada,NV,False,32,Clouds,-1.56,54,2.91
Searchlight,Nevada,NV,False,32,Clouds,6.53,23,2.98
Tonopah,Arizona,AZ,False,4,Clear,10.75,20,2.4
Sloan,Iowa,IA,False,19,Clouds,-10.53,63,4.64
Las Vegas,New Mexico,NM,False,35,Clear,0.93,43,12.86
Nellis AFB,Nevada,NV,False,32,Clear,9.05,27,4.12
Ely,Iowa,IA,False,19,Clouds,-8.02,63,4.63
Duckwater,Nevada,NV,False,32,Clouds,-0.17,61,2.47
Lund,Nevada,NV,False,32,Clouds,-1.55,68,3.05
Ruth,Mississippi,MS,False,28,Clouds,11.06,90,4.47
Crystal Bay,Minnesota,MN,False,27,Clouds,-15.54,49,4.41
Denio,Nevada,NV,False,32,Snow,0.16,100,3.35
Fallon,Montana,MT,False,30,Clouds,-13.98,93,5.36
Fernley,Nevada,NV,False,32,Clouds,3.45,58,1.28
Gabbs,Nevada,NV,False,32,Clouds,2.38,50,0.62
Gardnerville,Nevada,NV,False,32,Clouds,0.44,70,1.52
Genoa,New York,NY,False,36,Clouds,-5.23,72,8.25
Gerlach,Nevada,NV,False,32,Clouds,2.25,81,0.45
Glenbrook,Nevada,NV,False,32,Clouds,-1.87,82,1.88
Golconda,Illinois,IL,False,17,Clouds,-0.89,66,3.13
Imlay,Nevada,NV,False,32,Clouds,3.96,56,2.77
Lovelock,Nevada,NV,False,32,Clouds,-0.16,69,1.54
Luning,Nevada,NV,False,32,Clouds,2.8,44,0.83
Mina,Nevada,NV,False,32,Clear,3.13,41,2.12
Minden,West Virginia,WV,False,54,Clouds,-6.33,57,1.93
Nixon,Texas,TX,False,48,Clouds,17.69,84,7.95
Orovada,Nevada,NV,False,32,Clouds,1.46,80,3.03
Paradise Valley,Arizona,AZ,False,4,Clear,10.51,34,2.57
Schurz,Nevada,NV,False,32,Clouds,4.31,38,0.79
Silver City,Mississippi,MS,False,28,Clouds,10.53,63,6.34
Silver Springs,New York,NY,False,36,Clouds,-7.51,77,8.35
Smith,Nevada,NV,False,32,Clouds,0.61,74,0.45
Sparks,Georgia,GA,False,13,Clear,0.21,53,1.04
Valmy,Nevada,NV,False,32,Clouds,2.18,62,2.39
Verdi,Nevada,NV,False,32,Clouds,2.19,76,1.54
Virginia City,Montana,MT,False,30,Clouds,-2.89,90,2.04
Wadsworth,Ohio,OH,False,39,Clouds,-11.78,82,0.89
Wellington,Florida,FL,False,12,Clear,13.24,89,2.57
Winnemucca,Nevada,NV,False,32,Clouds,1.98,75,2.06
Yerington,Nevada,NV,False,32,Clouds,0.18,46,0.76
Zephyr Cove,Nevada,NV,False,32,Clouds,-2.36,84,0.0
Stateline,Nevada,NV,False,32,Clouds,-2.24,82,0.0
Incline Village,Nevada,NV,False,32,Mist,-1.49,90,1.54
Reno,Pennsylvania,PA,False,42,Clouds,-7.89,84,0.89
Elko,South Carolina,SC,False,45,Clear,-1.18,74,0.0
Spring Creek,Pennsylvania,PA,False,42,Snow,-9.18,88,5.95
Battle Mountain,Nevada,NV,False,32,Clouds,2.04,80,2.57
Crescent Valley,Nevada,NV,False,32,Clouds,1.11,65,1.43
Carlin,Nevada,NV,False,32,Clouds,-1.71,84,1.56
Deeth,Nevada,NV,False,32,Clouds,-0.92,80,3.5
Jackpot,Nevada,NV,False,32,Clouds,-1.39,74,3.02
Jarbidge,Nevada,NV,False,32,Clouds,-6.01,91,2.95
Lamoille,Nevada,NV,False,32,Clouds,-3.95,80,1.91
Montello,Wisconsin,WI,False,55,Clouds,-12.81,34,5.19
Mountain City,Georgia,GA,False,13,Clouds,-3.22,52,2.22
Owyhee,Nevada,NV,False,32,Clouds,-2.72,89,3.24
Ruby Valley,Nevada,NV,False,32,Clouds,-6.64,85,1.84
Tuscarora,Pennsylvania,PA,False,42,Clouds,-5.78,68,0.89
Wells,Maine,ME,False,23,Clouds,-6.03,68,4.12
West Wendover,Nevada,NV,False,32,Clouds,0.46,63,2.61
Los Angeles,California,CA,False,6,Clear,12.59,61,2.06
West Hollywood,California,CA,False,6,Clear,13.24,54,2.06
Playa Vista,California,CA,False,6,Clouds,12.87,68,2.06
Bell Gardens,California,CA,False,6,Clear,12.04,66,0.0
Bell,Florida,FL,False,12,Clear,5.95,50,1.98
Beverly Hills,Florida,FL,False,12,Clear,3.91,78,0.45
Compton,Maryland,MD,False,24,Clear,-4.37,60,2.24
Culver City,California,CA,False,6,Clouds,13.05,65,2.06
Downey,Idaho,ID,False,16,Snow,-0.86,97,1.37
El Segundo,California,CA,False,6,Clouds,12.2,78,2.06
Gardena,California,CA,False,6,Clear,12.26,78,2.06
Hawthorne,New Jersey,NJ,False,34,Clouds,-2.23,53,5.66
Hermosa Beach,California,CA,False,6,Clear,12.28,79,2.06
Huntington Park,California,CA,False,6,Clear,12.21,70,2.06
Lawndale,North Carolina,NC,False,37,Clear,-2.78,46,0.45
Lynwood,California,CA,False,6,Clear,12.1,76,2.06
Malibu,California,CA,False,6,Clouds,13.54,37,3.38
Manhattan Beach,California,CA,False,6,Clouds,12.13,78,2.06
Maywood,New Jersey,NJ,False,34,Clouds,-2.2,52,5.66
Pacific Palisades,California,CA,False,6,Clear,12.6,50,2.06
Rancho Palos Verdes,California,CA,False,6,Clear,11.48,79,0.0
Redondo Beach,California,CA,False,6,Clear,12.3,79,2.06
South Gate,California,CA,False,6,Clear,12.14,73,2.06
Topanga,California,CA,False,6,Clouds,11.77,39,3.21
Venice,Florida,FL,False,12,Clear,10.05,65,0.89
Marina Del Rey,California,CA,False,6,Clouds,12.94,67,2.06
Playa Del Rey,California,CA,False,6,Clouds,12.56,71,2.06
Inglewood,California,CA,False,6,Clear,12.34,73,2.06
Santa Monica,California,CA,False,6,Clear,12.61,62,2.06
Torrance,Pennsylvania,PA,False,42,Clouds,-8.21,78,4.67
Buena Park,California,CA,False,6,Clear,11.31,62,0.0
La Palma,California,CA,False,6,Clear,11.55,62,0.0
Cypress,Florida,FL,False,12,Clouds,8.94,61,0.0
La Habra,California,CA,False,6,Clear,11.1,66,0.0
La Mirada,California,CA,False,6,Clear,11.33,63,0.0
Montebello,Virginia,VA,False,51,Clear,-9.18,61,2.94
Norwalk,Connecticut,CT,False,9,Clear,-2.4,55,1.34
Pico Rivera,California,CA,False,6,Clear,11.82,62,0.0
Santa Fe Springs,California,CA,False,6,Clear,11.51,64,0.0
Stanton,New Jersey,NJ,False,34,Clouds,-3.59,57,4.63
Artesia,Mississippi,MS,False,28,Clouds,8.93,39,6.71
Cerritos,California,CA,False,6,Clear,11.55,62,0.0
Avalon,New Jersey,NJ,False,34,Clouds,-3.99,57,6.17
Bellflower,Illinois,IL,False,17,Clouds,-7.1,69,1.93
Harbor City,California,CA,False,6,Clear,12.22,78,2.06
Hawaiian Gardens,California,CA,False,6,Clear,11.71,59,0.0
Lomita,California,CA,False,6,Clear,12.16,78,2.06
Los Alamitos,California,CA,False,6,Clear,11.76,59,0.0
Paramount,California,CA,False,6,Clear,11.91,69,0.0
San Pedro,California,CA,False,6,Clear,12.19,76,0.0
Seal Beach,California,CA,False,6,Clear,12.0,62,0.0
Sunset Beach,North Carolina,NC,False,37,Clear,1.68,59,2.52
Surfside,California,CA,False,6,Clear,11.96,60,0.0
Wilmington,Massachusetts,MA,False,25,Clouds,-3.57,54,1.79
Signal Hill,California,CA,False,6,Clear,11.82,69,0.0
Altadena,California,CA,False,6,Clouds,10.73,57,0.89
Arcadia,Pennsylvania,PA,False,42,Clouds,-9.77,78,6.26
Duarte,California,CA,False,6,Clouds,11.76,60,3.09
La Canada Flintridge,California,CA,False,6,Clear,11.34,56,2.06
Monrovia,Maryland,MD,False,24,Clear,-6.28,67,0.45
Montrose,New York,NY,False,36,Clear,-1.98,54,3.13
Mount Wilson,California,CA,False,6,Clouds,2.32,56,0.89
Sierra Madre,California,CA,False,6,Clouds,11.18,60,0.89
South Pasadena,California,CA,False,6,Clouds,11.83,60,2.18
Sunland,California,CA,False,6,Clear,11.25,52,2.06
Tujunga,California,CA,False,6,Clear,10.6,52,2.06
Verdugo City,California,CA,False,6,Clear,11.29,57,2.06
Pasadena,Maryland,MD,False,24,Clouds,-5.42,59,3.6
San Marino,California,CA,False,6,Clouds,11.77,58,2.21
La Crescenta,California,CA,False,6,Clear,10.79,50,2.06
Agoura Hills,California,CA,False,6,Clouds,12.04,36,3.43
Calabasas,California,CA,False,6,Clouds,11.74,37,3.08
Canoga Park,California,CA,False,6,Clouds,12.63,35,2.97
Winnetka,Illinois,IL,False,17,Clear,-8.29,50,4.63
West Hills,California,CA,False,6,Clouds,12.0,35,2.99
Castaic,California,CA,False,6,Clouds,9.25,41,5.79
Chatsworth,New Jersey,NJ,False,34,Clear,-3.33,56,5.64
Encino,Texas,TX,False,48,Clear,21.65,74,9.89
Newbury Park,California,CA,False,6,Clouds,10.35,51,4.03
Newhall,West Virginia,WV,False,54,Clouds,-7.12,49,2.18
Northridge,California,CA,False,6,Clear,12.73,40,2.06
Porter Ranch,California,CA,False,6,Clouds,11.55,35,3.36
Pacoima,California,CA,False,6,Clear,12.14,49,2.06
Reseda,California,CA,False,6,Clear,12.9,41,2.06
San Fernando,California,CA,False,6,Clear,11.96,49,2.06
Sylmar,California,CA,False,6,Clear,11.54,49,2.06
North Hills,California,CA,False,6,Clear,12.57,44,2.06
Granada Hills,California,CA,False,6,Clear,12.22,41,2.06
Mission Hills,California,CA,False,6,Clear,12.41,44,2.06
Santa Clarita,California,CA,False,6,Clouds,10.18,42,5.61
Canyon Country,California,CA,False,6,Clouds,10.43,42,0.89
Sun Valley,Idaho,ID,False,16,Clouds,-5.17,76,2.64
Valencia,Pennsylvania,PA,False,42,Clouds,-8.76,77,6.69
Tarzana,California,CA,False,6,Clear,12.81,42,2.06
Thousand Oaks,California,CA,False,6,Clouds,9.73,64,3.81
Westlake Village,California,CA,False,6,Clouds,11.07,50,3.56
Woodland Hills,California,CA,False,6,Clouds,12.38,37,3.01
Oak Park,Michigan,MI,False,26,Clouds,-8.34,72,4.12
Stevenson Ranch,California,CA,False,6,Clouds,9.57,42,5.45
Van Nuys,California,CA,False,6,Clear,12.8,46,2.06
Panorama City,California,CA,False,6,Clear,12.57,47,2.06
Sherman Oaks,California,CA,False,6,Clear,12.92,46,2.06
North Hollywood,California,CA,False,6,Clear,12.66,52,2.06
Studio City,California,CA,False,6,Clear,12.85,49,2.06
Valley Village,California,CA,False,6,Clear,12.75,49,2.06
Universal City,Texas,TX,False,48,Clear,18.25,82,6.17
Toluca Lake,California,CA,False,6,Clear,12.71,52,2.06
Rancho Cucamonga,California,CA,False,6,Clouds,10.55,60,1.54
Azusa,California,CA,False,6,Clouds,11.73,62,3.3
Baldwin Park,California,CA,False,6,Clouds,11.8,67,1.91
Chino,California,CA,False,6,Clouds,11.63,64,1.54
Chino Hills,California,CA,False,6,Clear,11.56,65,1.79
Claremont,New Hampshire,NH,False,33,Clouds,-7.41,75,5.1
City Of Industry,California,CA,False,6,Clear,11.43,69,0.0
Covina,California,CA,False,6,Clear,11.91,64,1.54
El Monte,California,CA,False,6,Clouds,12.09,61,1.76
South El Monte,California,CA,False,6,Clouds,12.03,61,1.24
Glendora,New Jersey,NJ,False,34,Clouds,-3.2,54,4.63
Guasti,California,CA,False,6,Clouds,10.85,65,2.06
La Puente,California,CA,False,6,Clear,11.53,66,0.0
Hacienda Heights,California,CA,False,6,Clear,10.96,67,0.0
Rowland Heights,California,CA,False,6,Clear,10.91,68,0.0
La Verne,California,CA,False,6,Clear,11.04,57,1.54
Mira Loma,California,CA,False,6,Clear,11.03,72,2.06
Monterey Park,California,CA,False,6,Clouds,11.84,59,1.17
Mt Baldy,California,CA,False,6,Clear,4.29,52,0.45
Montclair,New Jersey,NJ,False,34,Clouds,-2.89,53,6.69
Diamond Bar,California,CA,False,6,Clear,11.3,67,0.0
Pomona,New Jersey,NJ,False,34,Clouds,-3.3,53,6.69
Rosemead,California,CA,False,6,Clouds,12.17,60,1.17
San Dimas,California,CA,False,6,Clear,11.2,60,0.0
San Gabriel,California,CA,False,6,Clouds,12.02,59,1.67
Temple City,California,CA,False,6,Clouds,12.0,60,2.26
Upland,Indiana,IN,False,18,Clear,-10.69,84,2.57
Walnut,Mississippi,MS,False,28,Clouds,8.03,72,5.14
West Covina,California,CA,False,6,Clouds,11.76,67,1.44
Alhambra,Illinois,IL,False,17,Snow,-3.37,93,3.44
Alpine,New Jersey,NJ,False,34,Clouds,-2.99,51,8.23
Bonita,Louisiana,LA,False,22,Clear,10.68,85,1.54
Boulevard,California,CA,False,6,Clouds,7.16,43,3.58
Campo,Colorado,CO,False,8,Clouds,6.93,34,5.23
Chula Vista,California,CA,False,6,Clear,11.04,86,1.54
Descanso,California,CA,False,6,Clouds,5.41,40,3.61
Dulzura,California,CA,False,6,Clouds,7.83,39,1.55
Guatay,California,CA,False,6,Clouds,4.28,40,3.74
Imperial Beach,California,CA,False,6,Clouds,11.5,86,1.54
Jacumba,California,CA,False,6,Clouds,8.22,43,2.79
Jamul,California,CA,False,6,Clear,8.37,84,1.54
La Mesa,New Mexico,NM,False,35,Clouds,13.81,17,6.39
Lemon Grove,California,CA,False,6,Clear,10.3,86,2.06
Lincoln Acres,California,CA,False,6,Clouds,10.93,86,2.06
Mount Laguna,California,CA,False,6,Clouds,0.55,40,2.67
National City,Michigan,MI,False,26,Clouds,-8.47,78,5.86
Pine Valley,New York,NY,False,36,Clouds,-5.53,76,6.33
Potrero,California,CA,False,6,Clouds,7.5,30,3.53
Spring Valley,New York,NY,False,36,Clear,-2.95,55,1.34
Tecate,California,CA,False,6,Clouds,8.46,30,3.53
Bonsall,California,CA,False,6,Clear,10.24,86,2.06
Borrego Springs,California,CA,False,6,Clouds,11.55,31,0.89
Cardiff By The Sea,California,CA,False,6,Clear,10.28,89,1.34
Carlsbad,Texas,TX,False,48,Clear,16.61,84,8.47
Del Mar,California,CA,False,6,Clear,10.56,90,2.06
El Cajon,California,CA,False,6,Clear,9.88,86,2.06
Encinitas,California,CA,False,6,Clear,10.28,89,1.34
Escondido,California,CA,False,6,Clear,9.18,87,0.0
Fallbrook,California,CA,False,6,Clear,9.04,85,2.06
Julian,Pennsylvania,PA,False,42,Clear,-7.65,70,6.69
La Jolla,California,CA,False,6,Clear,11.15,89,2.06
Camp Pendleton,California,CA,False,6,Clear,9.4,86,2.06
Pala,California,CA,False,6,Clear,10.62,77,2.06
Palomar Mountain,California,CA,False,6,Clouds,3.15,61,3.07
Pauma Valley,California,CA,False,6,Clouds,11.49,67,2.08
Poway,California,CA,False,6,Clear,9.53,88,2.06
Ramona,South Dakota,SD,False,46,Clear,-16.19,72,5.66
Ranchita,California,CA,False,6,Clouds,4.85,31,0.67
Rancho Santa Fe,California,CA,False,6,Clear,9.97,89,2.57
San Luis Rey,California,CA,False,6,Clear,10.19,88,2.06
San Marcos,Texas,TX,False,48,Clouds,18.44,90,5.14
Santa Ysabel,California,CA,False,6,Clouds,11.3,16,3.55
Santee,South Carolina,SC,False,45,Clear,-0.64,50,2.43
Solana Beach,California,CA,False,6,Clear,10.44,89,1.34
Valley Center,Kansas,KS,False,20,Mist,-1.73,87,6.69
Warner Springs,California,CA,False,6,Clouds,8.26,28,2.75
San Diego,Texas,TX,False,48,Clear,20.74,77,9.06
Coronado,California,CA,False,6,Clouds,11.46,87,2.06
San Ysidro,New Mexico,NM,False,35,Clear,2.99,43,9.23
Indio,California,CA,False,6,Clouds,14.15,27,2.05
Indian Wells,Arizona,AZ,False,4,Clouds,1.2,33,3.89
Palm Desert,California,CA,False,6,Clouds,13.06,29,2.22
Banning,California,CA,False,6,Clouds,10.0,42,1.34
Bard,New Mexico,NM,False,35,Clear,7.21,23,10.59
Beaumont,Virginia,VA,False,51,Clear,-6.63,52,1.55
Blythe,Georgia,GA,False,13,Clouds,1.32,50,2.24
Brawley,California,CA,False,6,Clear,11.12,35,2.06
Cabazon,California,CA,False,6,Clouds,11.57,33,3.2
Calexico,California,CA,False,6,Clear,12.91,38,2.06
Calipatria,California,CA,False,6,Clouds,14.07,33,1.7
Cathedral City,California,CA,False,6,Clouds,13.68,23,1.34
Coachella,California,CA,False,6,Clouds,14.44,25,2.62
Desert Center,California,CA,False,6,Clouds,9.64,25,2.75
Desert Hot Springs,California,CA,False,6,Clouds,12.99,16,3.26
Earp,California,CA,False,6,Clouds,11.24,24,2.43
El Centro,California,CA,False,6,Clear,10.32,38,3.09
La Quinta,California,CA,False,6,Clouds,13.62,28,2.49
Heber,Arizona,AZ,False,4,Clouds,-1.84,28,1.97
Holtville,California,CA,False,6,Clear,11.55,35,2.06
Imperial,Pennsylvania,PA,False,42,Clouds,-8.63,73,4.12
Joshua Tree,California,CA,False,6,Clouds,8.62,24,1.34
Mecca,Indiana,IN,False,18,Clouds,-5.74,76,0.89
Morongo Valley,California,CA,False,6,Clouds,9.63,21,3.32
Niland,California,CA,False,6,Clouds,15.99,37,1.65
Ocotillo,California,CA,False,6,Clouds,11.71,38,0.88
Palm Springs,California,CA,False,6,Clouds,14.72,21,0.45
Palo Verde,Arizona,AZ,False,4,Clear,11.26,17,4.12
Parker Dam,California,CA,False,6,Clear,13.62,24,2.29
Pioneertown,California,CA,False,6,Clouds,6.05,24,1.34
Rancho Mirage,California,CA,False,6,Clouds,13.38,25,1.34
Seeley,California,CA,False,6,Clear,8.99,43,3.09
Thermal,California,CA,False,6,Clouds,14.8,21,3.01
Salton City,California,CA,False,6,Clouds,13.94,28,3.0
Thousand Palms,California,CA,False,6,Clouds,13.49,24,3.13
Twentynine Palms,California,CA,False,6,Clouds,9.55,22,1.79
Vidal,California,CA,False,6,Clouds,12.82,21,3.97
Westmorland,California,CA,False,6,Clouds,11.21,31,2.15
Whitewater,Wisconsin,WI,False,55,Clouds,-12.0,100,3.88
Winterhaven,California,CA,False,6,Clouds,13.04,33,3.12
Yucca Valley,California,CA,False,6,Clouds,7.68,24,1.79
Landers,California,CA,False,6,Clouds,7.77,24,1.34
Adelanto,California,CA,False,6,Clouds,5.65,40,2.81
Angelus Oaks,California,CA,False,6,Clouds,3.79,28,3.6
Apple Valley,California,CA,False,6,Clouds,6.31,40,1.45
Baker,West Virginia,WV,False,54,Clear,-7.34,60,0.45
Fort Irwin,California,CA,False,6,Clear,4.74,26,3.09
Barstow,Maryland,MD,False,24,Clear,-5.21,56,4.36
Grand Terrace,California,CA,False,6,Clear,10.48,68,2.06
Big Bear City,California,CA,False,6,Clouds,1.61,35,1.34
Big Bear Lake,California,CA,False,6,Clouds,1.58,30,1.34
Bloomington,New York,NY,False,36,Clouds,-2.31,59,0.45
Blue Jay,California,CA,False,6,Clouds,4.07,34,0.89
Bryn Mawr,Pennsylvania,PA,False,42,Clouds,-4.09,56,5.66
Calimesa,California,CA,False,6,Clouds,9.18,44,0.45
Cedar Glen,California,CA,False,6,Clouds,3.89,32,0.89
Cedarpines Park,California,CA,False,6,Clouds,4.62,38,8.49
Cima,California,CA,False,6,Clouds,4.52,27,1.77
Crestline,Ohio,OH,False,39,Clear,-12.12,85,4.12
Crest Park,California,CA,False,6,Clouds,3.44,34,0.89
Daggett,Michigan,MI,False,26,Clear,-10.56,55,4.11
Death Valley,California,CA,False,6,Clouds,9.32,26,2.7
Phelan,California,CA,False,6,Clouds,4.24,33,1.79
Fontana,Wisconsin,WI,False,55,Clouds,-10.95,59,3.38
Essex,Massachusetts,MA,False,25,Clear,-5.28,59,1.34
Fawnskin,California,CA,False,6,Clouds,1.53,28,0.89
Ludlow,Massachusetts,MA,False,25,Clear,-15.63,76,2.68
Forest Falls,California,CA,False,6,Clouds,4.63,35,3.18
Hesperia,Michigan,MI,False,26,Clouds,-10.96,79,1.54
Green Valley Lake,California,CA,False,6,Clouds,1.1,30,0.89
Helendale,California,CA,False,6,Clouds,4.54,50,1.63
Needles,California,CA,False,6,Clear,13.42,18,4.12
Nipton,California,CA,False,6,Clouds,5.39,26,1.43
Newberry Springs,California,CA,False,6,Clear,7.12,29,3.6
Mountain Pass,California,CA,False,6,Clouds,2.98,26,1.68
Oro Grande,California,CA,False,6,Clouds,6.11,41,2.2
Patton,Pennsylvania,PA,False,42,Clouds,-9.94,87,1.79
Pinon Hills,California,CA,False,6,Clouds,4.31,35,0.45
Redlands,California,CA,False,6,Clouds,11.33,48,0.45
Rialto,California,CA,False,6,Clear,10.56,59,2.06
Rimforest,California,CA,False,6,Clouds,3.01,34,8.49
Running Springs,California,CA,False,6,Clouds,2.83,30,0.89
Shoshone,Idaho,ID,False,16,Clouds,2.07,88,2.89
Skyforest,California,CA,False,6,Clouds,3.59,33,0.89
Tecopa,California,CA,False,6,Clouds,9.46,26,1.07
Twin Peaks,California,CA,False,6,Clouds,2.91,34,8.49
Victorville,California,CA,False,6,Clouds,6.36,41,2.1
Wrightwood,California,CA,False,6,Clouds,1.17,32,0.45
Yermo,California,CA,False,6,Clear,6.98,29,3.6
Yucaipa,California,CA,False,6,Clouds,9.92,31,0.45
San Bernardino,California,CA,False,6,Clouds,11.48,46,1.34
Lake Elsinore,California,CA,False,6,Clouds,7.69,66,2.27
Aguanga,California,CA,False,6,Clouds,8.75,59,3.23
Anza,California,CA,False,6,Clouds,6.36,26,3.4
Hemet,California,CA,False,6,Clouds,7.82,58,1.76
Homeland,Florida,FL,False,12,Clear,7.19,47,2.62
Idyllwild,California,CA,False,6,Clouds,3.92,33,0.89
Moreno Valley,California,CA,False,6,Clear,8.27,66,2.06
Mountain Center,California,CA,False,6,Clouds,4.84,36,0.89
Murrieta,California,CA,False,6,Clear,8.25,69,1.54
Nuevo,California,CA,False,6,Clear,7.38,66,0.0
Perris,California,CA,False,6,Clear,7.4,69,0.0
San Jacinto,California,CA,False,6,Clouds,7.95,57,2.31
Menifee,Arkansas,AR,False,5,Clouds,5.59,86,2.57
Sun City,Florida,FL,False,12,Clear,8.48,73,3.09
Quail Valley,California,CA,False,6,Clear,7.05,68,1.54
Temecula,California,CA,False,6,Clear,8.43,71,2.06
Wildomar,California,CA,False,6,Clear,7.67,67,1.54
Irvine,Pennsylvania,PA,False,42,Snow,-8.32,92,5.25
Huntington Beach,California,CA,False,6,Clouds,11.82,76,0.0
Laguna Niguel,California,CA,False,6,Clouds,10.67,88,1.02
Foothill Ranch,California,CA,False,6,Clear,7.28,90,0.0
Capistrano Beach,California,CA,False,6,Clouds,11.05,88,0.45
Corona Del Mar,California,CA,False,6,Clouds,11.7,84,0.0
Costa Mesa,California,CA,False,6,Clouds,11.91,76,0.0
Dana Point,California,CA,False,6,Clouds,11.11,88,0.45
Lake Forest,Illinois,IL,False,17,Clear,-9.21,50,4.63
Laguna Woods,California,CA,False,6,Clouds,11.2,86,1.34
Laguna Beach,California,CA,False,6,Clouds,11.58,88,0.0
Laguna Hills,California,CA,False,6,Clouds,10.97,86,1.34
Midway City,California,CA,False,6,Clouds,11.65,64,0.0
Aliso Viejo,California,CA,False,6,Clouds,10.88,86,1.34
Newport Coast,California,CA,False,6,Clouds,10.56,84,0.0
Newport Beach,California,CA,False,6,Clouds,12.02,76,0.0
San Clemente,California,CA,False,6,Clouds,10.97,88,1.34
San Juan Capistrano,California,CA,False,6,Clouds,11.17,88,0.45
Silverado,California,CA,False,6,Clear,9.26,71,0.0
Trabuco Canyon,California,CA,False,6,Clouds,9.63,75,1.34
Westminster,Massachusetts,MA,False,25,Clear,-7.32,65,3.13
Rancho Santa Margarita,California,CA,False,6,Clouds,9.8,80,1.34
Mission Viejo,California,CA,False,6,Clouds,10.82,86,1.34
Ladera Ranch,California,CA,False,6,Clouds,10.53,87,1.34
Santa Ana,California,CA,False,6,Clouds,12.03,76,0.0
Fountain Valley,California,CA,False,6,Clouds,12.24,76,0.0
Tustin,Michigan,MI,False,26,Clouds,-9.89,79,3.6
Anaheim,California,CA,False,6,Clear,11.39,67,0.0
Atwood,Tennessee,TN,False,47,Clouds,3.92,66,3.68
Brea,California,CA,False,6,Clear,11.13,68,0.0
Fullerton,North Dakota,ND,False,38,Clouds,-22.21,84,3.05
Garden Grove,Iowa,IA,False,19,Clouds,-7.99,59,5.73
Orange,Massachusetts,MA,False,25,Clouds,11.75,70,0.0
Norco,Louisiana,LA,False,22,Clear,10.99,71,2.06
Villa Park,Illinois,IL,False,17,Clouds,-8.63,55,3.09
Placentia,California,CA,False,6,Clear,11.5,69,0.45
Corona,New York,NY,False,36,Clouds,-2.25,52,8.23
Yorba Linda,California,CA,False,6,Clear,11.36,70,0.45
Ventura,Iowa,IA,False,19,Clear,-13.2,61,4.63
Camarillo,California,CA,False,6,Clear,13.6,36,2.06
Carpinteria,California,CA,False,6,Clouds,11.93,53,4.82
Fillmore,New York,NY,False,36,Snow,-5.0,74,7.52
Moorpark,California,CA,False,6,Clouds,12.32,34,4.2
Oak View,California,CA,False,6,Clouds,11.4,43,3.62
Ojai,California,CA,False,6,Clouds,11.07,44,3.75
Oxnard,California,CA,False,6,Clear,13.49,38,2.06
Piru,California,CA,False,6,Clouds,10.63,35,4.2
Port Hueneme,California,CA,False,6,Clear,13.2,41,2.06
Santa Paula,California,CA,False,6,Clouds,12.37,37,1.34
Simi Valley,California,CA,False,6,Clouds,11.99,35,3.57
Somis,California,CA,False,6,Clouds,13.23,35,0.89
Summerland,California,CA,False,6,Clouds,12.67,45,4.82
Santa Barbara,California,CA,False,6,Clear,13.08,41,0.0
Goleta,California,CA,False,6,Clouds,13.16,41,3.28
Alpaugh,California,CA,False,6,Clouds,9.63,73,1.34
Armona,California,CA,False,6,Mist,6.02,87,0.0
Arvin,California,CA,False,6,Clouds,7.11,89,0.45
Avenal,California,CA,False,6,Clouds,8.57,81,1.16
Bodfish,California,CA,False,6,Clouds,4.08,85,0.47
Buttonwillow,California,CA,False,6,Clouds,9.08,65,0.86
California Hot Springs,California,CA,False,6,Clouds,3.81,83,1.48
Camp Nelson,California,CA,False,6,Clouds,0.57,68,1.39
Coalinga,California,CA,False,6,Clouds,8.86,82,1.35
Corcoran,California,CA,False,6,Clouds,6.08,77,1.99
Delano,Pennsylvania,PA,False,42,Clouds,-7.32,69,3.09
Ducor,California,CA,False,6,Clouds,8.07,67,2.7
Earlimart,California,CA,False,6,Clouds,8.59,67,1.66
Edison,New Jersey,NJ,False,34,Clouds,-2.72,55,4.63
Exeter,Rhode Island,RI,False,44,Clouds,-3.39,60,5.66
Pine Mountain Club,California,CA,False,6,Clouds,0.54,42,1.96
Farmersville,Ohio,OH,False,39,Clouds,-8.48,80,0.0
Fellows,California,CA,False,6,Clouds,7.01,79,1.79
Glennville,Georgia,GA,False,13,Clear,-2.12,47,1.88
Goshen,Massachusetts,MA,False,25,Clear,-10.96,85,2.57
Hanford,California,CA,False,6,Mist,5.94,87,0.0
Huron,Tennessee,TN,False,47,Clouds,4.78,55,3.67
Ivanhoe,Virginia,VA,False,51,Clear,-5.08,52,3.09
Kaweah,California,CA,False,6,Clouds,9.58,78,1.25
Kettleman City,California,CA,False,6,Clouds,9.85,78,1.69
Lake Isabella,California,CA,False,6,Clouds,4.41,85,0.29
Laton,California,CA,False,6,Mist,5.98,87,0.0
Lebec,California,CA,False,6,Clouds,4.71,56,2.85
Lemon Cove,California,CA,False,6,Clouds,9.18,80,1.51
Lemoore,California,CA,False,6,Mist,6.04,87,2.57
Lindsay,Montana,MT,False,30,Clouds,-16.7,96,6.58
Lost Hills,California,CA,False,6,Clouds,9.59,70,1.57
Maricopa,Arizona,AZ,False,4,Clouds,12.74,34,1.79
New Cuyama,California,CA,False,6,Clouds,5.36,71,2.93
Onyx,California,CA,False,6,Clouds,4.38,73,0.78
Pixley,California,CA,False,6,Clouds,8.62,67,1.6
Porterville,Mississippi,MS,False,28,Clouds,8.12,42,2.57
Posey,California,CA,False,6,Clouds,1.74,85,1.57
Richgrove,California,CA,False,6,Clouds,8.9,64,3.15
Shafter,California,CA,False,6,Clouds,8.26,62,2.23
Springville,New York,NY,False,36,Clouds,-7.5,86,8.42
Strathmore,California,CA,False,6,Clouds,8.36,63,2.37
Taft,Tennessee,TN,False,47,Clouds,2.78,63,0.45
Terra Bella,California,CA,False,6,Clouds,8.2,63,2.51
Three Rivers,Massachusetts,MA,False,25,Clear,-10.94,79,2.06
Tipton,Pennsylvania,PA,False,42,Clouds,-7.93,72,5.83
Tulare,South Dakota,SD,False,46,Clouds,-16.7,71,4.19
Tupman,California,CA,False,6,Clouds,9.01,61,0.22
Visalia,California,CA,False,6,Mist,5.54,92,0.0
Waukena,California,CA,False,6,Clouds,6.05,77,1.78
Weldon,North Carolina,NC,False,37,Clouds,-4.08,68,0.45
Wofford Heights,California,CA,False,6,Clouds,4.02,85,0.27
Woodlake,Texas,TX,False,48,Clouds,17.86,93,4.6
Woody,California,CA,False,6,Clouds,6.49,79,2.33
Bakersfield,Vermont,VT,False,50,Snow,-10.76,86,3.89
San Luis Obispo,California,CA,False,6,Clear,11.76,63,2.06
Los Osos,California,CA,False,6,Clear,9.91,70,2.06
Arroyo Grande,California,CA,False,6,Clear,12.17,59,2.06
Atascadero,California,CA,False,6,Clouds,6.19,86,0.45
Avila Beach,California,CA,False,6,Clear,12.14,60,2.06
Bradley,Maine,ME,False,23,Clouds,-12.2,71,0.89
Buellton,California,CA,False,6,Clear,7.39,64,0.0
Cambria,Wisconsin,WI,False,55,Clouds,-12.79,34,4.76
Casmalia,California,CA,False,6,Clear,11.92,52,6.69
Cayucos,California,CA,False,6,Clouds,8.42,84,4.2
Grover Beach,California,CA,False,6,Clear,12.2,59,2.06
Guadalupe,California,CA,False,6,Clear,12.32,57,5.14
Harmony,Rhode Island,RI,False,44,Clouds,-3.04,64,5.36
Lompoc,California,CA,False,6,Clear,11.08,57,6.69
Los Alamos,New Mexico,NM,False,35,Clear,-0.98,45,1.34
Los Olivos,California,CA,False,6,Clear,5.91,63,0.0
Morro Bay,California,CA,False,6,Clear,9.3,78,5.1
Nipomo,California,CA,False,6,Clear,11.93,58,5.14
Oceano,California,CA,False,6,Clear,12.32,58,2.06
Paso Robles,California,CA,False,6,Clouds,6.0,88,0.45
Pismo Beach,California,CA,False,6,Clear,12.27,59,2.06
San Ardo,California,CA,False,6,Clouds,5.56,81,2.04
San Miguel,New Mexico,NM,False,35,Clouds,12.39,19,6.46
San Simeon,California,CA,False,6,Clouds,9.63,77,1.34
Santa Margarita,California,CA,False,6,Clear,8.4,72,2.06
Santa Maria,Texas,TX,False,48,Clear,23.63,88,8.23
Santa Ynez,California,CA,False,6,Clear,6.46,65,0.0
Shandon,Ohio,OH,False,39,Clouds,-5.63,73,1.54
Solvang,California,CA,False,6,Clear,7.41,63,0.0
Templeton,Massachusetts,MA,False,25,Clouds,-4.56,68,4.63
Mojave,California,CA,False,6,Clouds,5.76,80,8.05
California City,California,CA,False,6,Clouds,6.91,48,4.63
Acton,Massachusetts,MA,False,25,Clouds,-2.77,64,5.14
Benton,Pennsylvania,PA,False,42,Clouds,3.13,81,1.54
Big Pine,California,CA,False,6,Clouds,-0.75,48,2.1
Bishop,Virginia,VA,False,51,Clouds,-6.67,53,2.02
Boron,California,CA,False,6,Clear,3.62,54,0.0
Caliente,Nevada,NV,False,32,Clouds,0.4,52,2.3
Cantil,California,CA,False,6,Clouds,9.67,55,4.92
Darwin,Minnesota,MN,False,27,Clear,-16.95,46,4.12
Edwards,New York,NY,False,36,Snow,-5.45,85,2.01
Inyokern,California,CA,False,6,Clouds,10.06,35,1.67
Johannesburg,Michigan,MI,False,26,Mist,-9.05,79,4.12
June Lake,California,CA,False,6,Clouds,-3.92,75,2.81
Keeler,California,CA,False,6,Clouds,8.84,31,0.71
Keene,New Hampshire,NH,False,33,Clouds,-3.96,73,3.6
Lake Hughes,California,CA,False,6,Clouds,4.88,52,4.37
Lancaster,Massachusetts,MA,False,25,Clouds,-5.87,64,5.14
Lee Vining,California,CA,False,6,Clouds,-2.3,72,3.49
Little Lake,Michigan,MI,False,26,Clouds,-12.85,78,3.09
Llano,Texas,TX,False,48,Clouds,19.18,77,4.63
Lone Pine,California,CA,False,6,Clouds,8.6,28,1.97
Mammoth Lakes,California,CA,False,6,Clear,-3.25,73,2.06
Olancha,California,CA,False,6,Clouds,8.67,44,1.91
Palmdale,Florida,FL,False,12,Clear,10.32,71,3.02
Pearblossom,California,CA,False,6,Clouds,5.9,47,3.58
Randsburg,California,CA,False,6,Clouds,7.79,52,1.03
Ridgecrest,North Carolina,NC,False,37,Clear,-4.38,47,0.89
Red Mountain,California,CA,False,6,Clouds,7.74,50,1.01
Rosamond,Illinois,IL,False,17,Clouds,-4.51,74,2.13
Tehachapi,California,CA,False,6,Clouds,0.73,92,0.89
Trona,California,CA,False,6,Clouds,8.88,43,0.97
Valyermo,California,CA,False,6,Clouds,5.25,45,3.58
Ahwahnee,California,CA,False,6,Clouds,3.83,76,1.34
Auberry,California,CA,False,6,Clouds,4.93,89,1.63
Badger,Iowa,IA,False,19,Clouds,-11.06,62,5.14
Bass Lake,California,CA,False,6,Clouds,1.46,89,1.79
Big Creek,West Virginia,WV,False,54,Clouds,-7.38,97,1.55
Biola,California,CA,False,6,Clouds,6.88,88,2.92
Burrel,California,CA,False,6,Clear,6.06,81,2.57
Cantua Creek,California,CA,False,6,Clouds,9.89,79,2.9
Caruthers,California,CA,False,6,Clouds,6.7,85,2.71
Chowchilla,California,CA,False,6,Clear,6.01,87,0.0
Clovis,New Mexico,NM,False,35,Clear,7.34,23,13.89
Coarsegold,California,CA,False,6,Clouds,3.91,89,1.41
Cutler,Maine,ME,False,23,Clouds,-9.42,59,6.68
Del Rey,California,CA,False,6,Clouds,13.34,58,2.06
Dinuba,California,CA,False,6,Clouds,5.16,100,0.0
Dos Palos,California,CA,False,6,Clouds,8.91,87,2.16
Dunlap,Tennessee,TN,False,47,Clouds,0.8,51,1.44
Firebaugh,California,CA,False,6,Clouds,9.03,86,2.54
Fish Camp,California,CA,False,6,Clouds,-1.26,79,1.77
Five Points,Alabama,AL,False,1,Clear,-0.03,81,2.19
Fowler,Ohio,OH,False,39,Clouds,-8.69,81,5.14
Friant,California,CA,False,6,Clouds,6.83,75,0.79
Helm,California,CA,False,6,Clouds,6.1,83,2.87
Hume,New York,NY,False,36,Snow,-5.11,74,7.52
Kerman,California,CA,False,6,Clouds,7.16,90,3.0
Kingsburg,California,CA,False,6,Clouds,5.31,100,0.0
Lakeshore,Florida,FL,False,12,Clear,7.38,50,2.51
Los Banos,California,CA,False,6,Clouds,9.02,84,1.2
Madera,Pennsylvania,PA,False,42,Clouds,-8.55,73,6.14
Mendota,Virginia,VA,False,51,Clouds,-6.28,70,1.14
Miramonte,California,CA,False,6,Clouds,5.95,65,0.77
Mono Hot Springs,California,CA,False,6,Clouds,-0.18,80,3.49
North Fork,Idaho,ID,False,16,Clouds,-8.28,98,0.51
Oakhurst,New Jersey,NJ,False,34,Clouds,-2.9,52,6.17
O Neals,California,CA,False,6,Clouds,6.01,91,1.29
Orange Cove,California,CA,False,6,Clouds,5.85,99,0.0
Orosi,California,CA,False,6,Clouds,5.22,100,0.0
Parlier,California,CA,False,6,Clouds,5.08,100,0.0
Piedra,California,CA,False,6,Clouds,9.29,88,0.89
Fresno,Ohio,OH,False,39,Clouds,-12.5,91,0.45
Prather,California,CA,False,6,Clouds,5.3,94,1.52
Raisin City,California,CA,False,6,Clouds,7.84,84,2.74
Reedley,California,CA,False,6,Clouds,5.1,100,0.0
Riverdale,New Jersey,NJ,False,34,Clouds,-2.56,55,2.57
Sanger,Texas,TX,False,48,Clouds,18.18,93,8.23
San Joaquin,California,CA,False,6,Clouds,9.21,84,3.05
Santa Rita Park,California,CA,False,6,Clouds,6.08,89,2.46
Shaver Lake,California,CA,False,6,Clouds,-1.06,94,1.61
South Dos Palos,California,CA,False,6,Clouds,9.02,86,1.89
Sultana,California,CA,False,6,Clouds,5.16,100,0.0
Tollhouse,California,CA,False,6,Clouds,6.26,89,1.56
Tranquillity,California,CA,False,6,Clouds,9.34,84,3.0
Yettem,California,CA,False,6,Clouds,5.44,92,1.8
Traver,California,CA,False,6,Mist,5.38,93,0.0
Squaw Valley,California,CA,False,6,Clouds,5.55,85,1.44
Salinas,California,CA,False,6,Clear,8.01,92,2.57
Big Sur,California,CA,False,6,Clouds,13.45,88,3.96
Carmel By The Sea,California,CA,False,6,Clear,8.05,89,2.57
Carmel,Maine,ME,False,23,Clouds,-11.99,61,1.54
Carmel Valley,California,CA,False,6,Clear,7.59,89,2.57
Chualar,California,CA,False,6,Clear,8.16,90,0.0
Gonzales,Louisiana,LA,False,22,Clouds,7.89,83,1.34
Greenfield,Massachusetts,MA,False,25,Clouds,-3.18,70,1.79
Jolon,California,CA,False,6,Clouds,4.56,84,1.28
King City,Missouri,MO,False,29,Snow,-8.37,91,7.48
Lockwood,New York,NY,False,36,Clouds,-5.18,76,5.82
Marina,California,CA,False,6,Clear,7.97,92,2.57
Monterey,Massachusetts,MA,False,25,Clear,8.09,90,2.57
Pacific Grove,California,CA,False,6,Clear,8.06,90,2.57
Pebble Beach,California,CA,False,6,Clear,8.48,89,2.57
San Lucas,California,CA,False,6,Clouds,8.15,80,2.43
Soledad,California,CA,False,6,Clouds,9.09,79,2.55
Spreckels,California,CA,False,6,Clear,8.06,92,2.57
Brisbane,California,CA,False,6,Clouds,9.24,88,1.34
Burlingame,Kansas,KS,False,20,Snow,-4.95,93,7.96
Daly City,California,CA,False,6,Clouds,9.06,88,1.34
El Granada,California,CA,False,6,Clouds,8.92,90,0.0
Half Moon Bay,California,CA,False,6,Mist,8.69,90,0.0
La Honda,California,CA,False,6,Clouds,7.65,87,1.61
Loma Mar,California,CA,False,6,Clouds,8.21,87,2.36
Los Altos,California,CA,False,6,Clear,7.52,87,2.06
Menlo Park,California,CA,False,6,Clouds,7.99,89,0.45
Atherton,California,CA,False,6,Clouds,8.06,89,0.45
Portola Valley,California,CA,False,6,Clouds,7.2,88,0.0
Millbrae,California,CA,False,6,Clouds,8.94,89,0.89
Montara,California,CA,False,6,Clouds,8.99,91,0.89
Moss Beach,California,CA,False,6,Clouds,9.02,91,0.89
Pacifica,California,CA,False,6,Clouds,9.11,89,0.89
Pescadero,California,CA,False,6,Clouds,8.9,84,3.43
Redwood City,California,CA,False,6,Clouds,8.23,90,0.45
San Bruno,California,CA,False,6,Clouds,8.56,89,0.89
San Carlos,Arizona,AZ,False,4,Clouds,7.26,28,2.47
San Gregorio,California,CA,False,6,Clouds,8.66,84,2.92
South San Francisco,California,CA,False,6,Clouds,9.19,89,1.34
Sunnyvale,Texas,TX,False,48,Clouds,17.35,92,4.63
San Francisco,California,CA,False,6,Clouds,9.19,87,1.34
Palo Alto,California,CA,False,6,Clear,8.07,88,0.45
Stanford,Kentucky,KY,False,21,Clouds,-2.8,68,0.0
San Mateo,Florida,FL,False,12,Clear,3.85,78,0.0
Alameda,California,CA,False,6,Clouds,8.84,85,1.54
American Canyon,California,CA,False,6,Clouds,7.08,86,1.54
Discovery Bay,California,CA,False,6,Clear,7.71,85,0.45
Alamo,Georgia,GA,False,13,Clear,4.11,52,1.08
Angwin,California,CA,False,6,Clouds,4.31,83,0.95
Antioch,Tennessee,TN,False,47,Clouds,2.41,54,0.89
Benicia,California,CA,False,6,Clouds,8.3,91,2.06
Bethel Island,California,CA,False,6,Clouds,7.65,85,0.45
Birds Landing,California,CA,False,6,Clouds,8.43,88,0.0
Brentwood,New York,NY,False,36,Clouds,-2.64,53,7.72
Byron,New York,NY,False,36,Snow,-5.98,81,8.75
Calistoga,California,CA,False,6,Clouds,6.47,91,0.98
Canyon,Minnesota,MN,False,27,Clear,-20.98,69,4.19
Crockett,Virginia,VA,False,51,Clouds,-8.07,86,0.45
Diablo,California,CA,False,6,Clouds,6.42,90,2.06
El Cerrito,California,CA,False,6,Clouds,8.64,87,0.89
Fremont,New Hampshire,NH,False,33,Clouds,-5.92,74,1.34
Hayward,Wisconsin,WI,False,55,Clear,-18.27,64,2.57
Castro Valley,California,CA,False,6,Clouds,7.61,86,1.54
Hercules,California,CA,False,6,Clouds,8.5,90,1.21
Knightsen,California,CA,False,6,Clear,7.64,85,0.89
Livermore,Maine,ME,False,23,Clouds,-10.14,66,0.89
Martinez,California,CA,False,6,Clouds,8.26,90,2.06
Moraga,California,CA,False,6,Clouds,7.56,86,2.06
Napa,California,CA,False,6,Clouds,6.65,85,1.54
Newark,New Jersey,NJ,False,34,Clouds,-2.34,52,7.2
Oakley,Michigan,MI,False,26,Clear,-8.83,80,4.12
Orinda,California,CA,False,6,Clouds,7.8,85,2.06
Pinole,California,CA,False,6,Clouds,8.5,90,0.89
Pittsburg,New Hampshire,NH,False,33,Clouds,-13.16,92,3.58
Pleasanton,Kansas,KS,False,20,Snow,-0.65,91,3.13
Pope Valley,California,CA,False,6,Clouds,6.46,84,0.78
Dublin,New Hampshire,NH,False,33,Clouds,-5.88,73,3.6
Port Costa,California,CA,False,6,Clouds,8.19,91,2.06
Rio Vista,Texas,TX,False,48,Mist,18.77,93,7.2
Rodeo,New Mexico,NM,False,35,Clear,10.95,21,1.34
Rutherford,New Jersey,NJ,False,34,Clouds,-2.29,51,7.2
Saint Helena,Nebraska,NE,False,31,Snow,-10.98,62,5.66
San Leandro,California,CA,False,6,Clouds,8.35,86,1.54
San Lorenzo,California,CA,False,6,Clouds,8.06,87,1.54
San Ramon,California,CA,False,6,Clouds,6.67,90,1.54
Suisun City,California,CA,False,6,Clouds,7.63,87,1.54
Sunol,California,CA,False,6,Clouds,6.76,91,0.45
Union City,New Jersey,NJ,False,34,Clouds,-2.43,51,8.23
Vallejo,California,CA,False,6,Clouds,7.91,91,1.54
Walnut Creek,Ohio,OH,False,39,Clear,-12.77,87,1.34
Yountville,California,CA,False,6,Clouds,6.39,85,1.07
Emeryville,California,CA,False,6,Clouds,8.99,86,0.45
Piedmont,West Virginia,WV,False,54,Clouds,-7.2,74,0.89
Berkeley,Illinois,IL,False,17,Clouds,-8.41,55,3.58
El Sobrante,California,CA,False,6,Clouds,8.4,87,0.89
San Pablo,California,CA,False,6,Clouds,9.02,87,0.89
San Rafael,New Mexico,NM,False,35,Clear,4.74,27,15.95
Greenbrae,California,CA,False,6,Clouds,9.2,90,1.79
Kentfield,California,CA,False,6,Clouds,9.16,90,1.79
Bodega,California,CA,False,6,Clouds,7.51,98,1.64
Bodega Bay,California,CA,False,6,Clouds,7.97,96,2.4
Bolinas,California,CA,False,6,Clouds,9.14,93,3.61
Corte Madera,California,CA,False,6,Clouds,9.15,89,1.79
Rohnert Park,California,CA,False,6,Clouds,7.65,87,0.64
Dillon Beach,California,CA,False,6,Clouds,7.93,95,2.45
Fairfax,Vermont,VT,False,50,Clouds,-9.91,81,1.34
Cotati,California,CA,False,6,Clouds,7.56,86,0.64
Forest Knolls,California,CA,False,6,Clouds,4.81,82,0.0
Inverness,Florida,FL,False,12,Clear,3.94,44,2.04
Lagunitas,California,CA,False,6,Clouds,7.8,93,0.0
Larkspur,Colorado,CO,False,8,Clouds,9.24,89,1.79
Mill Valley,California,CA,False,6,Clouds,9.12,89,1.79
Novato,California,CA,False,6,Clouds,7.58,84,0.89
Nicasio,California,CA,False,6,Clouds,7.89,93,0.89
Olema,California,CA,False,6,Clouds,7.78,95,2.86
Penngrove,California,CA,False,6,Clouds,7.41,83,0.0
Petaluma,California,CA,False,6,Clouds,7.31,82,0.0
Point Reyes Station,California,CA,False,6,Clouds,7.69,94,2.5
Ross,Ohio,OH,False,39,Clouds,-5.59,74,1.54
San Anselmo,California,CA,False,6,Clouds,9.27,89,1.79
San Geronimo,California,CA,False,6,Clouds,8.03,93,1.79
San Quentin,California,CA,False,6,Clouds,9.23,89,1.79
Sausalito,California,CA,False,6,Clouds,9.24,89,2.24
Stinson Beach,California,CA,False,6,Clouds,9.26,93,3.3
Tomales,California,CA,False,6,Clouds,8.11,97,1.63
Valley Ford,California,CA,False,6,Clouds,7.8,97,1.5
Woodacre,California,CA,False,6,Clouds,7.98,93,1.79
Aptos,California,CA,False,6,Clear,6.8,93,2.57
Alviso,California,CA,False,6,Clear,7.55,87,2.06
Aromas,California,CA,False,6,Clear,7.16,93,2.57
Ben Lomond,Arkansas,AR,False,5,Clouds,7.14,86,3.7
Boulder Creek,California,CA,False,6,Clouds,7.13,90,1.86
Brookdale,California,CA,False,6,Clouds,7.2,91,2.0
Campbell,New York,NY,False,36,Clouds,-5.67,79,2.24
Capitola,California,CA,False,6,Clear,7.49,92,2.57
Castroville,Texas,TX,False,48,Clear,17.06,87,3.09
Coyote,New Mexico,NM,False,35,Clear,-1.3,73,3.63
Cupertino,California,CA,False,6,Clouds,7.06,87,2.06
Felton,Pennsylvania,PA,False,42,Clear,-6.87,69,5.79
Freedom,New Hampshire,NH,False,33,Clouds,-8.27,71,3.53
Gilroy,California,CA,False,6,Clear,7.15,90,0.0
Hollister,North Carolina,NC,False,37,Clear,-3.82,59,2.77
Holy City,California,CA,False,6,Clouds,5.43,90,1.88
Los Gatos,California,CA,False,6,Clouds,6.81,89,2.06
Milpitas,California,CA,False,6,Clouds,7.3,87,2.06
Morgan Hill,California,CA,False,6,Clouds,6.72,89,0.45
Moss Landing,California,CA,False,6,Clear,7.69,93,2.57
Mount Hermon,Kentucky,KY,False,21,Clouds,-0.92,65,1.89
New Almaden,California,CA,False,6,Clouds,5.75,90,2.04
Paicines,California,CA,False,6,Clouds,4.87,89,0.71
Redwood Estates,California,CA,False,6,Clouds,4.69,90,1.88
San Juan Bautista,California,CA,False,6,Clear,6.41,92,0.0
San Martin,California,CA,False,6,Clouds,7.11,89,0.45
Santa Clara,Utah,UT,False,49,Clear,7.32,35,1.54
Santa Cruz,New Mexico,NM,False,35,Clouds,1.37,46,1.34
Scotts Valley,California,CA,False,6,Clouds,6.79,91,0.45
Saratoga,North Carolina,NC,False,37,Clear,-4.39,44,0.85
Soquel,California,CA,False,6,Clear,7.46,92,2.57
Tres Pinos,California,CA,False,6,Clear,5.2,91,0.0
Watsonville,California,CA,False,6,Clear,7.36,94,2.57
San Jose,Illinois,IL,False,17,Clouds,-5.76,67,2.3
Stockton,New Jersey,NJ,False,34,Clear,-3.53,59,1.34
Acampo,California,CA,False,6,Clouds,6.64,90,2.38
Altaville,California,CA,False,6,Clear,4.01,96,1.54
Angels Camp,California,CA,False,6,Clear,4.18,96,1.54
Arnold,Maryland,MD,False,24,Clear,-5.37,58,4.12
Avery,Texas,TX,False,48,Clouds,9.87,88,5.07
Burson,California,CA,False,6,Clouds,5.7,93,1.28
Campo Seco,California,CA,False,6,Clear,3.92,96,0.0
Clements,Maryland,MD,False,24,Clear,-4.34,61,2.06
Copperopolis,California,CA,False,6,Clear,5.08,93,1.54
Douglas Flat,California,CA,False,6,Clear,3.36,94,1.54
French Camp,Mississippi,MS,False,28,Clouds,8.33,56,3.74
Glencoe,Kentucky,KY,False,21,Clouds,-4.11,73,1.21
Hathaway Pines,California,CA,False,6,Clear,2.11,88,0.0
Holt,Florida,FL,False,12,Clouds,9.77,54,2.64
Linden,New Jersey,NJ,False,34,Clouds,-2.44,53,6.71
Lockeford,California,CA,False,6,Clouds,5.88,91,1.93
Lodi,New Jersey,NJ,False,34,Clouds,-2.13,52,5.66
Mokelumne Hill,California,CA,False,6,Clouds,5.6,97,1.54
Mountain Ranch,California,CA,False,6,Clear,3.19,90,1.54
Murphys,California,CA,False,6,Clear,3.07,94,1.54
Rail Road Flat,California,CA,False,6,Clouds,3.64,83,2.09
San Andreas,California,CA,False,6,Clear,4.99,95,1.54
Vallecito,California,CA,False,6,Clouds,9.99,33,1.34
Valley Springs,South Dakota,SD,False,46,Clouds,-14.31,71,5.22
Victor,New York,NY,False,36,Clouds,-5.42,72,2.24
Wallace,West Virginia,WV,False,54,Clear,-7.54,77,0.0
West Point,New York,NY,False,36,Clouds,-3.37,57,7.72
Wilseyville,California,CA,False,6,Clouds,4.4,81,2.31
Woodbridge,Connecticut,CT,False,9,Clouds,-3.06,58,4.12
Atwater,Ohio,OH,False,39,Clouds,-9.55,87,5.33
Ballico,California,CA,False,6,Clouds,5.51,99,2.84
Tracy,Iowa,IA,False,19,Clouds,-7.84,68,4.12
Big Oak Flat,California,CA,False,6,Clouds,1.61,100,1.53
Catheys Valley,California,CA,False,6,Clouds,5.47,81,1.3
Ceres,New York,NY,False,36,Snow,-8.01,90,5.21
Chinese Camp,California,CA,False,6,Clear,4.06,96,0.0
Coulterville,Illinois,IL,False,17,Snow,-0.03,69,6.69
Cressey,California,CA,False,6,Clouds,5.61,97,2.8
Crows Landing,California,CA,False,6,Clouds,7.95,78,2.29
Delhi,New York,NY,False,36,Clouds,-6.68,87,7.68
Denair,California,CA,False,6,Clear,5.89,96,0.0
El Nido,California,CA,False,6,Clear,12.62,74,2.06
El Portal,California,CA,False,6,Clouds,5.15,71,2.0
Empire,Alabama,AL,False,1,Clouds,4.95,60,1.2
Escalon,California,CA,False,6,Clear,7.92,79,0.0
Groveland,Massachusetts,MA,False,25,Clouds,-3.95,66,3.6
Gustine,Texas,TX,False,48,Clouds,18.36,88,10.31
Hickman,Tennessee,TN,False,47,Clouds,1.12,66,1.13
Hilmar,California,CA,False,6,Clouds,5.63,99,2.83
Hornitos,California,CA,False,6,Clouds,4.22,83,1.23
Hughson,California,CA,False,6,Clear,6.74,90,0.0
Jamestown,Rhode Island,RI,False,44,Clouds,-2.39,58,5.66
Keyes,Oklahoma,OK,False,40,Snow,-6.58,81,9.1
La Grange,North Carolina,NC,False,37,Clear,-1.87,55,1.54
Lathrop,Missouri,MO,False,29,Snow,-6.78,94,5.36
Le Grand,Iowa,IA,False,19,Clouds,-8.69,68,7.2
Livingston,New Jersey,NJ,False,34,Clouds,-3.13,55,6.69
Long Barn,California,CA,False,6,Clouds,0.25,92,2.68
Manteca,California,CA,False,6,Clear,6.91,95,2.06
Mariposa,California,CA,False,6,Clouds,5.05,53,1.42
Merced,California,CA,False,6,Clear,6.38,89,0.0
Midpines,California,CA,False,6,Clouds,3.91,53,1.41
Mi Wuk Village,California,CA,False,6,Clouds,-0.31,94,2.43
Moccasin,Montana,MT,False,30,Clouds,-13.41,93,0.56
Modesto,Illinois,IL,False,17,Snow,-5.51,73,3.05
Newman,Illinois,IL,False,17,Clouds,-5.01,61,1.83
Oakdale,Connecticut,CT,False,9,Clouds,-3.11,56,4.63
Patterson,New York,NY,False,36,Clouds,-3.58,63,2.68
Pinecrest,California,CA,False,6,Clouds,5.82,84,1.51
Planada,California,CA,False,6,Clear,5.68,88,0.0
Ripon,Wisconsin,WI,False,55,Clouds,-14.84,53,5.24
Riverbank,California,CA,False,6,Clear,7.99,80,0.0
Salida,Colorado,CO,False,8,Clouds,-1.3,50,2.57
Snelling,California,CA,False,6,Clouds,5.61,93,1.45
Sonora,Kentucky,KY,False,21,Clouds,-1.95,59,1.54
Soulsbyville,California,CA,False,6,Clear,1.21,96,0.0
Standard,Illinois,IL,False,17,Clouds,-7.08,73,3.09
Stevinson,California,CA,False,6,Clouds,5.64,87,2.42
Strawberry,Arkansas,AR,False,5,Clouds,3.4,81,2.52
Tuolumne,California,CA,False,6,Clear,2.78,93,0.0
Turlock,California,CA,False,6,Clear,6.12,95,0.0
Twain Harte,California,CA,False,6,Clear,0.23,94,0.0
Vernalis,California,CA,False,6,Clouds,6.97,89,2.77
Waterford,Maine,ME,False,23,Clouds,-8.39,66,2.49
Westley,California,CA,False,6,Clouds,7.86,77,2.69
Winton,North Carolina,NC,False,37,Clear,-2.83,67,2.61
Santa Rosa,Texas,TX,False,48,Clear,23.73,92,8.75
Boonville,New York,NY,False,36,Snow,-5.35,83,6.2
Boyes Hot Springs,California,CA,False,6,Clouds,6.29,83,1.43
Branscomb,California,CA,False,6,Clouds,7.47,80,0.76
Calpella,California,CA,False,6,Clouds,7.6,79,1.34
Camp Meeker,California,CA,False,6,Mist,6.83,96,0.0
Caspar,California,CA,False,6,Clouds,8.63,96,0.45
Cazadero,California,CA,False,6,Clouds,7.47,88,1.46
Clearlake Oaks,California,CA,False,6,Clouds,6.21,79,3.13
Clearlake Park,California,CA,False,6,Clouds,6.04,89,1.52
Cobb,Georgia,GA,False,13,Clear,-0.97,55,0.57
Comptche,California,CA,False,6,Clouds,8.43,96,1.02
Covelo,California,CA,False,6,Clouds,7.11,95,0.28
Dos Rios,California,CA,False,6,Clouds,7.86,95,0.29
Duncans Mills,California,CA,False,6,Clouds,7.73,93,1.63
Eldridge,Alabama,AL,False,1,Clouds,6.06,63,2.02
El Verano,California,CA,False,6,Clouds,6.3,84,0.0
Finley,Tennessee,TN,False,47,Rain,3.45,99,2.57
Forestville,New York,NY,False,36,Clouds,-5.55,63,8.23
Fort Bragg,North Carolina,NC,False,37,Clear,-3.14,74,1.54
Fulton,New York,NY,False,36,Snow,-6.78,75,0.45
Geyserville,California,CA,False,6,Clouds,7.77,92,1.7
Glen Ellen,California,CA,False,6,Clouds,6.46,85,1.27
Glenhaven,California,CA,False,6,Clouds,6.25,76,3.13
Graton,California,CA,False,6,Mist,7.35,96,0.0
Gualala,California,CA,False,6,Clouds,8.44,79,1.79
Guerneville,California,CA,False,6,Mist,7.58,94,0.0
Healdsburg,California,CA,False,6,Mist,7.06,97,0.0
Hopland,California,CA,False,6,Clouds,7.34,41,0.0
Jenner,California,CA,False,6,Clouds,7.77,91,2.33
Kelseyville,California,CA,False,6,Clouds,6.32,70,3.13
Kenwood,California,CA,False,6,Clouds,6.36,87,1.13
Lakeport,California,CA,False,6,Clouds,6.4,67,1.65
Laytonville,California,CA,False,6,Clouds,7.37,88,0.42
Little River,South Carolina,SC,False,45,Clear,0.58,48,2.14
Lower Lake,California,CA,False,6,Clouds,5.53,90,1.33
Lucerne,Indiana,IN,False,18,Clouds,-11.12,79,1.54
Mendocino,California,CA,False,6,Clouds,8.36,96,0.45
Middletown,Rhode Island,RI,False,44,Clouds,-2.62,58,5.66
Monte Rio,California,CA,False,6,Mist,7.62,94,0.0
Navarro,California,CA,False,6,Clouds,8.02,98,0.64
Nice,California,CA,False,6,Clouds,6.02,91,1.79
Occidental,California,CA,False,6,Mist,6.32,97,0.0
Philo,Ohio,OH,False,39,Clear,-9.57,80,0.45
Hidden Valley Lake,California,CA,False,6,Clouds,5.64,90,1.05
Point Arena,California,CA,False,6,Clouds,9.36,94,1.94
Potter Valley,California,CA,False,6,Clouds,8.86,46,1.34
Redwood Valley,California,CA,False,6,Clouds,9.1,91,1.34
Rio Nido,California,CA,False,6,Mist,7.33,94,0.0
Sebastopol,Mississippi,MS,False,28,Clouds,8.91,59,4.19
Sonoma,California,CA,False,6,Clouds,6.14,85,1.54
Stewarts Point,California,CA,False,6,Clouds,8.27,79,1.79
Talmage,Pennsylvania,PA,False,42,Clouds,-5.79,64,5.14
Upper Lake,California,CA,False,6,Clouds,6.5,92,1.72
Villa Grande,California,CA,False,6,Mist,7.68,94,0.0
Vineburg,California,CA,False,6,Clouds,6.26,85,1.54
Willits,California,CA,False,6,Clouds,7.87,96,0.83
Windsor,Massachusetts,MA,False,25,Mist,6.92,96,0.0
Yorkville,New York,NY,False,36,Clouds,-2.11,51,8.23
The Sea Ranch,California,CA,False,6,Clouds,8.09,79,1.79
Eureka,Michigan,MI,False,26,Rain,-2.62,89,4.63
Alderpoint,California,CA,False,6,Clouds,8.79,97,1.04
Blocksburg,California,CA,False,6,Clouds,6.68,93,1.26
Arcata,California,CA,False,6,Clouds,10.62,88,5.14
Mckinleyville,California,CA,False,6,Clouds,10.83,85,5.14
Bayside,New York,NY,False,36,Clouds,-2.45,52,8.23
Blue Lake,California,CA,False,6,Clouds,9.97,90,5.14
Bridgeville,Pennsylvania,PA,False,42,Clouds,-8.38,74,4.63
Burnt Ranch,California,CA,False,6,Clouds,6.36,99,1.48
Carlotta,California,CA,False,6,Clouds,9.94,96,4.02
Crescent City,Florida,FL,False,12,Clear,5.51,91,1.08
Cutten,California,CA,False,6,Clouds,10.28,88,2.24
Fields Landing,California,CA,False,6,Clouds,10.58,88,2.24
Fort Dick,California,CA,False,6,Clouds,10.64,92,9.26
Fortuna,North Dakota,ND,False,38,Clouds,-20.94,88,3.62
Garberville,California,CA,False,6,Clouds,8.74,97,1.17
Gasquet,California,CA,False,6,Clouds,9.63,94,1.56
Honeydew,California,CA,False,6,Clouds,8.75,92,2.0
Hoopa,California,CA,False,6,Clouds,8.74,99,1.58
Hydesville,California,CA,False,6,Clouds,9.47,96,4.47
Klamath,California,CA,False,6,Clouds,9.09,92,2.66
Kneeland,California,CA,False,6,Clouds,6.42,92,2.13
Korbel,California,CA,False,6,Clouds,10.33,91,5.14
Loleta,California,CA,False,6,Clouds,10.3,92,2.97
Miranda,California,CA,False,6,Clouds,9.08,97,1.23
Myers Flat,California,CA,False,6,Clouds,9.3,93,1.33
Orick,California,CA,False,6,Clouds,10.32,90,3.03
Orleans,Massachusetts,MA,False,25,Clouds,-1.36,59,3.58
Petrolia,Pennsylvania,PA,False,42,Clouds,-9.17,77,1.79
Phillipsville,California,CA,False,6,Clouds,9.23,97,1.21
Redway,California,CA,False,6,Clouds,8.7,97,1.21
Rio Dell,California,CA,False,6,Clouds,9.27,100,4.47
Salyer,California,CA,False,6,Clouds,8.15,99,1.78
Samoa,California,CA,False,6,Clouds,10.69,86,5.14
Scotia,South Carolina,SC,False,45,Clear,3.42,50,1.94
Smith River,California,CA,False,6,Clouds,11.2,94,9.26
Somes Bar,California,CA,False,6,Clouds,8.51,95,1.39
Redcrest,California,CA,False,6,Clouds,8.95,95,1.91
Trinidad,Texas,TX,False,48,Clouds,19.96,58,8.79
Weott,California,CA,False,6,Clouds,9.1,95,1.54
Willow Creek,Montana,MT,False,30,Clouds,-10.33,91,0.51
Leggett,Texas,TX,False,48,Clouds,17.56,94,4.5
Piercy,California,CA,False,6,Clouds,8.18,97,1.34
Whitethorn,California,CA,False,6,Clouds,7.66,97,1.88
Zenia,California,CA,False,6,Clouds,3.94,93,0.97
Amador City,California,CA,False,6,Clouds,7.39,100,1.54
West Sacramento,California,CA,False,6,Clouds,7.34,94,1.54
Brooks,Maine,ME,False,23,Clouds,-9.75,53,3.26
Capay,California,CA,False,6,Clouds,7.27,94,0.0
Carmichael,California,CA,False,6,Clear,6.88,94,1.54
Citrus Heights,California,CA,False,6,Clouds,6.84,92,1.54
Clarksburg,Pennsylvania,PA,False,42,Clouds,-8.33,84,4.6
Coloma,Michigan,MI,False,26,Clouds,-4.39,67,4.63
Courtland,Virginia,VA,False,51,Clear,-5.99,68,1.54
Davis,West Virginia,WV,False,54,Clouds,-13.21,89,2.68
Diamond Springs,California,CA,False,6,Clouds,5.14,93,1.73
Dixon,Kentucky,KY,False,21,Clouds,-0.72,51,2.15
El Dorado,Kansas,KS,False,20,Snow,-1.53,94,3.13
Elk Grove,California,CA,False,6,Clouds,7.41,91,1.54
Elverta,California,CA,False,6,Clouds,7.17,94,1.54
Esparto,California,CA,False,6,Clouds,6.87,88,2.07
Fair Oaks,Indiana,IN,False,18,Clouds,-9.03,87,3.46
Fiddletown,California,CA,False,6,Clouds,6.13,100,1.54
Folsom,Pennsylvania,PA,False,42,Clouds,-3.57,54,4.63
Foresthill,California,CA,False,6,Clouds,4.0,91,1.79
Galt,Iowa,IA,False,19,Clouds,-12.09,61,8.23
Garden Valley,Idaho,ID,False,16,Snow,0.54,98,1.14
Georgetown,Massachusetts,MA,False,25,Clouds,-6.89,76,8.08
Greenwood,Maine,ME,False,23,Clouds,-9.73,69,1.34
Grizzly Flats,California,CA,False,6,Clouds,2.93,90,2.41
Guinda,California,CA,False,6,Clouds,7.58,89,1.39
Herald,California,CA,False,6,Clouds,6.95,91,2.3
Hood,Virginia,VA,False,51,Clear,-7.29,67,0.89
Isleton,California,CA,False,6,Clouds,7.48,90,2.56
Kit Carson,Colorado,CO,False,8,Clouds,-3.91,92,1.97
Knights Landing,California,CA,False,6,Clouds,7.45,88,2.56
Kirkwood,New York,NY,False,36,Clouds,-6.11,74,1.34
Lotus,California,CA,False,6,Clouds,7.51,92,1.66
Mcclellan,California,CA,False,6,Clouds,5.22,95,1.47
Martell,Nebraska,NE,False,31,Snow,-10.04,88,7.22
Mather,Pennsylvania,PA,False,42,Clouds,-9.34,80,2.68
Newcastle,Maine,ME,False,23,Clouds,-9.46,71,0.0
Nicolaus,California,CA,False,6,Clear,7.59,93,0.0
North Highlands,California,CA,False,6,Clouds,6.9,94,1.54
Roseville,Ohio,OH,False,39,Clouds,-9.64,80,2.42
Orangevale,California,CA,False,6,Clouds,6.81,92,1.54
Penryn,Pennsylvania,PA,False,42,Clouds,-5.96,64,5.14
Pilot Hill,California,CA,False,6,Clouds,6.34,90,1.34
Pine Grove,Pennsylvania,PA,False,42,Clouds,-4.58,58,5.77
Pioneer,Tennessee,TN,False,47,Clouds,7.85,97,3.09
Placerville,Colorado,CO,False,8,Clouds,4.86,93,1.76
Pleasant Grove,Alabama,AL,False,1,Clouds,5.07,60,2.51
Rancho Cordova,California,CA,False,6,Clear,6.99,93,1.54
Rescue,Virginia,VA,False,51,Clear,-2.38,51,2.06
Rio Linda,California,CA,False,6,Clouds,7.15,93,1.54
Rio Oso,California,CA,False,6,Clouds,7.73,91,0.89
River Pines,California,CA,False,6,Clouds,5.59,99,1.54
Robbins,North Carolina,NC,False,37,Clear,-3.97,48,1.11
Rocklin,California,CA,False,6,Clear,7.0,91,1.54
Rumsey,Kentucky,KY,False,21,Clouds,-0.95,44,1.66
Ryde,California,CA,False,6,Clouds,7.02,91,2.64
Shingle Springs,California,CA,False,6,Clouds,6.05,91,0.45
Sloughhouse,California,CA,False,6,Clear,7.23,91,0.0
Somerset,Massachusetts,MA,False,25,Clear,-2.27,60,3.09
Sutter Creek,California,CA,False,6,Clouds,6.93,100,1.54
Vacaville,California,CA,False,6,Clouds,7.2,88,1.54
Walnut Grove,Alabama,AL,False,1,Clouds,3.41,60,0.0
Wheatland,Pennsylvania,PA,False,42,Clouds,-8.18,79,5.14
Wilton,New Hampshire,NH,False,33,Clouds,-3.62,70,1.54
Winters,Texas,TX,False,48,Clouds,13.06,91,8.45
Yolo,California,CA,False,6,Clouds,7.26,88,0.89
Zamora,California,CA,False,6,Clouds,7.2,88,2.82
Drytown,California,CA,False,6,Clouds,8.24,100,1.54
Alta,Iowa,IA,False,19,Clouds,-11.06,67,7.2
Applegate,Michigan,MI,False,26,Clouds,-9.94,78,7.24
Camino,California,CA,False,6,Clouds,3.08,93,0.89
Dutch Flat,California,CA,False,6,Clouds,4.89,77,1.77
Emigrant Gap,California,CA,False,6,Clouds,4.01,56,1.54
Gold Run,California,CA,False,6,Clouds,4.61,84,1.68
Kyburz,California,CA,False,6,Clouds,2.37,87,3.02
Echo Lake,California,CA,False,6,Clouds,-4.87,91,0.0
Meadow Vista,California,CA,False,6,Clouds,6.63,87,2.06
Norden,California,CA,False,6,Clouds,-1.77,90,1.54
Pollock Pines,California,CA,False,6,Clouds,2.79,92,0.89
Soda Springs,Idaho,ID,False,16,Snow,-6.11,97,1.41
Twin Bridges,Montana,MT,False,30,Clouds,-8.3,86,1.4
Weimar,Texas,TX,False,48,Clouds,19.78,93,2.68
Granite Bay,California,CA,False,6,Clouds,6.99,91,1.25
El Dorado Hills,California,CA,False,6,Clouds,6.83,90,0.45
Alleghany,California,CA,False,6,Clouds,5.87,78,2.41
Arbuckle,California,CA,False,6,Clouds,9.07,88,2.49
Artois,California,CA,False,6,Clouds,7.48,90,2.73
Bangor,Maine,ME,False,23,Clouds,-12.01,67,1.54
Belden,Mississippi,MS,False,28,Clouds,7.88,44,3.6
Berry Creek,California,CA,False,6,Clouds,3.82,79,2.49
Biggs,California,CA,False,6,Clear,9.14,81,0.0
Browns Valley,Minnesota,MN,False,27,Clouds,-18.66,65,6.17
Butte City,California,CA,False,6,Clouds,7.87,89,2.54
Camptonville,California,CA,False,6,Clouds,3.23,90,2.05
Canyon Dam,California,CA,False,6,Clouds,-0.45,100,1.45
Cedar Ridge,California,CA,False,6,Clouds,4.72,83,1.65
Challenge,California,CA,False,6,Clouds,3.55,78,1.76
Chico,Texas,TX,False,48,Clouds,17.51,87,4.12
Clipper Mills,California,CA,False,6,Clouds,1.61,77,2.22
Colusa,Illinois,IL,False,17,Haze,-7.76,73,2.06
Crescent Mills,California,CA,False,6,Clouds,1.61,94,0.87
Dobbins,California,CA,False,6,Clouds,5.35,91,1.44
Downieville,California,CA,False,6,Clouds,-0.14,83,2.28
Dunnigan,California,CA,False,6,Clouds,6.83,88,3.11
Durham,New Hampshire,NH,False,33,Clouds,-6.58,74,2.57
Elk Creek,Virginia,VA,False,51,Clouds,-5.99,50,3.58
Feather Falls,California,CA,False,6,Clouds,2.24,79,2.49
Forbestown,California,CA,False,6,Clouds,2.82,79,1.84
Forest Ranch,California,CA,False,6,Clouds,3.48,100,0.0
Glenn,Georgia,GA,False,13,Clouds,0.04,81,1.41
Goodyears Bar,California,CA,False,6,Clouds,3.21,81,2.37
Penn Valley,California,CA,False,6,Clouds,6.8,87,1.36
Greenville,Rhode Island,RI,False,44,Clouds,16.29,84,3.6
Gridley,Illinois,IL,False,17,Clouds,-7.14,58,2.05
Grimes,Iowa,IA,False,19,Clouds,-8.8,70,6.69
Hamilton City,California,CA,False,6,Clouds,7.61,92,0.0
Live Oak,Florida,FL,False,12,Clouds,4.99,81,0.0
Magalia,California,CA,False,6,Clouds,3.72,74,2.05
Maxwell,Indiana,IN,False,18,Clouds,-4.41,74,1.15
Meadow Valley,California,CA,False,6,Clouds,0.13,96,1.28
Meridian,New York,NY,False,36,Snow,-5.07,72,4.02
Nelson,New Hampshire,NH,False,33,Clouds,-6.22,73,3.6
Nevada City,California,CA,False,6,Clouds,5.65,81,1.54
North San Juan,California,CA,False,6,Clouds,5.09,85,1.54
Olivehurst,California,CA,False,6,Clouds,8.0,89,0.89
Oregon House,California,CA,False,6,Clouds,5.56,91,1.26
Orland,Maine,ME,False,23,Clouds,-11.11,69,2.71
Paradise,Pennsylvania,PA,False,42,Clouds,-5.74,66,5.14
Palermo,Maine,ME,False,23,Clouds,-11.4,52,3.81
Rackerby,California,CA,False,6,Clouds,5.31,83,1.2
Richvale,California,CA,False,6,Clear,9.12,81,0.0
Rough And Ready,California,CA,False,6,Clouds,5.65,88,0.89
Smartsville,California,CA,False,6,Clouds,7.43,90,0.0
Stirling City,California,CA,False,6,Clouds,4.79,40,2.25
Stonyford,California,CA,False,6,Clouds,8.31,74,0.87
Storrie,California,CA,False,6,Clouds,7.97,85,2.44
Strawberry Valley,California,CA,False,6,Clouds,1.28,79,2.4
Sutter,Illinois,IL,False,17,Clouds,-8.01,56,3.85
Taylorsville,North Carolina,NC,False,37,Clouds,-4.12,63,0.45
Twain,California,CA,False,6,Clouds,2.92,98,0.98
Willows,California,CA,False,6,Clouds,7.92,86,2.69
Yuba City,California,CA,False,6,Clouds,8.12,89,0.89
Redding,Connecticut,CT,False,9,Clouds,-3.89,57,1.79
Adin,California,CA,False,6,Clouds,2.53,87,1.53
Bella Vista,Arkansas,AR,False,5,Clouds,4.25,92,4.63
Bieber,California,CA,False,6,Clouds,1.57,88,0.93
Big Bar,California,CA,False,6,Clouds,8.79,96,0.26
Burney,California,CA,False,6,Clouds,3.83,88,0.55
Callahan,Florida,FL,False,12,Clear,2.01,80,0.0
Cassel,California,CA,False,6,Clouds,2.48,91,0.09
Castella,California,CA,False,6,Clouds,6.17,100,0.0
Shasta Lake,California,CA,False,6,Clouds,6.29,91,1.54
Chester,Massachusetts,MA,False,25,Clouds,-3.46,53,4.63
Corning,New York,NY,False,36,Clouds,-5.07,79,0.89
Cottonwood,Alabama,AL,False,1,Clouds,7.32,67,2.55
Dorris,California,CA,False,6,Clouds,2.79,92,0.9
Douglas City,California,CA,False,6,Clouds,7.78,87,1.54
Dunsmuir,California,CA,False,6,Clouds,5.49,98,0.0
Etna,New Hampshire,NH,False,33,Clouds,-10.0,76,0.89
Fall River Mills,California,CA,False,6,Clouds,0.94,93,0.73
Flournoy,California,CA,False,6,Clouds,6.77,91,1.71
Forks Of Salmon,California,CA,False,6,Clouds,7.88,96,1.29
Fort Jones,California,CA,False,6,Clouds,3.32,98,1.56
French Gulch,California,CA,False,6,Clouds,5.02,99,1.34
Gazelle,California,CA,False,6,Clouds,4.32,93,0.87
Gerber,California,CA,False,6,Clouds,8.23,87,2.57
Greenview,Illinois,IL,False,17,Snow,-5.52,67,2.7
Grenada,Mississippi,MS,False,28,Clouds,8.01,63,4.39
Happy Camp,California,CA,False,6,Clouds,7.53,98,1.07
Hat Creek,California,CA,False,6,Clouds,3.11,89,0.79
Hayfork,California,CA,False,6,Clouds,5.78,94,1.05
Hornbrook,California,CA,False,6,Clouds,5.98,87,2.06
Hyampom,California,CA,False,6,Clouds,7.88,95,1.3
Igo,California,CA,False,6,Clouds,5.85,92,1.3
Klamath River,California,CA,False,6,Clouds,5.15,98,0.89
Lakehead,California,CA,False,6,Clouds,5.66,94,1.86
Lewiston,Maine,ME,False,23,Clouds,-8.41,65,2.06
Lookout,West Virginia,WV,False,54,Clear,-11.82,64,2.02
Los Molinos,California,CA,False,6,Clouds,8.24,87,2.57
Mcarthur,California,CA,False,6,Clouds,0.91,93,0.68
Mccloud,California,CA,False,6,Clouds,3.64,97,0.0
Macdoel,California,CA,False,6,Clouds,2.78,92,1.08
Manton,Michigan,MI,False,26,Clouds,-9.6,73,5.66
Millville,Massachusetts,MA,False,25,Clouds,-9.84,31,4.08
Montague,Massachusetts,MA,False,25,Clouds,-2.99,70,1.79
Montgomery Creek,California,CA,False,6,Clouds,5.49,86,1.13
Mount Shasta,California,CA,False,6,Clouds,3.03,98,0.45
Nubieber,California,CA,False,6,Clouds,0.94,89,0.55
Oak Run,California,CA,False,6,Clouds,5.8,83,1.5
Old Station,California,CA,False,6,Clouds,0.81,92,1.86
Palo Cedro,California,CA,False,6,Clouds,7.73,91,1.54
Paskenta,California,CA,False,6,Clouds,8.22,80,1.24
Paynes Creek,California,CA,False,6,Clouds,6.59,72,1.4
Platina,California,CA,False,6,Clouds,5.44,78,1.4
Proberta,California,CA,False,6,Clouds,8.17,87,2.57
Red Bluff,California,CA,False,6,Clouds,8.07,87,2.57
Round Mountain,Texas,TX,False,48,Clear,17.88,88,4.63
Scott Bar,California,CA,False,6,Clouds,5.35,98,0.87
Seiad Valley,California,CA,False,6,Clouds,4.38,97,1.39
Shasta,California,CA,False,6,Clouds,5.8,91,1.54
Shingletown,California,CA,False,6,Clouds,5.24,70,1.28
Tehama,California,CA,False,6,Clouds,8.25,87,2.57
Trinity Center,California,CA,False,6,Clouds,3.93,100,1.54
Vina,Alabama,AL,False,1,Clouds,6.26,51,2.49
Weaverville,North Carolina,NC,False,37,Clouds,-4.42,53,0.89
Weed,New Mexico,NM,False,35,Clear,4.11,26,4.92
Whiskeytown,California,CA,False,6,Clouds,5.56,93,1.37
Whitmore,California,CA,False,6,Clouds,7.08,76,1.0
Yreka,California,CA,False,6,Clouds,3.58,98,2.06
Alturas,Florida,FL,False,12,Clear,7.72,84,2.87
Cedarville,New Jersey,NJ,False,34,Clouds,-3.88,46,4.12
Chilcoot,California,CA,False,6,Clouds,1.7,79,1.1
Clio,South Carolina,SC,False,45,Clear,-3.1,86,0.0
Coleville,California,CA,False,6,Clouds,-2.91,80,3.07
Davis Creek,California,CA,False,6,Snow,1.06,99,1.93
Doyle,Tennessee,TN,False,47,Clouds,0.08,48,0.83
Eagleville,Pennsylvania,PA,False,42,Clouds,-4.15,57,5.14
Floriston,California,CA,False,6,Clouds,1.03,80,2.14
Fort Bidwell,California,CA,False,6,Snow,1.75,91,0.45
Herlong,California,CA,False,6,Clouds,2.6,80,1.38
Janesville,Iowa,IA,False,19,Clouds,-10.45,57,4.7
Lake City,Pennsylvania,PA,False,42,Clouds,-6.95,86,1.79
Likely,California,CA,False,6,Clouds,1.76,88,2.65
Litchfield,New Hampshire,NH,False,33,Clouds,-3.35,69,3.6
Loyalton,California,CA,False,6,Clouds,1.78,95,1.22
Madeline,California,CA,False,6,Clouds,-0.23,91,1.5
Markleeville,California,CA,False,6,Clouds,-4.61,88,2.45
Milford,Massachusetts,MA,False,25,Clouds,-2.97,67,1.79
Portola,California,CA,False,6,Clouds,-2.03,91,0.29
Ravendale,California,CA,False,6,Clouds,0.76,88,0.82
Calpine,California,CA,False,6,Clouds,-2.44,91,0.83
Sierra City,California,CA,False,6,Clouds,-0.98,89,1.42
Sierraville,California,CA,False,6,Clouds,-2.25,91,1.27
Susanville,California,CA,False,6,Clear,1.91,93,0.0
Standish,Maine,ME,False,23,Clouds,-7.91,62,3.32
Beckwourth,California,CA,False,6,Clouds,-2.23,91,0.46
Termo,California,CA,False,6,Clouds,0.69,89,1.02
Topaz,California,CA,False,6,Clouds,-0.54,80,2.93
Tulelake,California,CA,False,6,Clouds,1.75,89,0.89
Vinton,Virginia,VA,False,51,Clear,-2.71,47,6.17
Wendel,Pennsylvania,PA,False,42,Clouds,-8.61,74,4.02
Westwood,Massachusetts,MA,False,25,Clouds,-2.79,63,2.24
Carnelian Bay,California,CA,False,6,Clouds,-1.06,94,0.0
Homewood,Illinois,IL,False,17,Clouds,-8.8,71,2.06
Tahoma,California,CA,False,6,Clouds,-1.51,84,1.24
Kings Beach,California,CA,False,6,Clouds,-2.26,97,0.0
Tahoe City,California,CA,False,6,Clouds,-0.39,92,0.0
Olympic Valley,California,CA,False,6,Clouds,-1.55,94,0.0
Tahoe Vista,California,CA,False,6,Clouds,-2.42,96,0.0
South Lake Tahoe,California,CA,False,6,Clouds,-2.22,88,0.0
Truckee,California,CA,False,6,Clouds,-1.36,96,0.0
Aiea,Hawaii,HI,False,15,Clouds,23.09,80,3.6
Anahola,Hawaii,HI,False,15,Clouds,22.99,78,3.6
Captain Cook,Hawaii,HI,False,15,Clouds,18.78,79,1.34
Eleele,Hawaii,HI,False,15,Clouds,23.78,80,3.79
Ewa Beach,Hawaii,HI,False,15,Clouds,23.72,77,3.6
Kapolei,Hawaii,HI,False,15,Clouds,23.5,77,3.6
Haiku,Hawaii,HI,False,15,Clouds,19.18,80,4.02
Hakalau,Hawaii,HI,False,15,Clear,19.78,91,0.45
Haleiwa,Hawaii,HI,False,15,Clear,22.64,83,0.0
Hana,Hawaii,HI,False,15,Clouds,22.76,73,4.18
Hanalei,Hawaii,HI,False,15,Clouds,23.16,80,2.24
Hanamaulu,Hawaii,HI,False,15,Clouds,22.84,78,3.6
Hanapepe,Hawaii,HI,False,15,Clouds,23.97,80,3.75
Hauula,Hawaii,HI,False,15,Clear,22.44,83,0.0
Hawi,Hawaii,HI,False,15,Clear,19.39,75,0.6
Hilo,Hawaii,HI,False,15,Clear,20.85,92,1.54
Princeville,Illinois,IL,False,17,Clouds,-7.1,76,2.36
Holualoa,Hawaii,HI,False,15,Clouds,19.7,72,2.57
Honaunau,Hawaii,HI,False,15,Clouds,21.34,77,1.34
Honokaa,Hawaii,HI,False,15,Clear,18.27,88,0.89
Honomu,Hawaii,HI,False,15,Clear,19.67,91,1.54
Kaaawa,Hawaii,HI,False,15,Clouds,22.49,87,1.51
Kahuku,Hawaii,HI,False,15,Clouds,22.65,74,1.64
Kahului,Hawaii,HI,False,15,Clouds,20.72,77,3.6
Kailua,Hawaii,HI,False,15,Clouds,22.78,84,0.45
Ocean View,New Jersey,NJ,False,34,Clear,-4.16,60,1.34
Waikoloa,Hawaii,HI,False,15,Clouds,18.87,90,0.59
Keauhou,Hawaii,HI,False,15,Clear,21.71,76,1.34
Kailua Kona,Hawaii,HI,False,15,Clouds,22.35,67,2.57
Kalaheo,Hawaii,HI,False,15,Clouds,21.83,81,3.46
Kalaupapa,Hawaii,HI,False,15,Clouds,20.82,77,2.06
Kamuela,Hawaii,HI,False,15,Clear,15.24,92,0.97
Kaneohe,Hawaii,HI,False,15,Clouds,22.66,82,1.54
Kapaa,Hawaii,HI,False,15,Clouds,23.18,78,3.6
Kaumakani,Hawaii,HI,False,15,Rain,23.64,80,3.78
Kaunakakai,Hawaii,HI,False,15,Clouds,20.84,77,2.06
Keaau,Hawaii,HI,False,15,Clear,19.36,94,1.54
Kealakekua,Hawaii,HI,False,15,Clouds,18.63,79,1.34
Kealia,Hawaii,HI,False,15,Clouds,23.18,78,3.6
Kekaha,Hawaii,HI,False,15,Rain,23.98,83,3.6
Kihei,Hawaii,HI,False,15,Clouds,21.4,74,3.6
Kilauea,Hawaii,HI,False,15,Clouds,22.57,78,2.41
Kapaau,Hawaii,HI,False,15,Clear,19.75,77,0.71
Koloa,Hawaii,HI,False,15,Clouds,22.77,78,3.6
Kualapuu,Hawaii,HI,False,15,Clouds,19.17,77,2.06
Kunia,Hawaii,HI,False,15,Clear,22.33,80,3.6
Kurtistown,Hawaii,HI,False,15,Clear,18.56,94,1.54
Lahaina,Hawaii,HI,False,15,Clouds,21.1,66,0.89
Lanai City,Hawaii,HI,False,15,Clouds,17.38,94,3.09
Laupahoehoe,Hawaii,HI,False,15,Clouds,18.91,90,1.46
Lawai,Hawaii,HI,False,15,Clouds,22.18,78,3.6
Lihue,Hawaii,HI,False,15,Clouds,22.85,78,3.6
Makawao,Hawaii,HI,False,15,Clouds,16.58,81,3.6
Maunaloa,Hawaii,HI,False,15,Clouds,18.86,77,2.06
Mountain View,Missouri,MO,False,29,Snow,-0.28,89,5.56
Naalehu,Hawaii,HI,False,15,Clear,21.14,81,1.69
Ninole,Hawaii,HI,False,15,Clouds,19.7,90,0.45
Paauilo,Hawaii,HI,False,15,Clouds,19.0,86,1.71
Pahala,Hawaii,HI,False,15,Clear,20.46,85,0.45
Pahoa,Hawaii,HI,False,15,Clear,17.76,99,2.41
Paia,Hawaii,HI,False,15,Clouds,19.81,80,4.02
Papaikou,Hawaii,HI,False,15,Clear,20.7,91,1.54
Pearl City,Illinois,IL,False,17,Clouds,-9.84,67,4.47
Pepeekeo,Hawaii,HI,False,15,Clear,20.22,93,1.54
Puunene,Hawaii,HI,False,15,Clouds,20.52,77,3.6
Volcano,California,CA,False,6,Clouds,6.03,88,1.54
Wahiawa,Hawaii,HI,False,15,Clear,20.77,86,0.0
Pukalani,Hawaii,HI,False,15,Clouds,16.8,81,3.6
Mililani,Hawaii,HI,False,15,Clear,21.32,82,3.6
Kula,Hawaii,HI,False,15,Clouds,15.17,79,3.6
Waialua,Hawaii,HI,False,15,Clear,22.63,83,0.0
Waianae,Hawaii,HI,False,15,Clear,22.99,79,3.6
Wailuku,Hawaii,HI,False,15,Clouds,20.28,77,3.6
Waimanalo,Hawaii,HI,False,15,Clouds,22.65,85,3.01
Waimea,Hawaii,HI,False,15,Clear,15.24,92,0.97
Waipahu,Hawaii,HI,False,15,Clouds,23.14,79,3.6
Antelope,Montana,MT,False,30,Clouds,-19.3,92,3.14
Aurora,Maine,ME,False,23,Clouds,-12.33,70,4.55
Beavercreek,Oregon,OR,False,41,Clouds,8.8,89,8.75
Beaverton,Alabama,AL,False,1,Clouds,6.38,57,2.53
Boring,Maryland,MD,False,24,Clear,-7.08,66,1.79
Bridal Veil,Oregon,OR,False,41,Clouds,8.02,94,5.66
Brightwood,Virginia,VA,False,51,Clear,-8.35,69,0.89
Canby,Minnesota,MN,False,27,Clear,-17.08,71,4.12
Cascade Locks,Oregon,OR,False,41,Rain,4.25,100,0.41
Clackamas,Oregon,OR,False,41,Clouds,8.86,95,4.02
Clatskanie,Oregon,OR,False,41,Clouds,8.38,96,1.67
Columbia City,Indiana,IN,False,18,Clouds,-10.44,86,4.44
Corbett,Oregon,OR,False,41,Clouds,7.38,94,5.66
Donald,Oregon,OR,False,41,Rain,8.77,94,8.75
Dufur,Oregon,OR,False,41,Snow,0.87,98,0.45
Eagle Creek,Oregon,OR,False,41,Clouds,8.75,95,0.89
Estacada,Oregon,OR,False,41,Rain,9.05,93,2.71
Fairview,New Jersey,NJ,False,34,Clouds,-2.53,51,8.23
Gervais,Oregon,OR,False,41,Clouds,8.79,82,8.75
Gladstone,New Jersey,NJ,False,34,Clouds,-3.33,58,4.63
Government Camp,Oregon,OR,False,41,Rain,2.06,82,1.58
Grass Valley,California,CA,False,6,Clouds,5.59,82,1.54
Gresham,South Carolina,SC,False,45,Clear,-2.92,42,0.11
Hood River,Oregon,OR,False,41,Rain,2.75,98,0.0
Hubbard,Ohio,OH,False,39,Clouds,-8.48,78,5.14
Lake Oswego,Oregon,OR,False,41,Clouds,8.92,95,6.71
Marylhurst,Oregon,OR,False,41,Rain,8.17,94,8.75
Maupin,Oregon,OR,False,41,Clouds,2.83,97,2.91
Molalla,Oregon,OR,False,41,Clouds,9.7,83,8.75
Moro,Illinois,IL,False,17,Snow,-3.76,83,2.57
Mosier,Oregon,OR,False,41,Rain,2.82,97,0.89
Mulino,Oregon,OR,False,41,Rain,9.69,84,8.75
Odell,Illinois,IL,False,17,Clouds,-7.45,72,2.49
Oregon City,Oregon,OR,False,41,Rain,9.31,94,8.75
Rhododendron,Oregon,OR,False,41,Clouds,6.68,88,1.71
Rufus,Oregon,OR,False,41,Clouds,4.23,97,0.79
Saint Helens,Kentucky,KY,False,21,Clouds,-3.3,50,0.55
Warren,Massachusetts,MA,False,25,Clear,-8.23,69,5.14
Deer Island,Oregon,OR,False,41,Rain,8.46,94,3.13
Sandy,Utah,UT,False,49,Clear,-0.7,79,2.68
Scappoose,Oregon,OR,False,41,Rain,8.35,94,3.09
Shaniko,Oregon,OR,False,41,Clouds,1.59,90,3.78
The Dalles,Oregon,OR,False,41,Clouds,2.97,98,0.0
Troutdale,Virginia,VA,False,51,Clouds,-7.53,60,2.93
Tualatin,Oregon,OR,False,41,Rain,8.9,94,8.75
Tygh Valley,Oregon,OR,False,41,Clouds,2.25,97,2.43
Vernonia,Oregon,OR,False,41,Rain,7.38,83,1.31
Wasco,Illinois,IL,False,17,Clear,-9.43,60,4.12
Welches,Oregon,OR,False,41,Clouds,4.65,86,1.74
West Linn,Oregon,OR,False,41,Rain,9.19,94,8.75
Wilsonville,Alabama,AL,False,1,Clouds,3.23,81,1.59
Woodburn,Kentucky,KY,False,21,Clouds,0.1,63,2.06
Happy Valley,Oregon,OR,False,41,Clouds,8.63,95,4.02
Damascus,Pennsylvania,PA,False,42,Clouds,-4.99,66,6.48
Amity,Pennsylvania,PA,False,42,Clouds,-9.43,79,3.6
Arch Cape,Oregon,OR,False,41,Clouds,11.04,99,3.58
Astoria,New York,NY,False,36,Clouds,-2.14,52,8.23
Banks,Alabama,AL,False,1,Clear,-0.35,86,0.0
Bay City,Michigan,MI,False,26,Clear,-9.77,75,5.14
Buxton,Maine,ME,False,23,Clouds,-7.83,68,2.06
Cannon Beach,Oregon,OR,False,41,Clouds,11.09,99,3.58
Cloverdale,Virginia,VA,False,51,Clouds,-7.34,75,1.89
Cornelius,North Carolina,NC,False,37,Clear,-3.76,71,0.45
Dundee,New York,NY,False,36,Clouds,-5.85,70,5.66
Forest Grove,Pennsylvania,PA,False,42,Clouds,-3.62,57,4.63
Gales Creek,Oregon,OR,False,41,Rain,8.21,97,1.79
Garibaldi,Oregon,OR,False,41,Rain,11.67,98,6.17
Gaston,North Carolina,NC,False,37,Clear,-5.08,80,2.06
Hammond,New York,NY,False,36,Snow,-7.29,90,3.85
Hebo,Oregon,OR,False,41,Clouds,11.7,97,8.05
Hillsboro,Maryland,MD,False,24,Clear,-3.99,58,3.09
Manning,South Carolina,SC,False,45,Snow,-9.46,91,9.08
Lafayette,New Jersey,NJ,False,34,Clouds,-4.03,58,2.57
Mcminnville,Tennessee,TN,False,47,Clouds,1.09,58,0.0
Manzanita,Oregon,OR,False,41,Clouds,11.25,98,4.72
Nehalem,Oregon,OR,False,41,Clouds,11.36,99,4.36
Newberg,Oregon,OR,False,41,Rain,8.67,90,8.75
North Plains,Oregon,OR,False,41,Rain,8.62,94,6.69
Oceanside,New York,NY,False,36,Clear,-2.57,54,3.13
Pacific City,Oregon,OR,False,41,Clouds,11.78,97,8.05
Rockaway Beach,Missouri,MO,False,29,Snow,0.93,92,5.14
Saint Paul,Virginia,VA,False,51,Clouds,-4.61,52,0.53
Seaside,California,CA,False,6,Clear,7.24,92,2.57
Sherwood,Maryland,MD,False,24,Clear,-6.33,62,2.24
Tillamook,Oregon,OR,False,41,Mist,11.59,98,6.17
Netarts,Oregon,OR,False,41,Mist,11.48,98,6.17
Timber,Oregon,OR,False,41,Rain,6.47,98,0.66
Tolovana Park,Oregon,OR,False,41,Clouds,11.01,99,3.58
Warrenton,Virginia,VA,False,51,Clear,-9.72,75,0.45
Wheeler,Mississippi,MS,False,28,Clouds,7.27,59,3.42
Yamhill,Oregon,OR,False,41,Clouds,8.55,87,6.17
Neskowin,Oregon,OR,False,41,Clouds,11.58,99,2.24
Portland,Maine,ME,False,23,Clouds,-7.39,68,2.06
Keizer,Oregon,OR,False,41,Clouds,8.96,80,4.47
Alsea,Oregon,OR,False,41,Clouds,8.05,96,2.99
Aumsville,Oregon,OR,False,41,Rain,8.67,86,2.24
Blodgett,Missouri,MO,False,29,Snow,0.96,64,4.63
Brownsville,Vermont,VT,False,50,Clouds,-8.34,76,0.45
Cascadia,Oregon,OR,False,41,Clouds,6.6,95,2.1
Corvallis,Montana,MT,False,30,Clouds,-3.14,89,1.24
Crabtree,Pennsylvania,PA,False,42,Clouds,-8.24,75,3.6
Crawfordsville,Indiana,IN,False,18,Clouds,-8.94,53,1.54
Dallas,Pennsylvania,PA,False,42,Clouds,-5.61,69,1.34
Depoe Bay,Oregon,OR,False,41,Clouds,10.84,96,3.13
Detroit,Maine,ME,False,23,Clouds,-9.31,53,2.57
Eddyville,Kentucky,KY,False,21,Snow,-0.31,100,3.14
Falls City,Nebraska,NE,False,31,Snow,-8.04,79,5.66
Foster,Rhode Island,RI,False,44,Clear,-3.41,63,4.02
Gates,North Carolina,NC,False,37,Clear,-3.45,68,2.2
Grand Ronde,Oregon,OR,False,41,Clouds,9.66,91,3.55
Halsey,Nebraska,NE,False,31,Snow,-13.56,91,6.49
Idanha,Oregon,OR,False,41,Clouds,4.0,100,2.03
Independence,Virginia,VA,False,51,Clouds,-6.2,51,4.02
Jefferson,Massachusetts,MA,False,25,Clouds,8.89,85,0.89
Lebanon,New Hampshire,NH,False,33,Clouds,-9.09,77,0.89
Logsden,Oregon,OR,False,41,Clouds,10.38,94,6.47
Lyons,New Jersey,NJ,False,34,Clouds,-3.1,57,4.63
Mill City,Oregon,OR,False,41,Clouds,6.19,98,0.45
Monmouth,Maine,ME,False,23,Clouds,-9.62,65,3.57
Mount Angel,Oregon,OR,False,41,Rain,8.99,82,7.24
Neotsu,Oregon,OR,False,41,Clouds,11.46,99,1.79
South Beach,Oregon,OR,False,41,Clouds,10.48,97,11.32
Lincoln City,Indiana,IN,False,18,Clouds,-1.84,64,2.57
Otis,Massachusetts,MA,False,25,Clouds,-12.26,70,0.45
Otter Rock,Oregon,OR,False,41,Clouds,10.4,97,11.32
Philomath,Oregon,OR,False,41,Clouds,8.67,90,8.23
Rickreall,Oregon,OR,False,41,Clouds,8.91,72,0.89
Saint Benedict,Pennsylvania,PA,False,42,Clouds,-10.2,86,0.45
Scio,New York,NY,False,36,Clouds,-7.76,79,5.66
Scotts Mills,Oregon,OR,False,41,Rain,9.29,89,5.36
Seal Rock,Oregon,OR,False,41,Clouds,10.45,97,11.32
Shedd,Oregon,OR,False,41,Clouds,8.63,91,8.23
Sheridan,Maine,ME,False,23,Clear,-17.25,87,2.74
Siletz,Oregon,OR,False,41,Clouds,10.37,97,11.32
Silverton,Texas,TX,False,48,Clear,5.4,53,5.9
Stayton,Oregon,OR,False,41,Clouds,8.67,94,0.89
Mehama,Oregon,OR,False,41,Rain,7.51,98,4.27
Sublimity,Oregon,OR,False,41,Rain,8.47,95,0.89
Sweet Home,Arkansas,AR,False,5,Rain,5.43,74,4.92
Gleneden Beach,Oregon,OR,False,41,Clouds,11.09,98,3.13
Tangent,Oregon,OR,False,41,Clouds,8.81,91,8.23
Tidewater,Oregon,OR,False,41,Clouds,10.16,96,6.58
Turner,Maine,ME,False,23,Clouds,-9.26,68,2.24
Waldport,Oregon,OR,False,41,Clouds,10.43,97,11.32
Willamina,Oregon,OR,False,41,Rain,9.13,94,1.79
Eugene,Missouri,MO,False,29,Snow,-2.19,92,6.22
Agness,Oregon,OR,False,41,Clouds,8.7,100,1.29
Allegany,New York,NY,False,36,Clouds,-8.86,92,2.06
Alvadore,Oregon,OR,False,41,Clouds,9.09,94,7.2
Azalea,Oregon,OR,False,41,Clouds,7.0,98,2.03
Bandon,Oregon,OR,False,41,Clouds,12.31,88,4.02
Blachly,Oregon,OR,False,41,Clouds,7.5,97,3.46
Blue River,Kentucky,KY,False,21,Clouds,-3.28,50,0.81
Broadbent,Oregon,OR,False,41,Clouds,11.48,95,2.29
Brookings,South Dakota,SD,False,46,Clear,-17.63,73,4.12
Camas Valley,Oregon,OR,False,41,Clouds,7.81,98,1.79
Canyonville,Oregon,OR,False,41,Clouds,10.32,94,1.79
Cheshire,Massachusetts,MA,False,25,Snow,-5.21,63,8.75
Coos Bay,Oregon,OR,False,41,Clouds,12.92,82,6.69
Coquille,Oregon,OR,False,41,Clouds,11.67,95,0.45
Cottage Grove,Tennessee,TN,False,47,Clouds,2.94,58,3.6
Creswell,North Carolina,NC,False,37,Clear,-2.95,73,0.89
Days Creek,Oregon,OR,False,41,Clouds,10.32,94,1.81
Deadwood,South Dakota,SD,False,46,Snow,-17.65,77,0.0
Dexter,Maine,ME,False,23,Clouds,-10.5,58,3.41
Dillard,Georgia,GA,False,13,Clouds,-3.18,57,2.13
Dorena,Oregon,OR,False,41,Clouds,7.94,96,2.76
Drain,Oregon,OR,False,41,Clouds,9.21,98,1.71
Elkton,Maryland,MD,False,24,Clear,-4.49,53,3.13
Elmira,New York,NY,False,36,Clouds,-4.49,72,5.14
Fall Creek,Wisconsin,WI,False,55,Clear,-15.73,54,2.57
Florence,Massachusetts,MA,False,25,Clouds,5.31,52,3.13
Gardiner,Maine,ME,False,23,Clear,-9.78,64,3.13
Glendale,Massachusetts,MA,False,25,Clear,11.41,30,2.06
Glide,Oregon,OR,False,41,Clouds,9.34,96,1.97
Gold Beach,Oregon,OR,False,41,Clouds,10.97,82,7.2
Idleyld Park,Oregon,OR,False,41,Clouds,7.06,87,0.89
Junction City,Georgia,GA,False,13,Clear,-0.03,64,0.0
Lakeside,Connecticut,CT,False,9,Clouds,-4.18,62,1.34
Langlois,Oregon,OR,False,41,Clouds,11.21,91,8.74
Lorane,Oregon,OR,False,41,Clouds,8.44,95,2.03
Lowell,Massachusetts,MA,False,25,Clouds,-2.78,65,5.14
Mapleton,Maine,ME,False,23,Clear,-17.24,83,1.54
Marcola,Oregon,OR,False,41,Clouds,7.54,96,0.45
Pleasant Hill,North Carolina,NC,False,37,Clouds,-3.32,58,1.91
Myrtle Creek,Oregon,OR,False,41,Clouds,10.2,93,0.45
Myrtle Point,Oregon,OR,False,41,Clouds,11.21,96,0.45
Noti,Oregon,OR,False,41,Clouds,9.04,92,3.14
Oakland,Rhode Island,RI,False,44,Clouds,-2.89,67,5.14
Oakridge,Oregon,OR,False,41,Clouds,6.45,97,2.32
Ophir,Kentucky,KY,False,21,Clouds,-5.53,52,1.28
Port Orford,Oregon,OR,False,41,Clouds,10.52,94,1.34
Powers,Michigan,MI,False,26,Clear,-10.95,60,4.17
Reedsport,Oregon,OR,False,41,Clouds,12.11,77,2.24
Riddle,Oregon,OR,False,41,Clouds,10.47,94,1.69
Roseburg,Oregon,OR,False,41,Clouds,9.51,88,0.0
Scottsburg,New York,NY,False,36,Clouds,-5.82,74,5.66
Sixes,Oregon,OR,False,41,Clouds,10.62,94,1.34
Sutherlin,Virginia,VA,False,51,Clear,-4.9,65,0.0
Swisshome,Oregon,OR,False,41,Clouds,10.29,96,4.79
Tenmile,Oregon,OR,False,41,Clouds,8.79,89,0.45
Tiller,Oregon,OR,False,41,Clouds,6.83,99,2.01
Umpqua,Oregon,OR,False,41,Clouds,9.87,59,0.0
Veneta,Oregon,OR,False,41,Clouds,9.16,93,7.2
Vida,Montana,MT,False,30,Clouds,-17.78,83,5.56
Walterville,Oregon,OR,False,41,Clouds,7.73,97,1.65
Walton,New York,NY,False,36,Clouds,-6.3,87,7.15
Wedderburn,Oregon,OR,False,41,Clouds,10.96,82,7.2
Westfir,Oregon,OR,False,41,Clouds,5.73,97,2.4
Westlake,Ohio,OH,False,39,Snow,-9.51,80,6.17
Winchester,Massachusetts,MA,False,25,Clear,-6.94,65,1.34
Winston,Georgia,GA,False,13,Clouds,-1.4,77,1.53
Wolf Creek,Montana,MT,False,30,Clouds,-8.51,88,3.84
Yachats,Oregon,OR,False,41,Clouds,10.16,97,13.41
Yoncalla,Oregon,OR,False,41,Clouds,9.62,1,1.91
Medford,Massachusetts,MA,False,25,Clouds,-1.95,60,5.14
Central Point,Oregon,OR,False,41,Clouds,6.22,95,0.0
White City,Kansas,KS,False,20,Snow,-6.4,91,8.91
Ashland,Massachusetts,MA,False,25,Clouds,-2.74,65,1.34
Butte Falls,Oregon,OR,False,41,Clouds,3.17,95,1.84
Cave Junction,Oregon,OR,False,41,Clouds,5.11,94,1.77
Eagle Point,Oregon,OR,False,41,Clouds,5.69,96,0.0
Gold Hill,North Carolina,NC,False,37,Clouds,-4.58,74,0.21
Grants Pass,Oregon,OR,False,41,Fog,7.39,92,6.69
Jacksonville,Vermont,VT,False,50,Snow,-7.4,85,2.24
Kerby,Oregon,OR,False,41,Clouds,5.25,94,1.7
Merlin,Oregon,OR,False,41,Fog,7.9,93,6.69
Murphy,North Carolina,NC,False,37,Clouds,-3.4,63,0.89
O Brien,Florida,FL,False,12,Clear,3.95,51,2.09
Prospect,Connecticut,CT,False,9,Clouds,-3.9,60,4.12
Rogue River,Oregon,OR,False,41,Clouds,6.81,92,0.0
Selma,Virginia,VA,False,51,Clear,-6.69,55,2.57
Shady Cove,Oregon,OR,False,41,Clouds,5.42,96,0.45
Talent,Oregon,OR,False,41,Clouds,5.62,94,0.0
Trail,Minnesota,MN,False,27,Clouds,-25.48,85,2.24
Wilderville,Oregon,OR,False,41,Clouds,7.42,92,0.0
Williams,South Carolina,SC,False,45,Clear,0.0,55,1.82
Klamath Falls,Oregon,OR,False,41,Clouds,2.15,99,2.57
Adel,Georgia,GA,False,13,Clear,2.58,53,1.23
Beatty,Nevada,NV,False,32,Clouds,4.22,34,3.36
Bly,Oregon,OR,False,41,Clouds,1.19,99,2.96
Bonanza,Utah,UT,False,49,Clouds,-1.16,55,2.49
Chiloquin,Oregon,OR,False,41,Clouds,2.84,93,4.02
Dairy,Oregon,OR,False,41,Clouds,2.37,94,2.57
Fort Klamath,Oregon,OR,False,41,Clouds,2.86,93,1.78
Keno,Oregon,OR,False,41,Clouds,3.01,89,2.57
Lakeview,North Carolina,NC,False,37,Clear,-4.81,67,0.0
Malin,Oregon,OR,False,41,Clouds,1.69,89,0.89
Merrill,Michigan,MI,False,26,Clear,-9.47,83,5.47
Midland,Pennsylvania,PA,False,42,Clouds,-8.4,77,3.93
New Pine Creek,Oregon,OR,False,41,Snow,1.18,92,2.7
Paisley,Florida,FL,False,12,Clear,3.01,46,1.94
Plush,Oregon,OR,False,41,Clouds,1.64,90,3.66
Silver Lake,New Hampshire,NH,False,33,Clouds,-8.05,64,3.06
Sprague River,Oregon,OR,False,41,Clouds,1.12,100,2.29
Summer Lake,Oregon,OR,False,41,Clouds,2.44,88,4.26
Christmas Valley,Oregon,OR,False,41,Clouds,1.64,89,4.83
Bend,Texas,TX,False,48,Clouds,18.6,86,11.88
Fields,Oregon,OR,False,41,Snow,1.51,99,3.65
Ashwood,Oregon,OR,False,41,Clouds,6.86,77,2.24
Brothers,Oregon,OR,False,41,Clouds,0.63,95,5.43
Burns,Tennessee,TN,False,47,Clouds,2.18,56,0.45
Princeton,Massachusetts,MA,False,25,Clouds,-3.5,58,3.6
Diamond,Ohio,OH,False,39,Clouds,-8.97,84,4.97
Camp Sherman,Oregon,OR,False,41,Clouds,2.0,94,2.49
Chemult,Oregon,OR,False,41,Snow,0.2,99,2.7
Crane,Indiana,IN,False,18,Clouds,-3.94,69,1.48
Crescent,Pennsylvania,PA,False,42,Clouds,7.9,89,0.0
Culver,Indiana,IN,False,18,Clouds,-9.96,85,3.6
Fort Rock,Oregon,OR,False,41,Clouds,1.24,97,3.59
Frenchglen,Oregon,OR,False,41,Snow,1.04,98,6.22
Gilchrist,Texas,TX,False,48,Clouds,18.34,93,4.47
Hines,Minnesota,MN,False,27,Clear,-22.85,87,3.48
La Pine,Oregon,OR,False,41,Rain,1.13,96,1.34
Madras,Oregon,OR,False,41,Clouds,5.96,78,7.2
Mitchell,Georgia,GA,False,13,Clouds,-0.25,52,2.29
Paulina,Louisiana,LA,False,22,Clouds,15.42,95,4.12
Post,Texas,TX,False,48,Clear,13.22,14,8.49
Powell Butte,Oregon,OR,False,41,Clouds,4.24,87,0.0
Prineville,Oregon,OR,False,41,Clouds,4.09,89,0.0
Riley,Indiana,IN,False,18,Clouds,-4.11,71,2.57
Sisters,Oregon,OR,False,41,Clouds,2.32,95,0.89
Terrebonne,Oregon,OR,False,41,Clouds,4.88,81,1.79
Warm Springs,Virginia,VA,False,51,Clear,-5.94,49,2.55
Pendleton,North Carolina,NC,False,37,Clear,-7.05,73,0.0
Adams,Massachusetts,MA,False,25,Snow,-4.99,59,8.75
Athena,Oregon,OR,False,41,Rain,5.53,86,3.01
Baker City,Oregon,OR,False,41,Clouds,2.84,75,3.6
Boardman,Oregon,OR,False,41,Clouds,3.82,95,1.92
Canyon City,Oregon,OR,False,41,Clouds,2.28,91,2.57
Condon,Montana,MT,False,30,Clouds,-5.11,96,1.93
Cove,Arkansas,AR,False,5,Clouds,5.08,98,3.59
Dayville,Connecticut,CT,False,9,Clouds,-2.35,62,3.13
Echo,Minnesota,MN,False,27,Clear,-15.07,61,5.14
Elgin,Pennsylvania,PA,False,42,Clouds,-9.14,91,5.89
Enterprise,West Virginia,WV,False,54,Clear,-12.16,84,2.57
Fossil,Oregon,OR,False,41,Clouds,3.19,96,3.96
Halfway,Oregon,OR,False,41,Snow,0.56,97,0.08
Helix,Oregon,OR,False,41,Clouds,4.79,90,3.13
Heppner,Oregon,OR,False,41,Clouds,7.64,82,3.13
Hereford,Pennsylvania,PA,False,42,Clouds,-4.33,60,5.36
Hermiston,Oregon,OR,False,41,Mist,3.9,95,0.0
Lexington,Massachusetts,MA,False,25,Clouds,-2.54,61,5.14
Oxbow,Maine,ME,False,23,Clouds,-15.48,86,3.69
Imbler,Oregon,OR,False,41,Rain,2.62,93,1.79
Imnaha,Oregon,OR,False,41,Clouds,2.92,91,2.44
Irrigon,Oregon,OR,False,41,Mist,3.86,95,0.0
John Day,Oregon,OR,False,41,Clouds,2.49,91,2.57
Joseph,Utah,UT,False,49,Clouds,-3.26,80,2.5
Kimberly,West Virginia,WV,False,54,Clouds,-6.92,86,1.5
Long Creek,South Carolina,SC,False,45,Clouds,-1.35,49,5.81
Lostine,Oregon,OR,False,41,Snow,-0.63,95,1.0
Meacham,Oregon,OR,False,41,Rain,2.29,99,2.24
Mikkalo,Oregon,OR,False,41,Clouds,4.26,91,1.27
Milton Freewater,Oregon,OR,False,41,Rain,7.82,81,4.63
Monument,Kansas,KS,False,20,Snow,-10.91,88,8.63
North Powder,Oregon,OR,False,41,Rain,2.99,98,2.85
Pilot Rock,Oregon,OR,False,41,Clouds,5.85,85,3.63
Prairie City,Iowa,IA,False,19,Clouds,-8.85,67,6.69
Seneca,Pennsylvania,PA,False,42,Clouds,-9.08,85,0.45
Spray,Oregon,OR,False,41,Clouds,4.48,99,2.3
Stanfield,North Carolina,NC,False,37,Clear,-0.45,28,1.34
Summerville,Pennsylvania,PA,False,42,Clouds,-9.08,80,5.27
Sumpter,Oregon,OR,False,41,Snow,0.59,98,0.76
Ukiah,California,CA,False,6,Clouds,6.45,94,0.0
Umatilla,Florida,FL,False,12,Clear,6.93,70,1.54
Unity,Maine,ME,False,23,Clouds,-12.07,53,3.46
Wallowa,Oregon,OR,False,41,Snow,-0.37,96,1.15
Weston,Massachusetts,MA,False,25,Clouds,-2.46,62,5.14
Adrian,Pennsylvania,PA,False,42,Clouds,-8.86,76,1.79
Arock,Oregon,OR,False,41,Clouds,2.05,90,4.25
Brogan,Oregon,OR,False,41,Snow,0.25,98,0.64
Drewsey,Oregon,OR,False,41,Clouds,2.14,99,2.38
Durkee,Oregon,OR,False,41,Snow,0.5,97,2.07
Harper,West Virginia,WV,False,54,Clear,-8.09,71,3.09
Huntington,Massachusetts,MA,False,25,Clouds,-7.12,88,1.16
Ironside,Oregon,OR,False,41,Snow,-0.41,98,1.87
Jamieson,Oregon,OR,False,41,Snow,0.6,95,0.53
Jordan Valley,Oregon,OR,False,41,Snow,0.35,97,3.17
Juntura,Oregon,OR,False,41,Clouds,2.46,100,1.57
Nyssa,Oregon,OR,False,41,Clouds,4.24,87,0.89
Ontario,New York,NY,False,36,Snow,-5.15,79,6.17
Vale,North Carolina,NC,False,37,Clouds,-3.72,54,1.18
Westfall,Oregon,OR,False,41,Snow,0.85,95,1.01
Auburn,Massachusetts,MA,False,25,Clear,3.15,56,1.54
Federal Way,Washington,WA,False,53,Rain,6.44,95,2.06
Bellevue,Kentucky,KY,False,21,Clouds,-4.8,69,2.57
Black Diamond,Washington,WA,False,53,Rain,5.85,92,1.34
Bothell,Washington,WA,False,53,Clouds,6.9,94,0.89
Burton,West Virginia,WV,False,54,Clear,-11.7,87,3.01
Carnation,Washington,WA,False,53,Clouds,6.66,96,0.89
Duvall,Washington,WA,False,53,Clouds,6.64,95,0.89
Edmonds,Washington,WA,False,53,Clouds,6.99,94,2.68
Enumclaw,Washington,WA,False,53,Rain,5.65,95,0.89
Fall City,Washington,WA,False,53,Clouds,6.75,92,3.58
Hobart,New York,NY,False,36,Clouds,-6.57,69,7.22
Issaquah,Washington,WA,False,53,Clouds,6.98,92,3.13
Kenmore,Washington,WA,False,53,Clouds,6.93,94,2.68
Kent,Connecticut,CT,False,9,Clouds,-3.36,57,5.62
Kirkland,Illinois,IL,False,17,Clouds,-9.84,63,0.45
Lynnwood,Washington,WA,False,53,Clouds,6.21,94,2.68
Maple Valley,Washington,WA,False,53,Rain,6.11,92,1.79
Medina,New York,NY,False,36,Snow,-5.93,82,2.68
Mercer Island,Washington,WA,False,53,Clouds,6.49,94,3.13
Mountlake Terrace,Washington,WA,False,53,Clouds,6.05,94,2.68
North Bend,Pennsylvania,PA,False,42,Clouds,-8.17,81,5.58
Pacific,Missouri,MO,False,29,Snow,-2.51,91,0.89
Preston,Connecticut,CT,False,9,Clouds,-2.88,60,0.45
Ravensdale,Washington,WA,False,53,Rain,5.91,90,1.34
Redmond,Utah,UT,False,49,Clouds,-1.2,64,0.51
Renton,Washington,WA,False,53,Clouds,7.11,94,3.13
Rollingbay,Washington,WA,False,53,Clouds,6.81,95,2.68
Seahurst,Washington,WA,False,53,Clouds,6.52,95,2.06
Snoqualmie,Washington,WA,False,53,Rain,6.11,91,3.58
Snoqualmie Pass,Washington,WA,False,53,Snow,0.83,99,1.51
Vashon,Washington,WA,False,53,Rain,6.44,94,2.06
Woodinville,Washington,WA,False,53,Clouds,6.82,94,0.89
Sammamish,Washington,WA,False,53,Clouds,6.18,94,3.13
Mill Creek,Pennsylvania,PA,False,42,Clouds,-6.21,62,3.13
Seattle,Washington,WA,False,53,Clouds,6.86,95,2.68
Bainbridge Island,Washington,WA,False,53,Clouds,6.69,96,1.34
Everett,Massachusetts,MA,False,25,Clouds,-2.05,60,3.58
Acme,Pennsylvania,PA,False,42,Haze,-10.82,83,3.09
Anacortes,Washington,WA,False,53,Clouds,6.77,92,5.66
Blakely Island,Washington,WA,False,53,Clouds,6.8,94,0.45
Arlington,Massachusetts,MA,False,25,Clouds,-2.01,60,5.14
Baring,Missouri,MO,False,29,Snow,-8.81,85,5.53
Bellingham,Massachusetts,MA,False,25,Clouds,-2.96,68,5.14
Blaine,Maine,ME,False,23,Clouds,-17.03,83,4.24
Bow,New Hampshire,NH,False,33,Clouds,-6.9,72,4.63
Burlington,Massachusetts,MA,False,25,Clear,-4.79,67,0.0
Clearlake,California,CA,False,6,Clouds,5.47,90,1.22
Clinton,Massachusetts,MA,False,25,Clouds,-3.07,64,4.12
Concrete,Washington,WA,False,53,Rain,3.91,99,0.89
Conway,Massachusetts,MA,False,25,Mist,5.16,92,3.6
Coupeville,Washington,WA,False,53,Clouds,7.61,90,5.66
Custer,Kentucky,KY,False,21,Clouds,-2.8,50,1.64
Darrington,Washington,WA,False,53,Rain,6.19,99,1.22
Deer Harbor,Washington,WA,False,53,Clouds,7.6,95,7.2
Deming,New Mexico,NM,False,35,Clear,10.94,16,4.12
Eastsound,Washington,WA,False,53,Clouds,7.32,95,7.2
Everson,Pennsylvania,PA,False,42,Clouds,-8.36,76,4.3
Ferndale,New York,NY,False,36,Clouds,-6.34,72,1.34
Freeland,Pennsylvania,PA,False,42,Clouds,-7.74,69,5.81
Friday Harbor,Washington,WA,False,53,Clouds,7.71,94,0.45
Gold Bar,Washington,WA,False,53,Rain,6.26,98,1.86
Granite Falls,North Carolina,NC,False,37,Clear,-3.26,56,2.06
Greenbank,Washington,WA,False,53,Clouds,-4.36,56,1.34
Hamilton,Massachusetts,MA,False,25,Clouds,7.12,53,0.89
Index,Washington,WA,False,53,Rain,6.53,98,1.85
La Conner,Washington,WA,False,53,Clouds,6.97,94,5.66
Lake Stevens,Washington,WA,False,53,Mist,6.06,96,0.89
Langley,South Carolina,SC,False,45,Clouds,0.3,67,2.17
Lopez Island,Washington,WA,False,53,Clouds,7.29,93,2.24
Lummi Island,Washington,WA,False,53,Clouds,6.44,95,3.09
Lyman,South Carolina,SC,False,45,Clear,-2.27,57,2.06
Lynden,Washington,WA,False,53,Mist,4.98,94,3.09
Maple Falls,Washington,WA,False,53,Rain,3.8,99,1.1
Marblemount,Washington,WA,False,53,Clouds,2.75,100,0.73
Marysville,Pennsylvania,PA,False,42,Clear,-8.65,70,6.69
Monroe,New Hampshire,NH,False,33,Snow,-10.31,82,1.24
Mount Vernon,Maine,ME,False,23,Clouds,-10.88,67,3.23
Mukilteo,Washington,WA,False,53,Clouds,6.77,95,0.89
Nooksack,Washington,WA,False,53,Mist,5.1,97,2.68
Oak Harbor,Ohio,OH,False,39,Clear,-10.61,80,4.48
Olga,Washington,WA,False,53,Clouds,7.4,94,2.68
Orcas,Washington,WA,False,53,Clouds,7.44,95,2.68
Point Roberts,Washington,WA,False,53,Clouds,6.34,99,4.4
Camano Island,Washington,WA,False,53,Clouds,6.78,95,4.47
Rockport,Massachusetts,MA,False,25,Clouds,-2.92,72,3.58
Sedro Woolley,Washington,WA,False,53,Rain,6.81,83,0.45
Shaw Island,Washington,WA,False,53,Clouds,7.4,95,0.45
Silvana,Washington,WA,False,53,Mist,6.63,97,2.24
Skykomish,Washington,WA,False,53,Rain,5.83,98,1.71
Snohomish,Washington,WA,False,53,Clouds,6.48,95,0.89
Stanwood,Michigan,MI,False,26,Clouds,-8.11,73,4.63
Startup,Washington,WA,False,53,Rain,6.37,97,1.72
Sultan,Washington,WA,False,53,Rain,6.41,96,1.49
Sumas,Washington,WA,False,53,Rain,4.99,97,2.06
Waldron,Indiana,IN,False,18,Clouds,-6.18,68,3.09
Anderson Island,Washington,WA,False,53,Mist,7.58,97,1.54
Ashford,Connecticut,CT,False,9,Clouds,-3.4,63,2.24
Bremerton,Washington,WA,False,53,Clouds,6.98,97,1.34
Silverdale,Pennsylvania,PA,False,42,Clouds,-4.1,58,5.14
Brinnon,Washington,WA,False,53,Clouds,5.46,96,1.1
Buckley,Michigan,MI,False,26,Clouds,-9.71,75,4.76
Burley,Idaho,ID,False,16,Clouds,1.98,80,2.57
Carbonado,Washington,WA,False,53,Clouds,4.95,94,1.45
Carlsborg,Washington,WA,False,53,Clouds,6.44,96,0.0
Chimacum,Washington,WA,False,53,Clouds,7.44,90,3.6
Clallam Bay,Washington,WA,False,53,Clouds,7.16,97,3.04
Dupont,Ohio,OH,False,39,Clouds,-11.94,71,4.41
Eatonville,Washington,WA,False,53,Rain,6.88,72,4.92
Gig Harbor,Washington,WA,False,53,Rain,6.7,92,0.46
Elbe,Washington,WA,False,53,Rain,5.56,70,4.92
Forks,Washington,WA,False,53,Mist,6.62,99,0.0
Fox Island,Washington,WA,False,53,Clouds,6.9,94,1.54
Glenoma,Washington,WA,False,53,Rain,6.12,88,2.21
Graham,North Carolina,NC,False,37,Clear,-4.79,67,0.0
Port Hadlock,Washington,WA,False,53,Clouds,7.41,95,3.6
Hansville,Washington,WA,False,53,Clouds,7.41,96,2.24
Indianola,Pennsylvania,PA,False,42,Clouds,-8.21,71,1.34
Joyce,Louisiana,LA,False,22,Clouds,14.03,92,4.55
Kapowsin,Washington,WA,False,53,Rain,6.21,95,2.49
Keyport,New Jersey,NJ,False,34,Clear,-2.73,56,2.68
Kingston,Massachusetts,MA,False,25,Clouds,-2.36,62,5.14
La Grande,Oregon,OR,False,41,Rain,2.31,91,3.03
Lakebay,Washington,WA,False,53,Clouds,7.17,93,0.45
La Push,Washington,WA,False,53,Mist,8.33,93,0.0
Longbranch,Washington,WA,False,53,Clouds,7.36,98,0.45
Sumner,Maine,ME,False,23,Clouds,-10.12,67,3.87
Manchester,Massachusetts,MA,False,25,Clouds,-4.82,72,3.6
Milton,Massachusetts,MA,False,25,Clouds,-2.41,61,1.79
Mineral,Virginia,VA,False,51,Clear,-8.09,69,1.54
Morton,New York,NY,False,36,Snow,-5.72,66,1.79
Neah Bay,Washington,WA,False,53,Clouds,7.74,91,4.81
Nordland,Washington,WA,False,53,Clouds,7.71,95,7.15
Olalla,Washington,WA,False,53,Rain,6.49,94,2.06
Orting,Washington,WA,False,53,Clouds,6.99,92,1.25
Packwood,Iowa,IA,False,19,Clouds,-7.99,77,3.6
Port Angeles,Washington,WA,False,53,Clouds,6.82,89,1.54
Port Gamble,Washington,WA,False,53,Clouds,7.32,95,5.81
Port Ludlow,Washington,WA,False,53,Clouds,7.47,96,5.81
Port Orchard,Washington,WA,False,53,Clouds,6.76,97,0.89
Port Townsend,Washington,WA,False,53,Clouds,7.53,95,7.15
Poulsbo,Washington,WA,False,53,Clouds,6.94,95,1.79
Puyallup,Washington,WA,False,53,Clouds,7.22,94,1.54
Quilcene,Washington,WA,False,53,Clouds,6.9,94,1.44
Randle,Washington,WA,False,53,Rain,4.57,99,1.59
Retsil,Washington,WA,False,53,Clouds,7.05,98,0.89
Sekiu,Washington,WA,False,53,Clouds,7.18,98,2.54
Sequim,Washington,WA,False,53,Clouds,6.64,96,3.04
South Colby,Washington,WA,False,53,Clouds,7.02,95,2.06
South Prairie,Washington,WA,False,53,Clouds,6.41,93,0.89
Southworth,Washington,WA,False,53,Clouds,7.01,95,2.06
Spanaway,Washington,WA,False,53,Clouds,6.56,94,1.54
Steilacoom,Washington,WA,False,53,Mist,7.11,97,1.54
Bonney Lake,Washington,WA,False,53,Clouds,6.13,94,0.33
Suquamish,Washington,WA,False,53,Clouds,7.09,95,1.79
Tracyton,Washington,WA,False,53,Clouds,6.79,97,1.34
Vaughn,Montana,MT,False,30,Clear,-15.4,100,1.54
Wilkeson,Washington,WA,False,53,Clouds,5.66,93,1.21
Longmire,Washington,WA,False,53,Rain,3.92,96,1.08
Tacoma,Washington,WA,False,53,Rain,7.16,94,1.54
Camp Murray,Washington,WA,False,53,Mist,6.91,96,1.54
Lakewood,New Jersey,NJ,False,34,Clouds,-3.24,57,7.2
University Place,Washington,WA,False,53,Clouds,6.99,94,1.54
Lacey,Washington,WA,False,53,Rain,7.38,97,3.6
Tumwater,Washington,WA,False,53,Rain,7.44,97,3.6
Aberdeen,Maryland,MD,False,24,Clear,-5.92,66,5.49
Adna,Washington,WA,False,53,Rain,7.89,99,3.09
Allyn,Washington,WA,False,53,Rain,7.28,94,0.89
Amanda Park,Washington,WA,False,53,Rain,6.1,94,1.72
Bay Center,Washington,WA,False,53,Clouds,10.0,100,0.89
Belfair,Washington,WA,False,53,Rain,6.53,99,0.89
Bucoda,Washington,WA,False,53,Rain,7.65,97,3.6
Centralia,Illinois,IL,False,17,Snow,-2.13,65,4.12
Chehalis,Washington,WA,False,53,Rain,7.76,98,3.09
Cinebar,Washington,WA,False,53,Rain,5.6,94,1.79
Copalis Beach,Washington,WA,False,53,Clouds,8.68,96,0.45
Copalis Crossing,Washington,WA,False,53,Mist,8.35,96,0.45
Cosmopolis,Washington,WA,False,53,Rain,8.44,97,0.0
Curtis,Michigan,MI,False,26,Snow,-6.68,90,5.1
Doty,Washington,WA,False,53,Rain,7.59,98,2.31
East Olympia,Washington,WA,False,53,Rain,7.42,97,3.6
Elma,New York,NY,False,36,Clouds,-6.02,71,9.77
Ethel,West Virginia,WV,False,54,Clouds,-7.76,93,1.4
Galvin,Washington,WA,False,53,Rain,7.82,98,3.09
Grapeview,Washington,WA,False,53,Rain,7.4,94,0.89
Grayland,Washington,WA,False,53,Clouds,9.82,96,6.36
Hoodsport,Washington,WA,False,53,Mist,6.35,96,2.57
Hoquiam,Washington,WA,False,53,Rain,8.46,98,0.0
Humptulips,Washington,WA,False,53,Clouds,6.94,99,1.71
Lebam,Washington,WA,False,53,Clouds,10.48,99,2.8
Lilliwaup,Washington,WA,False,53,Rain,6.0,99,0.95
Littlerock,California,CA,False,6,Clear,3.53,56,1.54
Mccleary,Washington,WA,False,53,Rain,7.26,97,0.45
Mckenna,Washington,WA,False,53,Rain,7.43,97,0.0
Malone,New York,NY,False,36,Snow,-10.03,94,3.52
Matlock,Iowa,IA,False,19,Clouds,-13.03,62,8.23
Menlo,Georgia,GA,False,13,Clouds,0.79,57,0.93
Moclips,Washington,WA,False,53,Rain,7.04,99,0.89
Montesano,Washington,WA,False,53,Rain,8.16,97,1.34
Mossyrock,Washington,WA,False,53,Rain,6.02,94,1.79
Napavine,Washington,WA,False,53,Rain,7.16,99,3.09
Neilton,Washington,WA,False,53,Rain,6.38,94,1.66
Oakville,Connecticut,CT,False,9,Clouds,-3.1,61,4.12
Ocean Shores,Washington,WA,False,53,Mist,9.44,95,1.79
Onalaska,Wisconsin,WI,False,55,Clear,-12.32,48,3.6
Pacific Beach,Washington,WA,False,53,Rain,8.2,98,4.35
Pe Ell,Washington,WA,False,53,Clouds,7.51,99,2.29
Quinault,Washington,WA,False,53,Rain,6.5,94,1.65
Rainier,Oregon,OR,False,41,Clouds,8.7,95,5.14
Raymond,New Hampshire,NH,False,33,Clouds,-6.06,73,4.41
Rochester,Massachusetts,MA,False,25,Snow,-5.26,76,7.2
Roy,Montana,MT,False,30,Clouds,-15.45,99,3.42
Ryderwood,Washington,WA,False,53,Clouds,7.62,99,1.56
Salkum,Washington,WA,False,53,Clouds,6.24,96,1.71
Satsop,Washington,WA,False,53,Rain,7.63,97,1.04
Shelton,Connecticut,CT,False,9,Clear,-2.47,58,5.66
Silver Creek,New York,NY,False,36,Clouds,-4.98,67,8.23
South Bend,Indiana,IN,False,18,Clear,-9.26,79,4.63
Taholah,Washington,WA,False,53,Rain,6.86,100,5.66
Tahuya,Washington,WA,False,53,Mist,6.96,96,2.57
Tenino,Washington,WA,False,53,Rain,7.55,97,3.6
Tokeland,Washington,WA,False,53,Rain,10.01,100,0.89
Toledo,Ohio,OH,False,39,Clear,-9.73,79,4.12
Union,New Hampshire,NH,False,33,Clouds,-7.33,62,2.68
Vader,Washington,WA,False,53,Clouds,7.84,98,1.88
Westport,Massachusetts,MA,False,25,Clear,-2.6,55,5.66
Winlock,Washington,WA,False,53,Clouds,7.43,98,2.43
Yelm,Washington,WA,False,53,Rain,7.29,99,0.0
Amboy,Indiana,IN,False,18,Clouds,-10.14,82,3.6
Appleton,New York,NY,False,36,Snow,-5.39,81,11.25
Ariel,Washington,WA,False,53,Clouds,7.73,98,1.79
Battle Ground,Indiana,IN,False,18,Clouds,-8.53,79,1.81
Bingen,Washington,WA,False,53,Rain,2.37,98,0.0
Brush Prairie,Washington,WA,False,53,Clouds,7.97,97,3.09
Camas,Washington,WA,False,53,Rain,8.42,95,1.79
Carrolls,Washington,WA,False,53,Clouds,8.68,94,5.14
Carson,Virginia,VA,False,51,Clear,-5.61,52,1.99
Castle Rock,Minnesota,MN,False,27,Clear,-14.99,47,3.6
Cathlamet,Washington,WA,False,53,Clouds,8.6,100,0.58
Centerville,Massachusetts,MA,False,25,Haze,-8.95,73,4.63
Chinook,Montana,MT,False,30,Clouds,-13.7,84,6.93
Cougar,Washington,WA,False,53,Rain,8.61,99,1.36
Dallesport,Washington,WA,False,53,Clouds,2.72,97,0.0
Glenwood,New Jersey,NJ,False,34,Clouds,-3.64,57,2.57
Goldendale,Washington,WA,False,53,Clouds,1.02,95,0.53
Grays River,Washington,WA,False,53,Clouds,10.7,99,3.21
Heisson,Washington,WA,False,53,Clouds,7.71,98,2.68
Husum,Washington,WA,False,53,Rain,2.86,74,0.0
Ilwaco,Washington,WA,False,53,Clouds,9.42,99,6.69
Kalama,Washington,WA,False,53,Clouds,8.48,93,5.14
Kelso,Tennessee,TN,False,47,Rain,8.67,95,5.14
Klickitat,Washington,WA,False,53,Clouds,2.19,97,0.86
La Center,Kentucky,KY,False,21,Snow,0.53,73,4.63
Long Beach,New York,NY,False,36,Clear,-2.55,54,4.47
Longview,Illinois,IL,False,17,Clouds,-5.79,51,1.53
Lyle,Minnesota,MN,False,27,Clear,-13.92,62,3.09
Nahcotta,Washington,WA,False,53,Clouds,9.42,97,6.97
Naselle,Washington,WA,False,53,Clouds,9.97,99,5.36
North Bonneville,Washington,WA,False,53,Rain,5.33,97,0.32
Ocean Park,Maine,ME,False,23,Clouds,-7.06,68,2.06
Oysterville,Washington,WA,False,53,Clouds,10.01,100,7.08
Ridgefield,Connecticut,CT,False,9,Clouds,-3.8,58,3.13
Rosburg,Washington,WA,False,53,Clouds,10.37,100,3.72
Seaview,Virginia,VA,False,51,Clear,-3.34,69,6.3
Skamokawa,Washington,WA,False,53,Clouds,10.66,99,1.74
Stevenson,Connecticut,CT,False,9,Clouds,-2.9,58,4.12
Toutle,Washington,WA,False,53,Clouds,7.08,98,2.99
Trout Lake,Michigan,MI,False,26,Clouds,-7.98,88,5.46
Underwood,Indiana,IN,False,18,Clouds,-3.39,62,0.98
Vancouver,Washington,WA,False,53,Clouds,8.75,95,3.09
Wahkiacus,Washington,WA,False,53,Clouds,2.1,97,0.81
Washougal,Washington,WA,False,53,Rain,8.28,94,5.66
White Salmon,Washington,WA,False,53,Rain,1.79,98,0.0
Wishram,Washington,WA,False,53,Clouds,3.17,97,0.89
Woodland,Pennsylvania,PA,False,42,Clouds,2.63,62,1.07
Yacolt,Washington,WA,False,53,Rain,7.22,98,2.68
Wenatchee,Washington,WA,False,53,Snow,1.14,95,0.05
East Wenatchee,Washington,WA,False,53,Snow,0.97,95,0.05
Ardenvoir,Washington,WA,False,53,Snow,0.16,97,0.61
Brewster,Massachusetts,MA,False,25,Snow,-11.65,90,7.85
Bridgeport,Connecticut,CT,False,9,Clear,-2.54,56,5.66
Carlton,Pennsylvania,PA,False,42,Clouds,-8.55,87,0.45
Cashmere,Washington,WA,False,53,Snow,0.83,95,0.58
Chelan,Washington,WA,False,53,Clouds,2.84,99,1.36
Chelan Falls,Washington,WA,False,53,Clouds,3.56,99,1.38
Conconully,Washington,WA,False,53,Mist,-1.0,100,0.0
Dryden,Maine,ME,False,23,Clouds,-10.29,67,3.53
Entiat,Washington,WA,False,53,Clouds,1.18,97,0.89
Ephrata,Pennsylvania,PA,False,42,Clouds,-5.83,66,5.14
George,Iowa,IA,False,19,Clouds,-13.07,70,5.23
Leavenworth,Indiana,IN,False,18,Clouds,-2.72,41,1.47
Loomis,Nebraska,NE,False,31,Snow,-13.37,91,6.69
Malaga,New Jersey,NJ,False,34,Clear,-3.74,58,6.37
Malott,Washington,WA,False,53,Snow,1.48,1,0.22
Mansfield,Massachusetts,MA,False,25,Clear,-11.78,84,4.12
Manson,North Carolina,NC,False,37,Clouds,-3.83,49,3.0
Marlin,Texas,TX,False,48,Clouds,19.66,86,9.29
Mazama,Washington,WA,False,53,Clouds,-2.19,99,0.89
Methow,Washington,WA,False,53,Snow,0.97,99,0.42
Monitor,Washington,WA,False,53,Snow,1.01,96,0.5
Moses Lake,Washington,WA,False,53,Mist,2.2,100,0.0
Okanogan,Washington,WA,False,53,Mist,1.9,100,0.0
Omak,Washington,WA,False,53,Mist,1.89,100,0.0
Orondo,Washington,WA,False,53,Clouds,1.18,97,0.75
Oroville,California,CA,False,6,Clear,7.76,85,0.45
Palisades,New York,NY,False,36,Clouds,-2.44,52,5.14
Pateros,Washington,WA,False,53,Snow,0.81,51,1.06
Peshastin,Washington,WA,False,53,Snow,0.79,99,0.22
Quincy,Massachusetts,MA,False,25,Clouds,-2.23,62,1.79
Riverside,Rhode Island,RI,False,44,Clear,-2.48,59,6.17
Rock Island,Tennessee,TN,False,47,Clouds,2.16,55,0.45
Soap Lake,Washington,WA,False,53,Clouds,1.52,96,1.58
Stehekin,Washington,WA,False,53,Rain,2.71,98,1.17
Stratford,Connecticut,CT,False,9,Clear,-2.45,56,5.66
Tonasket,Washington,WA,False,53,Clouds,1.65,97,0.41
Twisp,Washington,WA,False,53,Mist,-0.19,98,0.0
Warden,Washington,WA,False,53,Rain,2.46,91,1.48
Waterville,Maine,ME,False,23,Clear,-10.78,66,2.57
Wauconda,Illinois,IL,False,17,Clouds,-9.86,50,2.24
Wilson Creek,Washington,WA,False,53,Snow,1.73,90,1.87
Winthrop,Massachusetts,MA,False,25,Clouds,-1.85,59,6.17
Yakima,Washington,WA,False,53,Mist,1.31,95,1.54
Brownstown,Pennsylvania,PA,False,42,Clouds,-5.93,65,5.14
Buena,New Jersey,NJ,False,34,Clear,-3.87,63,6.19
Cle Elum,Washington,WA,False,53,Snow,-0.33,97,0.83
Cowiche,Washington,WA,False,53,Mist,-0.23,96,0.0
Easton,Massachusetts,MA,False,25,Clear,-3.92,59,3.09
Ellensburg,Washington,WA,False,53,Snow,-0.11,94,0.0
Grandview,Tennessee,TN,False,47,Mist,0.93,100,0.0
Granger,Indiana,IN,False,18,Clouds,-9.37,82,4.63
Harrah,Oklahoma,OK,False,40,Clouds,9.63,92,5.36
Kittitas,Washington,WA,False,53,Snow,-0.63,96,0.71
Mabton,Washington,WA,False,53,Mist,1.07,100,0.0
Moxee,Washington,WA,False,53,Mist,1.31,95,1.54
Naches,Washington,WA,False,53,Snow,0.4,96,1.45
Outlook,Montana,MT,False,30,Clouds,-19.23,89,3.65
Parker,Pennsylvania,PA,False,42,Clouds,-8.77,79,0.89
Ronald,Washington,WA,False,53,Snow,-1.15,97,1.39
Roslyn,New York,NY,False,36,Clouds,-2.66,54,8.23
Selah,Washington,WA,False,53,Mist,1.35,94,1.54
South Cle Elum,Washington,WA,False,53,Snow,-0.34,97,0.83
Sunnyside,New York,NY,False,36,Clouds,-2.19,52,8.23
Thorp,Wisconsin,WI,False,55,Clouds,-18.31,65,4.61
Tieton,Washington,WA,False,53,Snow,-0.57,96,0.99
Toppenish,Washington,WA,False,53,Clouds,1.64,99,0.78
Vantage,Washington,WA,False,53,Snow,1.3,99,1.5
Wapato,Washington,WA,False,53,Mist,1.6,95,0.0
White Swan,Washington,WA,False,53,Clouds,1.43,96,1.17
Zillah,Washington,WA,False,53,Clouds,1.3,100,0.47
Airway Heights,Washington,WA,False,53,Rain,1.42,90,2.57
Chattaroy,West Virginia,WV,False,54,Clouds,-3.73,52,0.62
Cheney,Kansas,KS,False,20,Snow,-1.7,96,8.37
Colbert,Georgia,GA,False,13,Clear,1.24,46,2.06
Deer Park,New York,NY,False,36,Clear,-2.6,54,7.72
Edwall,Washington,WA,False,53,Snow,1.57,99,2.79
Elk,California,CA,False,6,Clouds,8.22,97,1.61
Fairfield,Maine,ME,False,23,Clear,-10.83,66,2.57
Ford,Virginia,VA,False,51,Clear,-8.75,78,0.0
Four Lakes,Washington,WA,False,53,Rain,1.62,95,2.57
Greenacres,Florida,FL,False,12,Clouds,13.0,91,2.57
Lamont,Florida,FL,False,12,Clouds,6.03,53,1.52
Latah,Washington,WA,False,53,Rain,1.93,100,2.5
Liberty Lake,Washington,WA,False,53,Snow,1.47,90,0.45
Mead,Nebraska,NE,False,31,Clouds,-9.15,71,8.75
Medical Lake,Washington,WA,False,53,Rain,1.76,95,2.57
Mica,Washington,WA,False,53,Snow,1.43,71,2.24
Newman Lake,Washington,WA,False,53,Rain,1.49,97,2.57
Nine Mile Falls,Washington,WA,False,53,Rain,2.27,84,2.57
Otis Orchards,Washington,WA,False,53,Snow,1.34,92,0.45
Reardan,Washington,WA,False,53,Rain,1.82,93,2.06
Rockford,Alabama,AL,False,1,Clouds,2.31,43,2.03
Spangle,Washington,WA,False,53,Rain,1.97,43,3.13
Sprague,Nebraska,NE,False,31,Snow,-10.14,88,7.42
Tekoa,Washington,WA,False,53,Snow,1.23,100,1.96
Tumtum,Washington,WA,False,53,Snow,1.84,53,0.84
Valleyford,Washington,WA,False,53,Snow,1.57,63,2.24
Veradale,Washington,WA,False,53,Rain,1.86,89,1.24
Waverly,New York,NY,False,36,Snow,-10.05,93,3.47
Wellpinit,Washington,WA,False,53,Snow,-0.36,100,1.27
Addy,Washington,WA,False,53,Snow,0.51,96,0.85
Albion,Rhode Island,RI,False,44,Clouds,-2.55,65,5.14
Almira,Washington,WA,False,53,Clouds,1.57,98,2.27
Belmont,Massachusetts,MA,False,25,Clouds,7.92,90,0.89
Benge,Washington,WA,False,53,Rain,3.81,96,2.89
Boyds,Maryland,MD,False,24,Clear,-6.13,62,5.14
Chewelah,Washington,WA,False,53,Clouds,0.53,100,0.99
Clayton,New Jersey,NJ,False,34,Clear,-3.63,55,1.79
Colfax,West Virginia,WV,False,54,Clear,-10.85,80,2.57
Colton,New York,NY,False,36,Snow,-9.67,92,0.0
Colville,Washington,WA,False,53,Clouds,0.83,97,0.44
Coulee City,Washington,WA,False,53,Rain,2.07,95,1.88
Coulee Dam,Washington,WA,False,53,Snow,1.44,100,0.83
Creston,West Virginia,WV,False,54,Clouds,-8.22,79,1.94
Curlew,Iowa,IA,False,19,Clouds,-12.23,64,5.46
Cusick,Washington,WA,False,53,Snow,1.01,100,0.66
Danville,New Hampshire,NH,False,33,Clouds,-5.09,71,0.89
Davenport,New York,NY,False,36,Clouds,-6.29,76,7.38
Electric City,Washington,WA,False,53,Snow,1.32,100,0.89
Elmer City,Washington,WA,False,53,Snow,1.39,100,0.64
Endicott,New York,NY,False,36,Clouds,-5.26,70,8.75
Evans,West Virginia,WV,False,54,Clouds,-9.97,91,1.71
Farmington,New Hampshire,NH,False,33,Clouds,-7.05,72,3.58
Fruitland,Maryland,MD,False,24,Clear,-5.57,68,4.59
Garfield,New Jersey,NJ,False,34,Clouds,-2.23,52,5.66
Gifford,Pennsylvania,PA,False,42,Mist,-8.6,85,4.12
Grand Coulee,Washington,WA,False,53,Snow,1.03,100,0.93
Harrington,Maine,ME,False,23,Clouds,-9.63,57,4.83
Hartline,Washington,WA,False,53,Snow,1.34,97,1.91
Hay,Washington,WA,False,53,Rain,4.6,94,2.32
Hunters,Washington,WA,False,53,Snow,1.77,100,0.86
Inchelium,Washington,WA,False,53,Clouds,-0.01,99,0.89
Ione,California,CA,False,6,Clouds,8.72,100,2.06
Keller,Virginia,VA,False,51,Clear,-2.99,54,6.69
Kettle Falls,Washington,WA,False,53,Clouds,0.71,100,0.16
Lacrosse,Washington,WA,False,53,Rain,3.9,94,3.26
Lamona,Washington,WA,False,53,Rain,2.41,98,2.58
Laurier,Washington,WA,False,53,Clouds,0.92,99,0.76
Loon Lake,Washington,WA,False,53,Mist,0.91,96,0.0
Malden,Massachusetts,MA,False,25,Clouds,-1.97,60,5.14
Malo,Washington,WA,False,53,Clouds,-3.5,97,1.2
Marcus,Iowa,IA,False,19,Clouds,-11.48,36,5.37
Metaline,Washington,WA,False,53,Snow,-0.35,99,0.76
Metaline Falls,Washington,WA,False,53,Snow,0.95,99,0.76
Mohler,Washington,WA,False,53,Clouds,1.9,99,2.63
Nespelem,Washington,WA,False,53,Snow,0.72,99,0.39
Newport,Rhode Island,RI,False,44,Clouds,-2.5,59,6.17
Northport,New York,NY,False,36,Clouds,-2.55,55,5.36
Oakesdale,Washington,WA,False,53,Snow,1.33,95,3.59
Odessa,New York,NY,False,36,Clouds,-6.04,75,7.0
Orient,Maine,ME,False,23,Clouds,-12.81,67,3.72
Palouse,Washington,WA,False,53,Rain,1.3,97,3.09
Pullman,West Virginia,WV,False,54,Clouds,-11.18,86,0.89
Republic,Pennsylvania,PA,False,42,Clouds,-8.89,63,1.79
Rice,Virginia,VA,False,51,Clear,-3.25,49,3.04
Ritzville,Washington,WA,False,53,Rain,3.38,97,2.51
Rosalia,Kansas,KS,False,20,Mist,-1.99,95,5.66
Saint John,Indiana,IN,False,18,Clouds,-1.33,63,2.57
Springdale,Pennsylvania,PA,False,42,Clouds,-8.08,67,1.34
Steptoe,Washington,WA,False,53,Snow,1.62,95,4.15
Thornton,New Hampshire,NH,False,33,Clouds,-9.5,73,2.06
Uniontown,Pennsylvania,PA,False,42,Clouds,-9.61,44,0.89
Usk,Washington,WA,False,53,Snow,1.01,100,0.66
Valley,Alabama,AL,False,1,Clouds,0.15,60,1.79
Wilbur,Oregon,OR,False,41,Clouds,9.63,64,0.0
Spokane,Missouri,MO,False,29,Snow,-0.23,93,0.89
Pasco,Washington,WA,False,53,Rain,3.02,98,2.57
Benton City,Missouri,MO,False,29,Snow,-4.9,92,5.66
Beverly,Massachusetts,MA,False,25,Clouds,-2.1,64,3.13
Bickleton,Washington,WA,False,53,Snow,0.74,100,2.41
Burbank,Ohio,OH,False,39,Clear,-11.66,84,4.12
College Place,Washington,WA,False,53,Rain,8.28,81,5.36
Connell,Washington,WA,False,53,Rain,3.33,99,1.64
Dayton,New Jersey,NJ,False,34,Clear,-3.24,57,2.24
Dixie,West Virginia,WV,False,54,Clouds,-9.05,91,1.28
Eltopia,Washington,WA,False,53,Rain,2.83,55,0.62
Hooper,Nebraska,NE,False,31,Clouds,-9.43,72,5.66
Kahlotus,Washington,WA,False,53,Rain,6.49,87,2.87
Kennewick,Washington,WA,False,53,Rain,3.01,98,2.57
Lind,Washington,WA,False,53,Clouds,3.88,95,2.23
Mesa,Colorado,CO,False,8,Clear,10.1,38,2.06
Othello,Washington,WA,False,53,Rain,2.94,89,1.21
Paterson,New Jersey,NJ,False,34,Clouds,-2.24,53,5.66
Plymouth,Massachusetts,MA,False,25,Clouds,-2.33,62,5.14
Pomeroy,Pennsylvania,PA,False,42,Clouds,-5.73,63,3.6
Prescott,Michigan,MI,False,26,Clouds,-7.86,64,5.79
Mattawa,Washington,WA,False,53,Clouds,2.39,95,1.48
Prosser,Washington,WA,False,53,Clouds,2.67,99,1.29
Richland,New Jersey,NJ,False,34,Clear,-3.69,59,5.97
West Richland,Washington,WA,False,53,Rain,3.02,95,2.57
Roosevelt,New Jersey,NJ,False,34,Clear,-3.45,57,2.24
Royal City,Washington,WA,False,53,Rain,2.7,88,1.68
Starbuck,Minnesota,MN,False,27,Clear,-18.56,60,4.12
Touchet,Washington,WA,False,53,Rain,8.21,86,2.19
Waitsburg,Washington,WA,False,53,Rain,7.86,85,2.2
Walla Walla,Washington,WA,False,53,Rain,8.11,79,4.92
Wallula,Washington,WA,False,53,Rain,3.53,93,1.39
Washtucna,Washington,WA,False,53,Rain,4.68,96,0.89
Anatone,Washington,WA,False,53,Clouds,1.81,85,2.45
Asotin,Washington,WA,False,53,Clouds,4.96,93,1.54
Clarkston,Georgia,GA,False,13,Clouds,-0.45,37,0.83
Anchorage,Alaska,AK,False,2,Clouds,-8.72,63,6.69
Indian,Alaska,AK,False,2,Clouds,-9.01,76,2.08
Kongiganak,Alaska,AK,False,2,Snow,-10.64,88,8.38
Adak,Alaska,AK,False,2,Rain,2.99,93,6.69
Atka,Alaska,AK,False,2,Rain,3.89,100,4.63
Chignik Lake,Alaska,AK,False,2,Snow,1.38,98,4.41
Port Heiden,Alaska,AK,False,2,Rain,0.99,93,8.75
Port Lions,Alaska,AK,False,2,Rain,3.94,98,3.42
Akiachak,Alaska,AK,False,2,Clouds,-13.0,66,7.72
Akiak,Alaska,AK,False,2,Clouds,-13.01,66,7.72
Akutan,Alaska,AK,False,2,Rain,3.8,95,8.2
Alakanuk,Alaska,AK,False,2,Clouds,-12.01,67,8.75
Aleknagik,Alaska,AK,False,2,Clouds,-8.93,71,5.02
Anchor Point,Alaska,AK,False,2,Clouds,-6.11,73,10.43
Aniak,Alaska,AK,False,2,Clouds,-13.99,56,2.06
Anvik,Alaska,AK,False,2,Clouds,-15.55,60,6.17
Bethel,Maine,ME,False,23,Clouds,-10.15,67,2.78
Chefornak,Alaska,AK,False,2,Clouds,-14.12,91,9.0
Chevak,Alaska,AK,False,2,Clear,-13.99,72,11.32
Chignik,Alaska,AK,False,2,Snow,1.75,98,9.46
Chitina,Alaska,AK,False,2,Clouds,-21.28,99,0.59
Chugiak,Alaska,AK,False,2,Clouds,-9.56,85,0.0
Clam Gulch,Alaska,AK,False,2,Clouds,-9.69,77,5.64
Clarks Point,Alaska,AK,False,2,Clear,-7.9,73,11.83
Cold Bay,Alaska,AK,False,2,Rain,4.05,81,11.32
Cooper Landing,Alaska,AK,False,2,Clouds,-3.84,94,2.29
Copper Center,Alaska,AK,False,2,Clouds,-22.23,82,0.1
Cordova,Maryland,MD,False,24,Clear,-4.04,58,3.6
Crooked Creek,Alaska,AK,False,2,Clouds,-22.75,92,1.88
Dillingham,Alaska,AK,False,2,Clear,-9.01,67,8.23
Eagle River,Wisconsin,WI,False,55,Clear,-18.01,78,3.09
Eek,Alaska,AK,False,2,Clouds,-10.73,80,7.69
Egegik,Alaska,AK,False,2,Clear,-4.92,86,3.09
Ekwok,Alaska,AK,False,2,Clear,-15.53,72,7.2
Emmonak,Alaska,AK,False,2,Clouds,-12.0,67,8.75
False Pass,Alaska,AK,False,2,Rain,5.25,81,3.6
Marshall,Virginia,VA,False,51,Clouds,-10.16,91,1.83
Gakona,Alaska,AK,False,2,Snow,-22.79,83,0.0
Girdwood,Alaska,AK,False,2,Snow,-6.98,96,3.18
Glennallen,Alaska,AK,False,2,Snow,-22.73,79,0.0
Goodnews Bay,Alaska,AK,False,2,Clouds,-2.03,74,10.29
Grayling,Michigan,MI,False,26,Snow,-8.97,86,4.12
Saint George Island,Alaska,AK,False,2,Snow,-1.22,88,15.03
Holy Cross,Iowa,IA,False,19,Clouds,-11.28,31,4.51
Homer,New York,NY,False,36,Clouds,-6.12,69,6.69
Hooper Bay,Alaska,AK,False,2,Clouds,-13.95,90,5.9
Hope,Rhode Island,RI,False,44,Clear,-3.15,60,6.17
Iliamna,Alaska,AK,False,2,Clouds,-3.79,63,3.09
Kalskag,Alaska,AK,False,2,Clouds,-13.97,56,2.57
Karluk,Alaska,AK,False,2,Snow,-0.62,93,12.44
Kasigluk,Alaska,AK,False,2,Clouds,-15.0,72,14.4
Kasilof,Alaska,AK,False,2,Clouds,-8.14,78,4.26
Kenai,Alaska,AK,False,2,Clouds,-6.91,57,8.23
King Salmon,Alaska,AK,False,2,Clouds,-3.99,74,4.63
Kipnuk,Alaska,AK,False,2,Snow,-12.67,95,8.4
Kodiak,Alaska,AK,False,2,Rain,3.73,100,7.2
Kotlik,Alaska,AK,False,2,Clouds,-14.23,69,12.05
Kwethluk,Alaska,AK,False,2,Clouds,-13.0,66,7.72
Kwigillingok,Alaska,AK,False,2,Snow,-10.34,92,8.17
Wasilla,Alaska,AK,False,2,Clouds,-8.71,49,8.23
Larsen Bay,Alaska,AK,False,2,Snow,0.68,95,6.13
Levelock,Alaska,AK,False,2,Clouds,-4.86,59,8.87
Lower Kalskag,Alaska,AK,False,2,Clouds,-13.99,56,2.57
Manokotak,Alaska,AK,False,2,Clear,-7.95,67,8.75
Mekoryuk,Alaska,AK,False,2,Clouds,-14.99,93,7.61
Moose Pass,Alaska,AK,False,2,Snow,-1.05,95,2.99
Mountain Village,Alaska,AK,False,2,Clouds,-13.52,61,6.23
Naknek,Alaska,AK,False,2,Clear,-5.78,86,7.2
Napakiak,Alaska,AK,False,2,Clouds,-13.01,72,7.72
Nikiski,Alaska,AK,False,2,Clouds,-5.61,59,8.23
New Stuyahok,Alaska,AK,False,2,Clear,-15.64,72,7.2
Toksook Bay,Alaska,AK,False,2,Clouds,-17.07,90,4.81
Nikolski,Alaska,AK,False,2,Clouds,4.37,89,5.83
Ninilchik,Alaska,AK,False,2,Clouds,-7.62,75,8.68
Nondalton,Alaska,AK,False,2,Clouds,-4.29,86,1.71
Nunapitchuk,Alaska,AK,False,2,Clouds,-15.01,72,14.4
Old Harbor,Alaska,AK,False,2,Rain,3.17,98,4.43
Ouzinkie,Alaska,AK,False,2,Rain,4.08,100,7.2
Palmer,Massachusetts,MA,False,25,Clouds,-9.7,49,8.05
Pedro Bay,Alaska,AK,False,2,Clouds,-3.96,72,1.79
Perryville,Maryland,MD,False,24,Clear,-6.0,70,5.25
Pilot Point,Texas,TX,False,48,Clouds,17.16,91,9.28
Pilot Station,Alaska,AK,False,2,Clear,-14.56,78,9.87
Platinum,Alaska,AK,False,2,Clouds,-2.38,74,10.29
Big Lake,Minnesota,MN,False,27,Clouds,-16.93,57,5.2
Port Alsworth,Alaska,AK,False,2,Clouds,-5.54,77,2.98
Quinhagak,Alaska,AK,False,2,Clouds,-6.0,86,5.14
Red Devil,Alaska,AK,False,2,Clear,-18.11,60,2.06
Russian Mission,Alaska,AK,False,2,Clouds,-14.01,56,6.69
Saint Marys,Pennsylvania,PA,False,42,Clouds,-8.68,85,5.14
Saint Michael,Pennsylvania,PA,False,42,Clouds,-9.69,83,5.14
Saint Paul Island,Alaska,AK,False,2,Clouds,-2.64,86,10.29
Sand Point,Alaska,AK,False,2,Rain,3.93,93,4.63
Scammon Bay,Alaska,AK,False,2,Clouds,-14.18,72,4.12
Seldovia,Alaska,AK,False,2,Snow,-3.99,74,3.09
Seward,Pennsylvania,PA,False,42,Clouds,-9.03,82,5.14
Shageluk,Alaska,AK,False,2,Clouds,-18.2,78,6.25
Nunam Iqua,Alaska,AK,False,2,Clouds,-14.64,74,10.08
Skwentna,Alaska,AK,False,2,Clouds,-12.85,86,1.69
Sleetmute,Alaska,AK,False,2,Clear,-17.99,60,2.06
Soldotna,Alaska,AK,False,2,Clouds,-8.12,68,8.23
South Naknek,Alaska,AK,False,2,Clear,-5.77,86,7.2
Stebbins,Alaska,AK,False,2,Clouds,-12.82,72,10.29
Sterling,Massachusetts,MA,False,25,Clouds,-7.71,63,3.25
Sutton,Massachusetts,MA,False,25,Clouds,-3.75,68,2.24
Takotna,Alaska,AK,False,2,Clear,-20.05,65,2.57
Talkeetna,Alaska,AK,False,2,Clouds,-8.99,45,5.66
Tatitlek,Alaska,AK,False,2,Snow,-2.69,89,6.02
Togiak,Alaska,AK,False,2,Clear,-5.99,79,6.64
Tuluksak,Alaska,AK,False,2,Clouds,-14.42,62,9.98
Tuntutuliak,Alaska,AK,False,2,Clouds,-12.8,85,8.19
Tununak,Alaska,AK,False,2,Clouds,-17.28,94,5.9
Tyonek,Alaska,AK,False,2,Clouds,-7.49,66,5.04
Trapper Creek,Alaska,AK,False,2,Clouds,-9.01,45,5.66
Unalakleet,Alaska,AK,False,2,Clouds,-13.01,52,13.89
Unalaska,Alaska,AK,False,2,Rain,3.88,93,7.2
Valdez,New Mexico,NM,False,35,Clouds,-3.52,59,4.12
Willow,New York,NY,False,36,Clouds,-4.52,68,5.36
Yakutat,Alaska,AK,False,2,Snow,-1.06,51,3.6
Nightmute,Alaska,AK,False,2,Clouds,-15.86,86,7.1
Nikolai,Alaska,AK,False,2,Clear,-20.97,59,4.12
Dutch Harbor,Alaska,AK,False,2,Rain,3.87,93,7.2
Whittier,North Carolina,NC,False,37,Clear,-4.2,62,0.0
Houston,Pennsylvania,PA,False,42,Clouds,-8.61,78,3.6
Fairbanks,Indiana,IN,False,18,Clouds,-3.94,44,1.82
Clear,Alaska,AK,False,2,Clouds,-30.89,68,0.0
North Pole,Alaska,AK,False,2,Clouds,-29.36,69,0.0
Salcha,Alaska,AK,False,2,Clouds,-28.29,88,2.78
Two Rivers,Wisconsin,WI,False,55,Clear,-13.19,57,4.12
Allakaket,Alaska,AK,False,2,Clear,-23.03,88,0.85
Anaktuvuk Pass,Alaska,AK,False,2,Clear,-29.11,69,4.63
Arctic Village,Alaska,AK,False,2,Clear,-27.01,83,6.69
Barrow,Alaska,AK,False,2,Clouds,-22.99,77,4.12
Beaver,Pennsylvania,PA,False,42,Clouds,-8.24,77,0.89
Ester,Alaska,AK,False,2,Clouds,-31.5,49,0.0
Buckland,Massachusetts,MA,False,25,Clouds,-4.43,75,0.45
Cantwell,Alaska,AK,False,2,Clouds,-19.11,87,2.35
Central,South Carolina,SC,False,45,Clear,-1.31,55,2.06
Chicken,Alaska,AK,False,2,Clouds,-27.26,92,0.76
Circle,Montana,MT,False,30,Clouds,-13.64,86,5.94
Prudhoe Bay,Alaska,AK,False,2,Mist,-26.01,76,8.23
Deering,North Dakota,ND,False,38,Clouds,-26.73,99,0.18
Delta Junction,Alaska,AK,False,2,Clouds,-22.81,64,13.38
Eagle,Michigan,MI,False,26,Clear,-9.09,73,3.6
Elim,Alaska,AK,False,2,Clear,-11.66,52,11.83
Fort Yukon,Alaska,AK,False,2,Haze,-31.99,75,3.09
Galena,Maryland,MD,False,24,Clear,-4.84,63,0.89
Gambell,Alaska,AK,False,2,Clear,-12.88,80,14.27
Healy,Kansas,KS,False,20,Snow,-9.58,90,8.77
Anderson,South Carolina,SC,False,45,Clear,-0.26,55,3.09
Hughes,Arkansas,AR,False,5,Clouds,7.79,72,4.48
Huslia,Alaska,AK,False,2,Clear,-13.81,67,9.73
Kaktovik,Alaska,AK,False,2,Clouds,-27.06,99,4.68
Kaltag,Alaska,AK,False,2,Clear,-15.86,60,5.14
Kiana,Alaska,AK,False,2,Clear,-18.9,65,3.6
Kivalina,Alaska,AK,False,2,Clear,-12.0,56,6.17
Kobuk,Alaska,AK,False,2,Clear,-23.92,77,5.14
Kotzebue,Alaska,AK,False,2,Clear,-18.97,65,1.54
Koyuk,Alaska,AK,False,2,Clear,-12.88,56,4.12
Koyukuk,Alaska,AK,False,2,Clear,-17.73,84,4.49
Manley Hot Springs,Alaska,AK,False,2,Clear,-25.39,94,2.76
Lake Minchumina,Alaska,AK,False,2,Clear,-18.96,55,3.09
Minto,North Dakota,ND,False,38,Clear,-23.99,70,4.63
Point Lay,Alaska,AK,False,2,Clouds,-25.12,96,6.66
Nenana,Alaska,AK,False,2,Clouds,-19.0,50,5.14
Noatak,Alaska,AK,False,2,Clear,-17.42,74,6.03
Nome,North Dakota,ND,False,38,Clouds,-23.35,90,3.66
Noorvik,Alaska,AK,False,2,Clear,-16.99,60,0.0
Northway,Alaska,AK,False,2,Clouds,-29.0,63,0.0
Nulato,Alaska,AK,False,2,Clear,-16.34,82,4.45
Point Hope,Alaska,AK,False,2,Clear,-11.01,62,12.35
Rampart,Alaska,AK,False,2,Clouds,-24.51,97,3.54
Ruby,New York,NY,False,36,Clouds,-2.68,61,5.14
Savoonga,Alaska,AK,False,2,Clear,-10.93,73,11.32
Selawik,Alaska,AK,False,2,Clear,-21.01,71,4.12
Shaktoolik,Alaska,AK,False,2,Clear,-14.01,56,10.8
Shishmaref,Alaska,AK,False,2,Clear,-12.01,61,6.69
Shungnak,Alaska,AK,False,2,Clear,-23.97,77,5.14
Stevens Village,Alaska,AK,False,2,Clouds,-26.92,99,2.57
Tanacross,Alaska,AK,False,2,Clouds,-29.6,97,1.96
Tanana,Alaska,AK,False,2,Clear,-21.99,64,2.06
Teller,Alaska,AK,False,2,Clear,-10.46,57,13.89
Tok,Alaska,AK,False,2,Clouds,-29.77,80,1.58
Venetie,Alaska,AK,False,2,Clear,-16.45,75,5.93
Wainwright,Oklahoma,OK,False,40,Clouds,7.32,79,8.23
Wales,Massachusetts,MA,False,25,Clouds,-9.47,66,0.89
Brevig Mission,Alaska,AK,False,2,Clear,-10.44,57,13.89
Ambler,Pennsylvania,PA,False,42,Clouds,-3.59,57,7.2
Chalkyitsik,Alaska,AK,False,2,Clouds,-25.55,90,3.51
Nuiqsut,Alaska,AK,False,2,Haze,-29.0,69,4.12
Atqasuk,Alaska,AK,False,2,Clear,-32.0,83,1.54
Angoon,Alaska,AK,False,2,Snow,-2.64,90,2.9
Auke Bay,Alaska,AK,False,2,Snow,-5.67,87,0.0
Douglas,Massachusetts,MA,False,25,Clouds,-3.36,67,4.02
Elfin Cove,Alaska,AK,False,2,Clouds,-1.28,88,6.99
Gustavus,Alaska,AK,False,2,Snow,-2.5,93,2.77
Haines,Oregon,OR,False,41,Rain,3.06,75,3.6
Hoonah,Alaska,AK,False,2,Snow,-3.1,88,3.33
Kake,Alaska,AK,False,2,Snow,-1.78,80,4.12
Pelican,Louisiana,LA,False,22,Clouds,-2.26,91,2.94
Petersburg,New York,NY,False,36,Clouds,-4.44,75,8.75
Sitka,Kentucky,KY,False,21,Clouds,-3.55,51,0.99
Port Alexander,Alaska,AK,False,2,Snow,1.67,95,9.52
Skagway,Alaska,AK,False,2,Snow,-12.14,44,13.38
Tenakee Springs,Alaska,AK,False,2,Snow,-2.98,95,1.56
Ketchikan,Alaska,AK,False,2,Rain,1.78,94,2.68
Meyers Chuck,Alaska,AK,False,2,Snow,1.02,98,2.28
Coffman Cove,Alaska,AK,False,2,Snow,1.26,98,3.36
Thorne Bay,Alaska,AK,False,2,Snow,0.86,99,1.77
Craig,Missouri,MO,False,29,Snow,-7.79,93,6.82
Hydaburg,Alaska,AK,False,2,Rain,2.08,97,2.67
Hyder,Alaska,AK,False,2,Snow,-1.02,93,2.15
Klawock,Alaska,AK,False,2,Rain,2.92,87,4.12
Metlakatla,Alaska,AK,False,2,Rain,2.3,91,7.15
Point Baker,Alaska,AK,False,2,Snow,-0.21,93,3.96
Ward Cove,Alaska,AK,False,2,Rain,2.18,93,0.0
Wrangell,Alaska,AK,False,2,Clouds,-0.96,69,0.0
Montgomery,Alabama,AL,True,1,Clouds,7.62,46,2.06
Juneau,Alaska,AK,True,2,Snow,-4.0,86,0.0
Phoenix,Arizona,AZ,True,4,Clouds,8.95,33,1.54
Little Rock,Arkansas,AR,True,5,Clouds,10.78,92,3.6
Sacramento,California,CA,True,6,Mist,4.5,96,0.0
Denver,Colorado,CO,True,8,Clouds,-8.08,90,0.45
Hartford,Connecticut,CT,True,9,Clouds,-1.08,55,1.79
Dover,Delaware,DE,True,10,Clear,-2.46,50,5.66
Tallahassee,Florida,FL,True,12,Clouds,11.51,54,0.89
Atlanta,Georgia,GA,True,13,Clouds,4.88,49,1.98
Honolulu,Hawaii,HI,True,15,Clouds,21.79,85,3.23
Boise,Idaho,ID,True,16,Rain,2.99,94,3.09
Springfield,Illinois,IL,True,17,Fog,-6.88,88,5.14
Indianapolis,Indiana,IN,True,18,Snow,-5.78,71,2.57
Des Moines,Iowa,IA,True,19,Clouds,-10.57,63,6.69
Topeka,Kansas,KS,True,20,Snow,-7.23,92,8.23
Frankfort,Kentucky,KY,True,21,Snow,-3.82,87,1.79
Baton Rouge,Louisiana,LA,True,22,Clouds,19.19,89,0.45
Augusta,Maine,ME,True,23,Clouds,-6.97,54,2.68
Annapolis,Maryland,MD,True,24,Clear,-2.9,50,5.14
Boston,Massachusetts,MA,True,25,Clouds,-0.41,56,5.66
Lansing,Michigan,MI,True,26,Clouds,-8.72,78,3.6
St. Paul,Minnesota,MN,True,27,Clear,-16.57,53,4.63
Jackson,Mississippi,MS,True,28,Clouds,14.71,86,4.63
Jefferson City,Missouri,MO,True,29,Snow,-3.07,80,7.2
Helena,Montana,MT,True,30,Clouds,-10.0,95,0.45
Lincoln,Nebraska,NE,True,31,Snow,-10.16,72,2.24
Carson City,Nevada,NV,True,32,Clouds,-0.15,85,2.68
Concord,New Hampshire,NH,True,33,Clouds,-5.11,78,0.89
Trenton,New Jersey,NJ,True,34,Clear,-2.29,55,3.13
Santa Fe,New Mexico,NM,True,35,Clear,-3.38,59,5.14
Albany,New York,NY,True,36,Clouds,-2.03,67,1.34
Raleigh,North Carolina,NC,True,37,Clouds,2.05,40,0.89
Bismarck,North Dakota,ND,True,38,Clear,-22.78,69,1.54
Columbus,Ohio,OH,True,39,Clouds,-6.5,75,3.09
Oklahoma City,Oklahoma,OK,True,40,Clouds,-4.4,83,13.89
Salem,Oregon,OR,True,41,Clouds,9.2,80,1.34
Harrisburg,Pennsylvania,PA,True,42,Clear,-4.41,59,5.66
Providence,Rhode Island,RI,True,44,Clouds,-0.62,53,7.2
Columbia,South Carolina,SC,True,45,Clouds,2.17,57,0.0
Pierre,South Dakota,SD,True,46,Clouds,-15.72,79,2.12
Nashville,Tennessee,TN,True,47,Snow,1.01,89,4.92
Austin,Texas,TX,True,48,Clouds,19.53,85,3.09
Salt Lake City,Utah,UT,True,49,Clouds,-0.58,82,2.57
Montpelier,Vermont,VT,True,50,Snow,-9.77,80,6.17
Richmond,Virginia,VA,True,51,Clouds,0.28,43,5.66
Olympia,Washington,WA,True,53,Clouds,8.85,97,2.57
Charleston,West Virginia,WV,True,54,Clouds,-3.94,73,0.45
Madison,Wisconsin,WI,True,55,Clear,-13.05,54,3.6
Cheyenne,Wyoming,WY,True,56,Snow,-10.41,92,1.54
Washington,District of Columbia,DC,True,11,Clear,-2.47,50,4.12
